uniprot_id,seed_42,seed_123,seed_456,seed_789,seed_1011,mean_pred
9278,62.13876540514589,63.889777928193205,62.39552847770072,61.832813417756995,59.64389001075478,61.980155047910316
21397,54.230386985076834,53.97462835692863,53.377414390132316,54.137858353047314,54.30313034371912,54.00468368578083
2320,63.75074118303695,63.86587630408454,62.89488995469068,61.36219339535269,62.891729948514836,62.95308615713593
8404,60.85036949609632,61.25277890267648,59.44010094266372,59.796362406923436,60.9103535270967,60.44999305509134
19255,71.51736939861385,71.4421180503453,70.91967671901608,71.77946729943106,70.84832069075478,71.30139043163221
12298,71.4114336703189,71.25400838251177,71.1578414602395,70.52085106039934,71.23226058381226,71.11527903145635
1793,59.1734302250998,58.583687972473626,58.66945417125984,58.575517873086355,58.32442720536625,58.66530348945717
25308,60.95512931660359,61.09482319706089,61.60619581386747,60.31713784571062,62.595455240636014,61.31374828277571
25620,53.97965939586694,54.120348132195204,54.606030123364214,54.23970676421183,53.60245271872266,54.10963942687217
28429,53.76699944823797,53.30582867957229,53.66664278673936,53.51326207179647,53.40132366248074,53.53081132976537
1418,54.18152114503654,54.1715388180222,53.94096877591868,54.44750027734045,53.77750782464711,54.103807368192996
9118,71.16261384953813,70.93044242020808,71.58679787343328,70.58484239854255,70.09484187965992,70.87190768427641
15366,71.7784429264614,71.34478504342599,71.46349899333666,70.64027093401927,70.44443679226418,71.1342869379015
19930,67.38637143563344,67.36747983226921,66.9238973828831,66.28392591912299,67.8360061101402,67.15953613600979
23,58.018645468791014,59.44419276271161,60.23881264055135,57.76714499698369,60.42527332846797,59.17881383950113
1754,54.526507455696965,55.65269509844016,55.525993795180355,54.962244656221245,55.167876860428876,55.167063573193516
797,62.01272301614598,62.50626742818264,61.99034136764024,62.64913126120251,62.391096651599625,62.30991194495421
25217,54.598154917304385,54.67893734217763,54.144530787860305,54.56309642855722,55.21576597430315,54.64009709004055
6536,53.50219933996486,53.338546537672315,53.67523310256256,53.81362789218014,53.40829069162322,53.547579512800624
539,53.86390434862456,54.5328123255826,53.66990354553468,54.45186911383357,54.77008275800249,54.25771441831557
28879,52.94414428569446,52.82641907819233,53.01208216470068,52.77140801165933,52.74668623753101,52.86014795555557
19395,54.75303002630021,54.298158298088794,53.51049820627855,54.88490914974912,54.69470192540658,54.42825952116465
4673,69.94925583781257,70.16031140671322,70.51850380910155,69.0591362310588,70.58459950266132,70.0543613574695
14552,58.946021244547595,60.08849358736834,58.89463141712546,57.548622205044126,58.779572085375605,58.85146810789222
294,57.58539717312401,58.075979854884885,57.819674220992496,58.19857112631037,57.20771909501586,57.77746829406552
23219,53.506020750667666,53.42519340152688,53.249670692707824,53.44129870695753,53.81046391287775,53.48652949294753
22602,54.01844597067203,54.1980870707107,53.94407096699851,53.92629779344037,53.60798751512607,53.93897786338954
9450,53.44330277914467,53.444408523029686,53.973740987692466,53.6669390855637,53.546677000640045,53.61501367521411
21807,59.39626755462865,59.329756377208156,58.756257562325786,59.41867038746405,60.740062242121816,59.52820282474969
30632,54.58395771124664,54.46729787427494,55.11528622309915,54.905374774961885,53.63365022325115,54.541113361366754
7476,67.866271159561,67.43401444254876,66.85041564644848,67.50463395279995,67.60708764075062,67.45248456842175
7,58.685432894378806,58.38772622764328,59.89022869053487,58.69011751652475,60.385563258872196,59.20781371759078
29127,62.91732906582884,61.865669463442714,61.63857471535737,62.48833745528586,59.49624681736612,61.68123150345618
7596,71.7792198251608,71.63423698814681,71.9078460011118,71.86230298658876,72.3993346873778,71.91658809767719
12922,69.77971677238503,68.461821205078,69.84294398652577,68.8121768991076,69.11674741207001,69.20268125503328
23944,70.73954306180434,69.66955036874836,69.13523681665255,70.0021225621505,68.04390053413374,69.5180706686979
5844,60.8148013714997,59.58177759882055,60.143744205458646,59.65168347439937,59.76882935500363,59.992167201036374
13171,66.27587568087691,66.395771761021,65.64172120142103,65.42199613161179,66.70588749800879,66.08825045458791
22000,71.42402565525099,70.11205698945636,70.35624431179701,71.24493696153583,69.556244849785,70.53870175356504
11902,56.10830496131737,57.01528294715377,57.83414657292457,56.964393408913935,56.555847196874744,56.89559501743688
21007,60.54511762123113,59.330576545778214,59.565651215435196,61.151733150198666,61.45453689647223,60.40952308582308
11287,66.93717156855979,64.6837412767411,67.49565801921904,65.79029338950693,66.79532200291601,66.34043725138858
751,55.03902831354505,55.696986203359515,55.57544456355609,55.665382663152435,54.86934164206402,55.36923667713542
5042,71.60597925361458,70.97181133881242,71.71138730523236,71.06805189387366,70.93492212592304,71.25843038349122
8929,71.20903178733903,70.62684800748212,70.9574733829877,70.95004856466073,70.65994384714523,70.88066911792296
27326,64.26154871360298,61.29179751648196,61.435827685959296,62.537910994438874,62.84592451292936,62.4746018846825
17467,58.15279867130752,56.99499155426513,57.25766500881285,57.77198481567298,59.15445771456921,57.86637955292554
20803,55.30011468604995,56.0012770063326,55.943826907744025,55.68095754841167,55.97018683664595,55.77927259703684
12924,70.57489517005976,70.73024740905785,70.39077213614917,70.58300517249218,70.20678221736128,70.49714042102406
17434,69.82987459944184,70.13020472084006,70.39640821620848,69.93068556948369,69.61988458557241,69.98141153830929
27473,76.93459441669802,75.72118949154107,77.00582210213261,76.21948321945965,77.90420718722402,76.75705928341107
2017,52.92267719316117,52.74221448055693,52.758477597020885,52.974208835690206,52.78094180289216,52.83570398186428
17480,58.2112171894527,57.55696827180753,56.79742804402522,57.2826198519156,55.97078760324209,57.16380419208863
11561,53.234300896241656,53.076653022958034,53.65156521909171,53.600593141421555,53.20787660880934,53.35419777770445
15985,71.33483652109875,71.08943485974999,71.45348091705547,71.51969976215248,72.22198091492777,71.52388659499688
12439,61.35877222663692,60.54433286821632,60.89481731587238,60.14542266063586,59.45376886295287,60.47942278686287
29266,70.2707642728538,69.57276574144217,70.42650002539548,69.37529764006513,69.09556854883328,69.74817924571798
12767,65.24464485130514,65.12600974777672,64.73237859003007,65.13192373999405,65.07139629391042,65.06127064460328
1977,54.51819365994942,54.91985276341528,54.68479218133792,54.49506365759437,53.82439995904859,54.488460444269116
24070,58.23594026813682,58.25933654759485,57.67409663434296,57.6622676811912,57.30457629913781,57.827243486080725
22519,55.31358441339896,56.1351566297602,55.22572483785831,55.3645291522931,55.29579410474521,55.466957827611154
21286,56.77315205049946,56.81084826229322,57.2355477196124,57.039411489357406,56.12058524952572,56.79590895425764
23042,58.22430540411058,57.18310175062652,59.80270457345772,58.83255481162517,57.68752070424317,58.34603744881264
25348,54.612682555431576,54.63214930446938,54.73401380910137,54.41342666062467,54.29504822557871,54.53746411104114
8636,64.13944058205655,63.99184923176388,64.21215523448531,64.04032744308324,63.31376045441746,63.93950658916128
20334,61.68726838927381,61.17962138194996,61.4426046603114,60.408191298307045,62.53612851309828,61.4507628485881
43,55.72140799360875,54.890845252138256,55.23169230247028,55.50811271584824,55.622974716114925,55.39500659603609
935,53.63863389134872,53.608829054289714,53.451298377610144,53.84074166278636,54.02971261351233,53.71384311990945
11638,66.12272903927912,65.69793268743115,65.59034903062478,64.87791494555586,66.26332467721173,65.71045007602054
9038,68.86744769170554,67.87488166354422,68.49599849858926,69.27404635382298,67.45949076490467,68.39437299451333
25182,52.413802235499254,52.30835791072611,52.43388910551669,52.50824008453125,52.07412044718663,52.347681956691986
29138,60.37056037180702,60.473158770557184,59.14131908940349,60.459437916443605,61.535651484432684,60.39602552652879
30000,55.40236198672679,55.892692080616364,55.87147795674976,55.06551894323019,56.22978387856308,55.692366969177236
2454,69.26406658362521,69.37289465289528,70.62875506619054,70.22689033338254,70.83261863024369,70.06504505326745
9810,53.427297125713956,53.18061910869067,53.30640407189201,53.488226143468026,52.5521236226272,53.19093401447837
17697,59.59967241783664,59.16073797550159,59.65944856748338,59.28135194304332,57.42579170558004,59.02540052188899
19906,71.54291764164763,71.27462534180748,72.34064242265381,70.79781609120343,69.4857960139316,71.08835950224879
22619,54.220836031691675,54.303473092796565,54.40130735535229,54.1884499864741,54.87167537739644,54.397148368742215
12873,67.93161984097256,66.43651031917469,67.9041390212181,66.9898666530198,69.21778520186476,67.69598420724999
28397,56.46283142332064,56.20509671185159,56.83002105694308,55.41971084425191,53.80910158827686,55.74535232492881
12394,60.37890199959982,59.72241514695517,58.83364835793544,59.90868826887514,58.5778589802454,59.484302550722205
28961,56.22598721508413,55.248536535625384,56.04143152653651,55.25404675429672,54.74022606688011,55.50204561968458
16004,71.93527545294111,71.77431723057228,72.56067205646505,71.63827657511175,72.43120941669179,72.0679501463564
9229,68.65581801468242,68.2078207556487,70.7446421467015,69.11898673219291,68.3203376924518,69.00952106833547
20905,68.75134152016956,68.48561621469159,68.61510839959777,69.06859337852174,68.48332906280731,68.68079771515761
20207,55.106492380874386,55.109177723575655,55.74088621212193,54.959977687513856,55.0834729785511,55.200001396527384
25296,57.2875964349759,57.54237566737074,56.981518385041575,57.20003014679902,56.427311979667344,57.08776652277093
31105,54.62744146093989,55.330012468703075,55.14510136644115,55.25381328588584,55.01963628965238,55.07520097432447
12494,70.69492804084578,70.60711106656244,70.45961694590662,69.90827599676106,69.68894547799785,70.27177550561474
29837,54.88302699724086,55.19938477061038,54.83215078324758,54.635254416984985,55.13290150220071,54.9365436940569
28394,70.1182798868133,70.38056811462104,69.19012623842535,70.06609051272562,70.04141577683171,69.95929610588341
7450,55.829135636860656,55.43031638031139,55.85779724197034,55.40589795214214,54.951947078716984,55.4950188580003
13188,61.868314233991356,61.90093291102272,62.29922126239521,63.022811319602994,64.1797717540837,62.6542102962192
9384,70.61322320334199,69.21077377550253,70.16687157985211,69.29486871959719,69.37521899883996,69.73219125542676
26612,53.48094355603661,53.545185830646275,53.57563494498918,53.43070845069221,53.43843555138288,53.494181666749434
11893,70.05759758835984,70.34611321070876,70.06644792538422,69.7500998758499,70.62488218483989,70.16902815702854
23837,64.06993640165413,63.75661199938377,62.89514277015023,62.682466355371346,64.12950311754895,63.50673212882168
557,64.86548833384835,65.08012816719133,64.35515761913838,64.34736403863019,66.05891957697303,64.94141154715626
24608,70.55693716872429,70.54881039768756,70.32584173710376,70.05792829493093,69.56339887021466,70.21058329373224
25144,56.11516768302626,56.28840821423452,56.22246710480373,56.34167788020995,55.164742268273926,56.02649263010967
28146,71.4119356244723,71.69153874393315,71.47127763571363,70.99545376486921,71.54059101411735,71.42215935662114
21470,70.22381422394126,69.99553650098049,69.99323784232885,69.78000547249124,70.20677839361153,70.03987448667067
24648,54.21790299807381,53.64891472650079,54.45507736928114,54.60565034721749,54.537994029283055,54.29310789407125
5479,61.29616901696808,60.45487849032742,60.64176380927697,60.748354042770785,60.10161554734892,60.648556181338435
2360,64.51073863555625,64.83845186182499,63.744266794257186,64.84995660770056,64.53752379763519,64.49618753939484
9549,67.52397785361374,68.5590460466659,67.31099893071149,67.74555233258288,70.42686210396023,68.31328745350685
30180,55.41427895636566,54.77225768035491,54.73858934025237,55.090225319826246,55.390217857189796,55.08111383079779
10312,70.86319245953864,70.76237332044025,70.03696774365557,70.65096156819513,70.37287254593274,70.53727352755247
14406,54.21394598400295,54.119504830411245,54.35568178325431,54.39424019089974,54.03058226075476,54.2227910098646
21171,56.31381042164763,56.44033250853971,55.24450895233678,56.137955879400515,54.42958147211708,55.71323784680834
10436,67.06743813002097,67.37216644470494,69.47260904896757,67.44879644757545,69.26608082910906,68.1254181800756
27660,53.176538012111855,53.413468188746805,53.2653764930251,52.86245534562133,53.31798853002583,53.20716531390618
12489,57.323218610799884,56.844907247695005,57.01072904849707,57.06526813315171,56.537004126763556,56.95622543338144
9264,72.37578366805498,71.29685316399966,72.26580831988451,71.55499084751496,71.07451660964742,71.71359052182031
14334,56.11458811998786,55.73497554483379,56.14034399532059,55.902008381176095,56.00759215903561,55.97990164007079
14809,68.02435773505243,67.82300755719183,67.00602123208425,67.2781696978309,66.9847839764044,67.42326803971277
21265,52.70642081649741,53.780792025091515,53.87763948026005,52.530514205011606,54.8576798143621,53.550609268244536
10292,70.54595956059217,70.08702484337911,69.95377592135335,69.61353097586573,69.92956768797293,70.02597179783265
17694,57.65461742393986,58.37035762386334,59.44007392768053,57.66982689768829,58.861038744241625,58.399182923482726
15489,69.18777320872749,69.0179695795556,68.47724494317109,69.07978661813053,68.82930107458209,68.91841508483336
28523,55.763835654719145,56.59944699986714,57.46663019344422,56.22664399587693,57.73513658139032,56.75833868505956
16463,64.22380677090266,64.52173218627462,63.06730320498573,62.262597101084054,64.42934348785568,63.70095655022055
7555,70.75928217518711,71.32516735335571,70.92271163206317,70.42297153968138,71.20702143483075,70.92743082702361
12462,69.29800118802508,69.04367284040134,67.13070106162455,69.07262248370168,67.42745283420777,68.39449008159208
10846,53.79311312851172,53.06677893601514,53.12280297354215,53.809378414157315,53.6804122958161,53.49449714960849
22075,61.95948736573048,62.670029317279436,62.366183093749996,63.30430024184503,61.39753968734421,62.33950794118984
21911,73.15099265390867,72.68823174558558,72.68441917143303,73.19564192534946,72.36629894085351,72.81711688742605
5787,53.36647617534183,53.19926444016549,53.4413487084138,53.41116976917602,53.105942388368824,53.30484029629319
31304,69.10311863292178,68.64502684943984,68.07912919000023,67.68261192025926,66.35974260147779,67.97392583881978
7873,61.15210938305819,61.41194403555896,60.42195483219811,60.528234898328115,61.560587643597756,61.014966158548226
18122,58.45843549775973,59.790112518752316,60.733528152382206,58.01389732135539,60.25136236772532,59.449467171594996
7801,53.35921034582444,53.585850654851484,53.47867144315909,53.23601099371541,53.32911827595129,53.39777234270034
5276,54.654393526569194,55.1283660463889,55.514836470562194,55.29837784773552,54.26330730721466,54.971856239694105
6895,55.89465641057563,55.489595895834505,56.04155059548304,56.01956747356458,54.59293555850052,55.60766118679165
15471,58.99890962753568,57.98304853212562,58.602895027649495,57.346876031148525,60.024335642605294,58.591212972212915
9284,54.498790327974774,53.83090214505076,54.86817677293979,54.607407537150095,54.26155702380474,54.41336676138403
29251,72.03257009479351,72.52654697184218,72.38861058903223,72.0734707610622,72.01434240119751,72.20710816358552
12616,58.33663771654904,57.736602271441534,59.26949729625541,59.21040560812216,57.42010163584972,58.394648905643564
28675,69.36873237589327,68.42417361782543,70.14166291392104,68.63608137109486,68.46251668889575,69.00663339352607
11760,73.00883540245866,72.12580924142162,74.23079183607575,72.2943492776927,71.89468456322732,72.7108940641752
2476,54.411041141477426,55.75897830961175,56.1153146184207,54.674010320871425,54.87580821540422,55.16703052115711
25703,57.82672095717201,58.67138263516671,59.557291251740075,58.48626415865863,58.12158702539533,58.53264920562655
571,62.34077362882939,61.98655311316095,62.433583114245465,62.12942550857119,62.748198015620716,62.32770667608554
29647,72.98105231319515,73.39204225964207,74.08225713571372,72.13151317897912,73.83296117582249,73.28396521267051
13227,71.62895379733831,71.81917946546753,71.47218015790747,71.96900362409926,71.42007110002288,71.66187762896709
7146,56.30933806680297,56.211707734987975,56.39448001238843,56.36852772551637,55.60625737581218,56.17806218310159
6693,52.355143358514404,52.68929364204492,52.5912961677427,52.422282523619124,52.151857527895686,52.44197464396336
20658,53.75173206161265,54.02752294569726,54.03508711317931,53.389901506154274,53.663760481602026,53.7736008216491
25808,57.557893737968755,57.572764037412625,58.00070433721755,58.28939068527046,58.3408297457714,57.95231650872815
10044,61.768162729401304,62.05571071698813,62.16703463893854,61.11127578648761,60.0298786060811,61.42641249557933
51,55.81296475982778,55.803571444764984,56.51953754736872,56.338102097748916,55.82609690658492,56.06005455125906
13877,61.713601732649785,61.39539522126624,60.76573017238536,61.69275759185536,61.6715660103349,61.44781014569833
15350,54.881598770163166,54.46211249502382,54.58606801298298,54.781216173113464,54.779251046830396,54.69804929962277
20336,53.267451461708376,53.743160605153584,53.19526439130945,53.26954663495653,53.18918009151933,53.33292063692945
11452,67.71844267373461,67.79988047874545,67.67563802030975,68.26368536059977,67.9989845063064,67.8913262079392
27451,70.07593914792353,69.97938198073672,70.12480621680386,70.34788092348552,69.96946568001155,70.09949478979225
14076,70.06515464387269,69.73161726585579,69.11745516981912,69.24017728524102,68.93115475023504,69.41711182300473
157,57.49013703734164,57.31942030067919,57.72137875483429,56.85034744675818,57.11547758496948,57.29935222491656
9380,71.11204668082769,71.33077855886145,71.02888817964458,71.06183661942515,71.65174741541998,71.23705949083578
13176,71.16683410477671,70.88927608721295,71.41070314646177,71.21533789264335,71.71820486439768,71.2800712190985
9766,57.7494313093875,58.17142864182446,58.511262075791755,57.12737584475869,58.46977840888677,58.005855256129834
4872,70.80126522203648,70.87853124138127,70.12640371053546,70.43516674887519,67.83694751253577,70.01566288707284
8932,70.54060851256949,71.22661640127828,71.24554400309651,70.20565257142945,69.72037659124173,70.58775961592309
29466,71.79377610650863,72.01902540399243,72.37348927115643,70.87505366522467,73.24963565077982,72.0621960195324
21823,70.39551392724188,70.9763457097173,70.55765024187738,70.64941929311411,69.94422685727804,70.50463120584575
20897,71.1655431278956,70.99248251460291,72.07391617333062,71.38622769020796,71.86440664210073,71.49651522962756
21599,69.66502059956265,68.37594456620394,68.46056293108842,68.80159749325036,68.85336206257062,68.8312975305352
7773,71.11468007648863,71.19761444663753,71.93235318820908,70.96838354505465,69.85277710197919,71.01316167167381
14125,71.1341350302142,70.75860948865673,70.94355103259565,69.96472791104753,71.11941723364455,70.78408813923173
21505,70.46960585266521,69.82799777762855,69.59292403687911,69.8894305431242,68.90306299513949,69.73660424108732
5564,56.190207616214806,55.92805521393339,56.14800603618649,56.49207222496844,56.633390479303145,56.27834631412126
11472,53.52394102918652,53.244956322644704,52.825347042745285,53.03345635816291,52.89345351802941,53.10423085415376
28966,70.66202797955505,71.09065873468788,70.2381587419116,71.08687995697518,69.46764893843516,70.50907487031297
29275,69.6982889002477,70.37475120549544,70.02324007914493,69.91610100420854,69.23484000338885,69.84944423849709
14363,57.45661274882187,56.50035219998851,57.43924261117779,57.12624512045141,54.57531499603783,56.61955353529548
23771,59.92506846870505,60.765142148817986,59.52312885089444,60.75972921574734,60.1355611522656,60.221725967286076
18064,70.6855272707819,70.25215547197423,70.15730667975164,71.21040131233761,69.89733829538113,70.4405458060453
12074,71.17896223862344,70.81551593482806,70.84241762763091,70.68362298944625,70.51554931706036,70.8072136215178
28225,70.38792489429659,70.25844772910838,70.29857730367561,70.47803588365201,72.11796788366567,70.70819073887965
4440,68.9272370788604,70.55151411412805,71.20239752091074,69.29921875882425,71.14409107174473,70.22489170889362
1698,54.22108886986041,53.87225946723463,54.51631566836059,53.891843074005564,55.28455066327035,54.35721154854631
14884,64.01312287581483,63.99159007112396,63.84902602906793,64.10610169948038,63.92004993556159,63.97597812220973
22035,72.78068617999075,72.62924390606514,72.832460597738,71.83527577765307,71.8391907028686,72.38337143286313
7541,70.24632579492581,69.69849112147878,70.74718180996939,70.25845620670452,70.64009863458182,70.31811071353206
4260,53.569923260923076,53.7016482125491,53.268472532778574,52.967205485630906,53.573194270181354,53.4160887524126
26,57.625339039683276,58.27489809747263,58.14087184915229,57.67160981590311,57.42937248108437,57.828418256659134
15671,71.70924291469987,71.0367319722103,71.60605162402658,71.67008196948015,70.68483877651964,71.34138945138731
20883,69.39745035681972,69.62162998658684,70.01734836546257,69.42376455505482,69.87873831160732,69.66778631510626
192,57.90565080028186,58.812301197375405,57.605595314116925,57.73257953798064,57.41086026049064,57.89339742204909
1261,52.69892388248496,52.68326654939017,52.39271028390459,52.65865706327188,52.43528169992092,52.573767895794504
19337,70.70755533026355,70.42116454630809,69.47527660765357,69.882487111643,69.43924028585656,69.98514477634495
234,70.12227966763703,69.90936108581184,70.84884962434946,70.22788768042298,69.83508250323672,70.1886921122916
26412,66.94705645129467,67.10902159893288,66.02138145106983,66.7170678094466,65.8992875231075,66.53876296677029
23690,55.25156807995417,55.30034836455714,54.01928873148779,53.984971901067375,53.78289830406568,54.46781507622643
20273,73.00272155316247,71.21978124277948,72.08530388503577,73.00293572347839,73.96363867757262,72.65487621640575
713,55.00545088019176,55.361254702736716,55.37063987348439,54.583781508092486,55.34925593365203,55.13407657963148
7691,71.43835876165154,71.55155515644614,71.77407749796245,71.70050896698163,71.15316048504468,71.52353217361728
7458,70.40045577983501,70.24758267350973,70.69979050081696,69.76669771950091,70.49140448552922,70.32118623183835
24664,60.2248571180129,60.46443202298879,61.71240519569797,59.34088787005604,57.955428227887,59.93960208692854
25345,68.04724094193492,67.43146186762462,67.09658811823707,68.53958974568376,67.82509880629942,67.78799589595596
28656,70.35745441929865,70.48011346102405,69.71650863688598,69.86220507186675,69.6137803903331,70.0060123958817
313,56.88921681488203,56.15378928920446,57.239157728651335,57.27355172820177,57.222557956308485,56.95565470344961
11984,57.81708411951632,56.70106090243169,56.622351019471985,56.116083542183425,56.6528948336493,56.78189488345053
10193,66.38381504459215,66.12500199808346,64.42983471816825,64.93162929859434,66.27013700825191,65.62808361353802
30373,69.66410885041635,71.32988491305707,68.99588008786768,69.82400425721922,70.66109933209961,70.09499548813199
8128,61.479259527853785,60.90426346570216,60.641073767478886,59.93345819716029,59.02846138445247,60.39730326852953
4268,66.61045317919212,66.82779510641512,68.31966043476194,66.6530770574793,65.10211668811078,66.70262049319186
0,85.67169210393229,84.51454376934929,84.12975118532134,84.84133400350373,84.11903383064808,84.65527097855094
193,71.84838967878878,71.7589851282417,71.7965633740873,71.16658149237341,72.8230241652208,71.87870876774238
412,67.41409153701423,67.56561557121668,67.52523020910832,67.11942523145981,68.1090480034261,67.54668211044502
681,59.47010042589787,60.20902660774233,59.46409828194213,59.59950176438065,57.755614806265626,59.29966837724572
815,58.95096968516737,58.83879234352523,58.655134083260336,58.156297045359196,59.20958501469238,58.76215563440089
1334,71.87450917913466,72.0459148538821,72.26746855190432,71.7982316489818,72.55391937064951,72.10800872091048
1342,65.93291158782127,65.68063521322534,64.28293291825396,64.97556257043664,65.92291852754482,65.3589921634564
1568,85.35765558206356,85.44135429888371,85.14841969923646,85.6203485639062,85.67334698483754,85.44822502578549
1720,70.74268110582784,70.61681186795155,70.3678267569505,70.49677689336022,70.62222888931956,70.56926510268194
1727,70.12540578144143,69.94377539843975,70.9363760679469,70.73192495806634,70.73428334519375,70.49435311021765
2185,68.68308324175933,68.19080732017767,68.86800185621354,68.35409100640821,65.95696723952723,68.0105901328172
2212,63.57720832924079,64.18780653194062,64.9268720573469,63.17879293392677,62.219708590736204,63.618077688638266
2266,64.40439294213913,62.27631642101693,63.582479848612024,62.54309323522292,63.35682245418889,63.23262098023597
2268,64.13610770264201,65.89480392736448,64.94677503221735,65.09314726388664,66.93500333775245,65.40116745277258
2635,66.1082115608006,66.61006951453186,68.50827649221354,67.3910479549159,66.92529845220015,67.10858079493241
4022,52.830473587057746,52.56351918855444,52.65493516514266,52.91989196911625,52.85039190164497,52.763842362303215
4135,71.81348685545501,71.9986885691146,71.54602382309821,72.53848935909558,70.8280388591091,71.7449454931745
4668,56.98836402877604,58.54310111726071,56.865615629342784,57.32009968404916,57.85155692467115,57.51374747681997
4730,86.95774652797787,85.93383745938647,85.84067313208801,86.29098004702914,87.06032336039841,86.41671210537598
5375,61.56968677043448,61.863127790985246,61.55470662506305,60.527433097995754,62.39652132225349,61.5822951213464
5504,59.285112869486774,59.50258498698835,61.99384653964015,59.97150033458905,61.148806631536125,60.38037027244809
5557,70.27792784978327,70.41107284459338,68.93439348613984,69.99593902670097,68.67739436392893,69.65934551422927
5995,63.739260464569725,63.651388480837994,63.57375532520677,63.06698117989228,61.40468301842868,63.08721369378709
6215,54.71983676327142,55.34548484235954,55.50846548714224,55.92168841466703,54.90448651901371,55.279992405290784
6512,72.70065789482024,72.59135956847757,73.34057253712561,72.71107327360619,72.74004937415637,72.8167425296372
7279,70.83962130597271,69.62801510274369,71.10953984164945,70.54576733838152,70.65451631359312,70.5554919804681
7454,70.57744480163504,70.54690340533176,69.96126167702926,69.87829942431506,70.26966179052079,70.24671421976639
7698,69.61360585052714,69.50602494192606,69.4990090014766,69.60774641046399,70.04483281610618,69.65424380409999
7700,74.20767708922779,74.6146058859168,75.03181554126374,75.08580813562,72.24794509842916,74.23757035009149
7753,57.78517300231302,59.31106509123105,60.237161522064234,58.47160531812209,58.273492215698155,58.81569942988572
7779,66.91476544481327,66.72543110786586,66.45361179947076,67.8056483206273,66.84138433340067,66.94816820123557
7792,73.46276881519367,72.65226815748825,73.49062053754903,72.71999259838182,74.02314233434882,73.26975848859232
7816,57.73078468685627,58.29821658693149,58.49173739823323,57.02972637037795,58.33884104673382,57.97786121782654
7918,64.52276483045677,64.17934729503602,64.72148748231496,65.4632214925592,64.59628303436818,64.69662082694703
7920,70.31066204172248,70.15490343630054,69.23619338271331,70.54462360717051,68.97163002577597,69.84360249873657
8168,63.68166329108541,64.0910216065803,64.11085470760953,62.14952332275554,63.76261115530784,63.559134816667736
8292,71.03170818272469,70.90395538718387,70.3192037946902,70.2688649521609,71.13448126545339,70.73164271644262
8299,71.23559444482638,71.30462729658936,70.87682412354904,70.8070728027666,71.14292821776618,71.07340937709951
8305,70.36358750697732,70.81305174670047,70.16208142449497,70.17363850935618,69.15893651115016,70.13425913973582
8426,71.0576342808055,71.14917811913446,70.82801416004762,71.1323671592726,71.091810305606,71.05180080497323
8446,71.72970721137398,72.10640586566589,72.14512977531281,71.69269381392516,71.75758200730537,71.88630373471665
8447,84.1897685997483,81.42503726155819,80.07403279261048,82.28155764897863,80.60790848976933,81.71566095853298
8448,71.486853899164,71.35445769347629,70.98590476398505,71.44583395724078,70.80846033098067,71.21630212896936
8523,70.09561389636974,70.48261458071482,69.18851118070381,69.31399530250849,68.82225207063928,69.58059740618724
8883,69.77416422722212,69.71561123135021,69.7157045059486,69.07964894709991,69.22796488498939,69.50261875932205
9071,82.24106268498346,82.5705506832776,82.26367654980504,82.44069339102523,82.80678413504685,82.46455348882765
9084,71.69747864513374,72.1042129363515,71.36751677463295,71.52459383185032,71.69871587646233,71.67850361288617
9097,71.90570480111305,72.14456391082545,72.22317353200408,71.58448262003274,71.18216037513993,71.80801704782304
9116,70.33249581119574,70.20017214875017,69.92520121853342,69.69039646235146,69.15416193828176,69.8604855158225
9243,68.68809088081355,67.7414143676693,69.32614699260833,67.42835119173306,67.71378500051902,68.17955768666864
9270,69.40053532325027,69.59271860317213,69.99489732890976,70.12593149044491,70.80947407304683,69.98471136376477
9441,72.17995163054438,71.90271865832054,71.80542067868672,71.56283682169675,73.1547371495603,72.12113298776174
9536,66.09701371216293,65.75537945913072,65.59292130249642,66.29923017777585,63.73275359039306,65.4954596483918
9642,68.96282213889799,69.19977360626899,68.70878853161203,70.19200100828766,69.01976338455987,69.21662973392532
9756,70.51225889654249,69.35500149873062,68.93903198834218,69.58578925036088,67.8705925166699,69.2525348301292
9774,72.4709925900498,72.49723703587344,72.85634914403417,71.52601405865909,72.30981743121315,72.33208205196594
9775,70.73972896016977,71.30316959984708,70.80088689806675,70.07008093388154,70.9810411148809,70.7789815013692
9781,65.98854338006706,64.24380289599635,63.234400397625336,65.19766771902047,65.51481157965273,64.83584519447238
10094,71.68519340848195,71.4519381822654,71.68348238171471,71.4633124687065,71.36700848049328,71.53018698433236
10339,68.3848137476975,68.3563711318323,66.34194775931859,67.10623956032362,67.75526341898788,67.58892712363198
10443,72.18180083284669,71.55592220770491,71.94646113087407,71.80744105096514,71.39537985417016,71.7774010153122
10502,58.056798654389446,57.54990439705554,60.450455117234696,57.04787673210715,59.614376153923786,58.543882210942115
10631,70.84911887232764,70.27600429536962,70.15649574158873,70.14033403030189,70.00467619877239,70.28532582767204
10824,72.85296598559225,73.40024840826419,74.61654770222654,72.62993028134863,73.15990666305115,73.33191980809656
10848,71.3758479139085,70.52395610687194,71.16571057124162,70.52418372253825,70.42694655695774,70.80332897430362
11228,84.37858175493938,82.87224505964986,82.52038916320654,83.326759304965,83.44780446540965,83.30915594963409
11244,76.10139147414364,77.55126130359135,77.43413210633909,76.9371147781618,79.96145603223675,77.59707113889452
11293,71.75772218060683,70.86827194656207,72.16967198524439,71.23393059890196,71.0466344867282,71.41524623960869
11339,82.48261222909346,81.20735702984126,82.25012304721457,82.31289216600854,81.91269855224746,82.03313660488107
11401,72.83224514867683,71.04273494338065,70.65222300487866,71.2224535075143,71.28119909437183,71.40617113976445
11602,85.21027844767556,85.17596528703044,85.55814395182253,84.58920295289292,85.11673913239231,85.13006595436275
11680,75.7417027915952,74.11821022211541,75.3949611388868,74.31328781817669,74.37419260064516,74.78847091428386
11782,86.88304972578018,85.68654743565509,87.38016988066929,86.92416120048392,85.81830580280493,86.53844680907869
11802,66.63323754738674,65.95714512358302,65.24632359958821,65.69608864688631,66.05683135452378,65.91792525439362
11862,72.42620760921363,72.96117247143593,73.35353238961952,70.77228415240381,71.94928205251756,72.2924957350381
12075,84.42333961622668,83.86674240392273,84.84333655542854,84.66009073396134,84.69548673215775,84.4977992083394
12137,69.07495310594743,69.60977949688575,68.55998462849848,68.95232940931778,67.27864290101954,68.6951379083338
12154,71.4815517165041,70.34539042123176,70.17474210396611,71.6442953449075,70.20141569952251,70.76947905722639
12208,72.0167082039324,72.21504691667404,71.81126031827415,71.4185728408737,71.50091130298617,71.79249991654808
12381,70.08774905504347,68.99076627103153,68.54848954696719,69.95182736785708,69.80097936637375,69.4759623214546
12387,70.33026444249964,70.77550068442187,70.49886171906843,70.19192305304861,70.59344595118611,70.47799917004492
12414,71.90220066161822,70.97441327408986,71.26737773065354,71.28038782441428,71.32570284634963,71.35001646742509
12431,72.96838068293914,73.04651730912329,73.19136142733477,73.28304772379863,72.56286534287855,73.01043449721487
12432,69.38848946014353,68.60037823598006,67.91033609341217,69.32837288867105,68.45197357162581,68.73591004996652
12443,63.19430038507572,63.12096797412883,63.66735778355489,62.88241846765138,63.37611924489923,63.24823277106201
12486,63.37239031396832,63.11179246001766,62.6364869776299,62.565748582608336,63.707592505111705,63.07880216786718
12554,71.91040153600409,72.15060053558508,72.36928159575362,71.67913889659314,73.32972098454408,72.28782870969602
12556,72.65660934914739,72.55877413550598,72.5369941907611,72.79161343558631,72.31503579226947,72.57180538065407
12563,71.06559671798388,70.83089039324071,70.75015462195844,70.61356789181465,71.48283169824737,70.94860826464901
12579,71.18417128351086,71.47351326403566,70.8185961125186,71.51490707841512,70.85210278698557,71.16865810509316
12583,72.63957434879171,72.2501648776194,72.87372291402836,71.89691471176658,72.81825491231245,72.49572635290369
12596,70.21402862742791,71.28163240815215,70.66271396946897,70.29585298032006,69.03250494992878,70.29734658705956
12600,70.29046335018724,69.92482545805117,70.25498146180564,69.81385453393604,69.61462609655989,69.979750180108
12621,71.32841539890788,71.2788409859614,70.76706828730028,70.76492393415784,71.29286837135847,71.08642339553717
12633,70.1925637093456,70.40383253848795,68.95438126277372,70.34799609276448,69.65669516006115,69.91109375268658
12734,71.13529991639581,70.95418313845073,70.75082292566519,70.82215605887865,70.48882112234064,70.8302566323462
12743,77.16215511625448,75.7369624986352,78.78513043826453,77.09284513970303,75.88796612010482,76.93301186259241
12820,70.13338447320683,70.58779304387895,69.21169498524984,71.21931797369405,70.78247746845703,70.38693358889734
12897,59.769303318393696,59.66770064351461,59.779149343341444,61.28530155857777,57.798767269225905,59.66004442661068
12898,72.04297222530411,72.23336607692002,72.16122010391658,71.2484109201558,73.18123637249627,72.17344113975855
12931,86.0045609990319,84.22983797385353,84.62094015001867,85.90410366213268,82.7562105588323,84.70313066877381
12938,68.94015178000046,68.07009983444567,68.56006924732438,69.43681087775275,69.21167881418151,68.84376211074095
13127,71.90176109913537,71.64989908998916,72.06812011621139,71.77308967347018,71.55062595930231,71.78869918762169
13147,65.92363364384161,65.06890905335004,65.14061327334512,65.16628234919042,64.74713656932812,65.20931497781106
13615,84.5619642968143,84.46430700558076,84.02126746541325,83.75139073102753,84.58664437865419,84.277114775498
13652,70.57495118027693,69.09846447950937,70.08921709254403,69.54616192795059,68.0968775537053,69.48113444679726
13696,67.28908912620179,67.44463252137699,66.79637055030837,67.99497152910362,68.64325278871215,67.6336633031406
13930,69.29799576923936,69.79363437923074,69.47393431005702,69.18692222164971,69.24847359455379,69.40019205494613
14104,72.72774236362648,71.75727560162139,74.0503336854689,71.50064373101418,71.16892757699853,72.24098459174589
14725,71.01155231744809,70.39862109240627,70.59770683490655,70.48077388030916,70.46835141458857,70.59140110793173
14738,55.615775720303475,56.0300215425216,56.928009082980424,56.416826649609746,55.07743503578506,56.013613606240064
14839,59.613738499821665,60.17661591938249,59.78726105629243,60.10935966316489,59.7365854087856,59.88471210948942
14962,68.67341473189705,68.36789070765818,67.68604664944192,67.88308306905344,69.25376612102676,68.37284025581546
15116,74.31288295746026,72.35301197634735,71.71479047925425,72.77679202674123,73.88855772956504,73.00920703387362
15127,67.66508583170094,67.72490206330417,66.79817988815,66.57215693007124,64.2727959065323,66.60662412395172
15203,70.73734256342121,70.24657802955946,70.96724530298494,70.12004289130964,70.45737828638967,70.50571741473297
15352,70.39054242018386,70.5862981581974,71.37941413862367,70.03569113820748,70.3602755892016,70.5504442888828
15357,71.43514732662558,70.43891315000171,72.4547300595315,71.40952334959135,72.60618733096405,71.66890024334285
15524,84.63293289575672,84.82549333383636,84.65552010959037,83.88768019507287,83.40848159368633,84.28202162558856
15674,70.29847142591038,69.1087795534085,69.17609413114172,69.28644515277642,68.71508350313167,69.31697475327374
15884,72.65056275271094,72.03482463681948,72.4073223889796,71.36469953217858,71.7171338397133,72.03490863008038
15994,72.68910455836077,72.67232330825652,72.45897873781536,72.35618404754035,72.16122345794113,72.46756282198282
16013,71.92537862994979,71.84194881025837,72.02312448582671,71.0738741917592,71.77758972022204,71.72838316760321
16460,78.10028131322761,77.69071458100365,78.67805567654395,78.43470555113996,77.9386406107904,78.16847954654112
17377,61.060670967608345,58.88753400259121,60.707852755990025,60.427392489625525,61.35282993116505,60.48725602939603
17711,73.1379469430178,73.6493443384978,73.76751012096491,71.43457855408244,74.54187537625198,73.306251066563
17918,70.72264783449774,70.46891837350657,70.82062370972031,70.12650293125839,70.75015545828222,70.57776966145305
18082,71.32065838013739,71.46718491388216,72.46701069744276,71.32670070224603,72.65820875100316,71.84795268894229
18121,63.36658965536742,63.184248279051616,63.13493824759735,64.1699252538862,64.59866735156011,63.69087375749253
18170,70.97299673178577,70.31475176864933,70.76757484691569,70.60820369614486,70.40455924619506,70.61361725793815
18245,71.31753782551183,71.20586878347846,71.29583662536072,70.96911137052649,71.91129489595176,71.33992990016586
19144,70.05167688315112,69.25597950632155,69.72099077349435,69.37777388104432,68.92670593366421,69.4666253955351
19184,65.79373966770216,64.21693898552736,63.74976941746088,66.13974948339141,63.624385353548085,64.70491658152598
19185,67.93837734806792,67.89689233681827,67.52004728620781,66.92700545035905,66.43832262676338,67.34412900964328
19291,85.46366215119318,84.24916016465104,84.59040654306625,85.4023494887052,83.73448688109632,84.6880130457424
19349,72.18008737212404,71.9903125822819,72.39209218482262,71.54753414107341,73.21388381684935,72.26478201943026
19436,84.6718532194277,83.73539986086533,84.12203363165912,84.05723623379326,83.837586981875,84.08482198552409
19858,63.74376780338333,64.22082977191064,64.7573228223393,65.14354037078391,62.932809781798184,64.15965411004308
19894,63.020742892488805,61.35305599893796,62.74677729309927,62.20927402411522,65.57767291381157,62.98150462449057
19928,72.57474443242586,72.57485172882747,72.50735539813172,72.51877881389896,73.01722751860616,72.63859157837803
19948,71.77979184836298,70.92460185394641,71.60249694599096,71.98769483939475,71.7609940669033,71.6111159109197
19960,73.99971624758861,73.47451881770867,73.75814170198356,73.50911896256724,73.98938057925491,73.7461752618206
20147,69.89809148778981,69.77556312304088,70.63449860997221,67.78067332311389,69.18457770898983,69.45468085058131
20272,63.27385252249506,62.428762990966476,62.97944927174298,62.844406285315905,61.27476127328791,62.56024646876167
20363,70.7209019213889,70.59219064315414,70.68530295381346,71.07640664257809,70.50118018083535,70.715196468354
20630,72.27908831996251,72.28574432685845,71.61455886090141,70.33746291890819,69.72673129958127,71.24871714524235
20910,70.59924647595295,70.33074479766483,70.62318109270515,69.9757118987277,70.76622116325885,70.4590210856619
21366,71.2002526798804,71.72893680312507,71.37452896957454,71.41330395288,71.82958875242362,71.50932223157673
21455,83.2707636518511,83.30373660247572,82.44699920581508,83.38000486311972,83.59699937366332,83.199700739385
21525,61.09329418920642,58.54970694609419,59.259544268754965,61.647801402064985,59.36341651857164,59.98275266493844
21584,71.70594218981306,72.33319618174201,71.77259138383914,72.01094664446077,70.71600376020254,71.70773603201151
21732,84.20060521351041,84.1042176472398,84.02791250779187,84.04476724230679,84.61129393122235,84.19775930841425
21741,71.86048479645889,71.30079173392426,71.68032202887723,71.81355145461644,71.47633574775182,71.62629715232573
21756,83.49312203729824,82.77686528948153,83.63251922674705,83.27876962074785,83.78941318519271,83.39413787189348
21821,68.42381756691306,69.16872867654797,68.7307830717016,66.93436475736391,68.27577696892467,68.30669420829024
21931,71.83002724609469,71.7892590823993,72.16992522772398,71.05918057054926,71.99657323642822,71.76899307263909
23041,70.11740745685859,70.43011971750906,70.05871586301083,70.49865116167938,69.8437778649961,70.1897344128108
23309,59.690887776723706,60.0371320829551,61.53217997942054,60.44877377530643,61.500228678370846,60.641840458555315
23600,71.53640281190471,69.7711042961518,71.68547485361546,71.10662434285494,72.41701922521361,71.3033251059481
23647,82.65328201463366,81.46754065177626,81.4273826800052,81.77507954334766,83.0941388396177,82.0834847458761
23680,67.4064418977032,68.36694901598332,68.01851532231382,66.92485194339463,66.92814037718829,67.52897971131665
23739,70.60557582568467,70.51923804403759,70.46006741064244,69.88006298505789,70.1459315922163,70.32217517152777
24297,71.21213915263053,69.70381618471347,70.22241842640065,70.54588479930074,71.04749037169773,70.54634978694862
24871,72.05599838436282,72.79469911890823,73.04588714715072,73.08052409047659,73.5311630549991,72.9016543591795
24920,64.77008780844207,65.17531795866662,62.64128100442274,64.28264488125636,61.73430280021357,63.72072689060028
25447,86.12854604090927,85.89941413439398,84.88260694354632,85.14709899840494,86.24583213349742,85.66069965015038
26409,72.07686684539951,72.56631100891533,72.25203330259433,71.3913049088421,72.44107900393496,72.14551901393725
26799,85.81929400988508,86.45470033769308,86.02632932104555,86.39704430245783,85.83566319395784,86.10660623300788
27145,86.59571309916086,86.68223228837641,87.04793854906089,86.60616368271637,84.41105973817216,86.26862147149734
27172,63.797827109991104,64.38439986630911,64.59084052981818,64.41664095646092,64.06276590845867,64.2504948742076
27484,60.509492499929664,59.26132077235721,60.44597161396532,58.642982934072826,58.15526535846005,59.403006635757016
28420,72.68653085399254,72.36982556739079,72.5002659564597,72.29975997784861,73.38951411645516,72.64917929442936
28487,70.4326404915517,70.46882780282067,69.92999055384576,71.26507010449563,68.81361414633415,70.18202861980959
28567,71.92338681982059,72.43842519226558,71.02814891960662,71.96886115764251,70.96530895097897,71.66482620806286
28718,68.9962807703309,68.21840845818946,67.83814780976235,70.18574498728236,68.92950524475259,68.83361745406353
28902,68.4348530141298,66.66597827251988,67.50760447054398,66.53394888109398,69.26857812164576,67.68219255198667
29077,52.9685071984276,53.45743319802457,53.92963174105399,54.054138938065066,54.09950005492587,53.701842226099416
29377,75.96092623512703,74.62254614955083,75.14305193812282,75.51394239655386,75.65694383960533,75.37948211179199
29387,60.03905017363338,60.27998316395133,60.297175337336746,59.04723889378279,58.68315957293129,59.6693214283271
29401,72.01712352826215,72.49993744821998,72.05702821899344,72.25689635119528,71.172697469273,72.00073660318876
29462,71.81615937518305,71.68239373376834,72.19172360606771,71.02426681984483,71.72549330827066,71.68800736862691
29497,73.39568585961572,72.80092151866741,73.18024272954521,73.08987780585835,73.48981823706578,73.1913092301505
29517,71.79585520632466,72.1283368677673,71.55174664968499,71.67614458506264,71.35759755344881,71.70193617245768
29550,65.04770913758097,65.42934744622706,65.63933008610475,65.31418470485079,65.75085786668075,65.43628584828886
29936,65.1025912237011,64.36500839865873,64.29809275744284,65.47105557945565,64.70230415639091,64.78781042312986
30192,58.019034405191846,58.601452765993315,58.451135891524345,58.35617878654338,56.12730400152367,57.91102117015531
30354,70.99505218782332,70.87265291299153,71.95109630004106,70.61980744578165,71.01351657050398,71.0904250834283
30713,58.943401950346896,57.82254349096837,58.70727012994499,58.7950854204169,60.50046550499986,58.9537532993354
31040,71.64018085752684,71.59417824121502,71.46758825771275,71.53230113193206,70.88187904928421,71.42322550753417
31207,66.50303949823889,65.70583962354456,65.08035265135891,64.66020770317756,63.502335511017236,65.09035499746743
13725,84.14286913379051,84.18916941381704,83.34878542262715,83.66733977734836,83.81954315686019,83.83354138088865
14949,69.12809183361854,70.65489505663095,71.8500065871457,69.54895851085519,67.40516771636516,69.71742394092311
8485,82.14645179274967,82.09050659093563,82.11174839098217,81.7001469863736,81.53349518163364,81.91646978853494
12555,68.16086493790294,68.15443986132422,69.17655997632974,69.02851834218183,68.58063976196647,68.62020457594103
24629,88.77685944756277,88.05628685664348,87.70650680505197,87.73766971521215,89.56614769770349,88.36869410443478
20420,60.87011556755851,60.77040423450005,60.99400661039098,60.97311749493568,61.175334235968876,60.95659562867081
9438,84.57894417133959,84.29297820743886,84.97114218351896,84.44671126982772,84.03206960709068,84.46436908784315
17420,87.6436088465352,87.97940221448033,87.87976957536954,87.32315373785816,88.6792364447395,87.90103416379654
15022,64.62793795059868,64.15035616106184,64.26234718856153,64.3579681581715,64.45174599545021,64.37007109076875
7101,82.49901126604695,82.6311620170662,81.03766883129296,82.23127564661928,81.17820613500373,81.91546477920583
28980,86.32582551328053,85.5794420238461,84.84367849632847,86.2758946735673,86.00351687495692,85.80567151639586
27014,83.1249681077579,83.74403318548259,83.3453701519654,83.24027254292281,85.63646045268794,83.81822088816334
8660,83.72798537063574,81.90627321841882,82.23296940894878,82.90585885054651,82.31963155537143,82.61854368078426
20090,70.17956707621859,69.945503911401,69.52218898246575,69.69764143396907,70.01996734994898,69.87297375080068
5120,58.24622663516846,60.63858646735809,58.11784146890582,59.33680165547352,58.538820241994515,58.975655293780086
21967,84.89447446248141,83.54396536311862,83.5661373647106,84.19704704194069,83.13382608073536,83.86709006259734
20094,82.33294256712206,82.77696955203191,82.25964966269923,82.23299238990987,82.66128717471226,82.45276826929508
10805,85.73489235833219,85.33808533152771,84.8410982115141,85.379398660508,85.44160576881302,85.347016066139
922,84.44686415384507,85.58872089541111,84.21983877302029,84.03896559572524,83.48656690523823,84.356191264648
2293,74.85402992663217,74.54636071318834,74.78506152361973,72.74728091702166,75.68997175900068,74.52454096789252
17325,85.69511125800815,84.98935970141628,85.40892976425434,84.87472388573849,84.69050383306694,85.13172568849684
23990,80.39440594700378,79.43789926191981,80.2958657315163,80.43931135670121,80.87395022858321,80.28828650514485
26700,82.64154764155754,82.93136960315104,82.33067615719403,82.56688241571567,82.104758899742,82.51504694347207
1387,86.22092594099468,86.4010907541577,85.17292527533067,85.97339792459081,85.8578696043876,85.92524189989228
9814,86.81432631234514,85.04210219204134,84.56304049978118,86.28154143186018,85.38007328090686,85.61621674338696
15604,72.48895517802984,71.70763752096754,71.44380724414198,72.38578080969471,70.87231818970221,71.77969978850726
8165,83.8679005965805,83.05122902124302,83.01271845899335,83.45153213527897,83.39006442196703,83.35468892681256
27547,83.42618828107146,82.22838197743837,82.68241474383214,82.21061400456705,82.14876797607062,82.53927339659592
21870,84.2562643770355,83.35436458188249,82.04306712701595,83.53346943334708,82.49752727253124,83.13693855836246
414,84.47671200292595,84.34653872741411,84.6515622644443,84.34708938383437,84.46441656224135,84.45726378817201
29202,83.56146398175918,83.52847124763515,83.33608900981162,83.58968969468546,83.56737356113794,83.51661749900586
6313,71.24487769282908,71.62887700619567,71.90080458871276,71.73462901870869,71.60529507739157,71.62289667676755
15575,84.6801767047627,84.45423238927907,84.42844857887727,85.59072915122431,85.09728215174036,84.85017379517674
9804,86.24393772502293,85.57946111112985,85.74590006726218,85.94868736645577,86.81378271247814,86.06635379646977
8751,85.16607368242695,83.96361188069204,83.9748393765581,84.57706523129782,84.8695939081974,84.51023681583447
30265,82.36797190544178,83.07745388829649,82.53763339689974,82.14836406983389,81.62683881472043,82.35165241503846
29286,83.96853508154729,84.2331299842309,82.23339184312324,83.58473773334899,79.36227253103321,82.67641343465672
1220,83.1288354752592,82.36409847812183,82.46194374047245,82.75112296916808,83.29678415487331,82.80055696357897
6036,83.59878077137338,84.0482840709567,84.17705203373826,85.56094171787498,82.44592269229759,83.96619625724819
606,82.4409519465162,82.2622923111413,82.13019168601909,81.39472897659297,82.66541426898223,82.17871583785036
15380,84.4675080438823,85.13895762091994,84.30007398413014,84.11573471597458,83.1137111591859,84.22719710481856
25287,72.71250910865601,72.79581124550565,72.0432036461365,71.17399235715936,70.8417616835608,71.91345560820366
12153,86.29318684266671,86.16853319905256,85.68093512103775,85.35017334756706,84.89578309621628,85.67772232130808
16042,80.36887983295385,80.1758432645107,81.42855876664228,79.91728174848222,80.75413255608089,80.528939233734
1839,87.87708238974687,87.6045014331009,86.74715565069401,88.86596982020501,88.35444922377353,87.88983170350407
14388,71.03477220885276,70.73402247348996,70.7165133594016,70.64033091360342,71.83246428331445,70.99162064773245
2645,84.27533183421423,83.04557197207899,82.9098336379717,83.20582937647755,82.68379036327792,83.22407143680408
29724,83.20765607505514,83.0341774511341,83.26407451291655,83.78326658449708,83.68436059396574,83.39470704351372
30434,86.17916412986642,85.19476878786767,86.2304232976229,85.45286390598642,86.49342385536951,85.9101287953426
11631,87.1676415162279,86.597083469934,84.90460831616626,87.14585354946783,87.14766018816644,86.5925694079925
21966,84.79562381926814,85.06544332061645,84.24547239300063,84.57655484822322,83.62604812990436,84.46182850220256
1726,64.60246773679569,64.23242696228112,63.585872337892084,64.20319048150498,62.51044948621578,63.82688140093792
22012,85.07445349938669,83.89669963566483,83.7529338766254,83.6448433274553,84.19677923079846,84.11314191398614
845,62.771243807473624,62.24452076207287,61.89054501538902,61.96257155561332,62.63648945195283,62.30107411850033
21981,84.66230032195648,83.09905150432891,84.22091304836289,84.08981562474139,83.05639705398579,83.8256955106751
22374,87.00040989987073,86.1278842814113,88.50579735295491,87.38153819911702,88.17090295440204,87.43730653755121
16450,83.80435063624725,83.70233049157076,83.02702883448771,83.23222422734608,83.38139005847626,83.42946484962562
22001,85.3345039470876,85.85037091659558,85.36649248491528,85.6768154535614,84.92768599283322,85.43117375899861
22543,88.21992249986492,87.67958598649676,88.52460655961656,88.34629226179374,86.82377176017289,87.91883581358897
28478,83.3853013137529,83.89090871618183,82.5717556463433,82.83553229675027,82.79091599457243,83.09488279352016
22572,86.30563631262373,85.85862311844241,84.53477233519241,86.00622489252646,85.75750736458986,85.69255280467497
6383,83.36842574642284,83.14317072503269,82.95801472335354,83.18855945579753,82.8611599485169,83.1038661198247
2637,68.87600075316712,68.47218138533245,66.3949277418583,67.66560186957985,65.91260020872741,67.46426239173302
5415,73.72998394739753,74.56597437053236,74.52516499400315,73.80622017561055,73.8992388248553,74.10531646247978
16146,86.66143457326595,87.77510176779785,86.6016240978656,87.24087401629477,88.36178072273907,87.32816303559264
30880,64.91476428852354,62.704475641285455,63.04232951250616,62.34545689470838,64.95813252927849,63.59303177326041
7616,84.01616839696808,84.66337528820877,83.3163143988415,83.77318158197124,82.9360720383138,83.74102234086067
7806,85.29116057393365,84.93806637021818,84.64903678429536,84.99974126341331,85.1091158443256,84.99742416723723
22513,87.76746846071653,87.38003793622947,86.02650638847621,87.78864074274074,86.35060496791917,87.06265169921642
6168,85.17151569158185,85.26528196746642,85.62444239781591,84.50939793420369,84.7782467682789,85.06977695186936
17464,70.6595345335925,70.34188595507183,70.32156490306238,70.57324367564954,70.75005923549523,70.52925766057429
9145,53.32343502888707,53.21363688483303,53.322105359980924,53.28285918976511,54.07189276902183,53.442785846497586
16041,84.36991876048586,83.2953781861425,83.30904156839301,83.59810128656706,81.97768863997919,83.31002568831352
209,83.47231957624939,84.01458949284373,83.24287643663925,83.45456786955448,83.14268368385352,83.46540741182807
20351,87.31753521929126,85.66723610392124,85.30853491672843,86.42069133110552,85.9372583993734,86.13025119408397
29934,83.57850810355986,83.08554598535119,83.56050877952705,83.13150632422355,83.1846753608304,83.3081489106984
13666,68.42287868192022,67.00082996370598,66.43159380588723,67.58872485179201,67.03064580900516,67.29493462246212
8611,71.10094629780889,70.9878747647809,70.23962109819024,70.66694860364257,72.23701849786512,71.04648185245755
1686,84.17916273208505,83.44713007111704,84.26499785886459,83.52619328664329,83.8547587854415,83.8544485468303
30380,83.31471220884445,82.86799947862184,82.43493591816845,82.35359645756046,83.16002242722294,82.82625329808363
9426,85.26315133215095,83.56116412656604,83.90669678373058,84.4895726223341,85.85505053174606,84.61512707930555
7973,83.83885159431338,83.29588485114255,82.47382207370666,82.73893435131217,84.22503173615743,83.31450492132645
29526,72.45681612612053,72.56561603711847,71.11467433612071,71.64636146328354,72.44057041570446,72.04480767566955
1993,84.50099984049464,85.75303128925935,84.7230585866748,84.09450897383314,84.12319398874834,84.63895853580205
13599,85.30581782922957,84.79825876384184,85.69971683302461,84.9413316044045,85.70092701972719,85.28921041004554
20342,87.86291131591592,86.85071433187551,86.88396053630598,87.59724842459829,87.39322686112818,87.31761229396479
15527,82.08866538995687,81.93381244759595,81.5219045494577,81.77350499908866,81.82952445908745,81.82948236903732
31096,83.79805648657486,83.2441575211217,83.50759924489685,83.6323699640131,84.139405570848,83.6643177574909
7595,70.99757979102472,71.86257785812535,71.27496275611429,70.69405792890436,72.37470758550626,71.440777183935
21728,85.17632533784305,84.0977038324678,84.00310151193179,84.1949373030065,84.44861705443424,84.38413700793669
21605,85.72747886558557,84.58530172496833,85.53148860472734,85.18654735102851,85.52861817443448,85.31188694414885
4599,84.54528025194688,83.36882556434713,83.78996123316908,83.93146937875952,83.81500006976043,83.89010729959662
29217,85.9157425342882,85.33288194415846,84.97587615055835,85.40967371762278,85.61393437498174,85.4496217443219
11856,86.38622990892942,85.24615944897246,86.48133395573939,86.08602224001095,85.67945620304833,85.97584035134011
8580,84.97894836074153,83.94466512771771,84.12307744615883,85.7406485819618,87.10953207324496,85.17937431796497
9815,79.2864264268356,79.5056639751115,80.63489048496983,78.79542323709884,78.12174350393995,79.26882952559116
7568,83.46307456355787,82.0053513546556,81.96898770152592,83.6392111080209,83.13030811954127,82.84138656946031
24703,83.6326864073678,83.33559741684786,83.47585203035678,83.6495579896621,82.74537368882503,83.3678135066119
20151,86.03248919816164,84.92090193377027,83.35039854390766,85.41414958648738,85.7463887856986,85.09286560960511
1956,84.45062197838843,83.73237072326481,83.73293177861584,83.72808026510513,85.02967582745931,84.1347361145667
28677,67.98669220779132,67.47458549237666,66.64239377928446,66.21113915284558,65.89535419063054,66.84203296458571
8156,69.82438582111939,70.01534364197211,69.1578025612863,69.23093325557288,66.12712130687197,68.87111731736454
20002,85.1298156739581,84.41641032248475,84.53882759844952,84.35081544614204,85.29121038116463,84.74541588443981
9247,69.94105746582123,69.47828601309068,70.47332339866853,69.66208015656453,68.90224600120101,69.69139860706919
31276,71.35900082559138,71.44523635511786,71.39965673161849,71.27468207881769,71.81372095295822,71.45845938882073
30365,83.12910019854088,82.59417994089135,82.66602605321697,82.4855669566962,81.50239427938334,82.47545348574575
29552,71.84869564619873,71.18244867879777,71.54062815846194,71.31578462446723,69.0443245297262,70.98637632753037
1617,84.52301924678484,84.34234766718015,84.54751406147453,84.82405209402748,84.21824769806094,84.49103615350559
21803,83.81562981065892,83.63364332559776,83.54337212251572,82.62038711039948,83.5112070836426,83.4248478905629
25111,84.43582967028937,85.4445139338221,84.2921395541207,83.56686609469052,82.95925708573095,84.13972126773072
2467,83.10557916326425,82.55584327396629,82.7878786573922,83.02146743234968,83.90768052487721,83.07568981036992
22273,85.64350518100565,86.00829210414126,86.00822225642273,85.5205288833981,85.66891062295926,85.76989180958542
19910,66.84852918643526,66.50769430737279,66.30418648518175,67.68958850919782,68.29271933632418,67.12854356490234
19226,85.10410920229324,85.71351989310543,84.69550267827552,85.35849024793693,85.82230198941566,85.33878480220537
20104,84.52973503674403,84.30360812621038,84.7815308335464,84.7850097688168,84.78559037928899,84.63709482892132
30419,81.90647229429473,82.11291229893581,81.12274700852483,82.12501825774424,80.77911848290529,81.60925366848097
22334,84.94155527408896,83.03695907825525,82.52481431611781,84.09968283457258,82.89533850894253,83.49967000239543
14777,72.26787509639759,72.71608548819421,72.66951959868489,72.79385117368813,73.98776514847307,72.88701930108758
10143,70.39534869343643,69.74511799579045,69.67674638840822,69.96795114828058,68.52244940363042,69.66152272590921
7344,84.57125421264969,83.82959870417045,83.82883552029786,83.80779300747213,84.1430394605486,84.03610418102775
1343,79.23986925359311,76.49723059615084,76.93238323905236,76.74809963502506,80.181161636984,77.91974887216108
10522,84.3705209406451,83.46162420287789,83.55610663973405,83.26119216875509,81.94260188931807,83.31840916826604
29794,82.60234439193322,82.7113824764898,82.43439849392882,82.2325310344901,82.23556041783864,82.44324336293612
14760,84.79969919904754,84.88104317296236,85.4104862098469,84.281278016128,84.00374675809297,84.67525067121555
29511,84.29251782487322,85.24604488186601,85.06140547958154,84.39267304708227,83.75249658292924,84.54902756326646
14971,80.39438478258377,80.31130927311597,81.08066110512084,81.16930698710746,78.1692304179467,80.22497851317493
16487,85.8194209881168,84.62296457205423,84.09270703947672,85.61528259052444,83.630197132994,84.75611446463324
21916,83.8013807183086,82.8913022703899,83.36649070845039,82.94792612695389,83.25350075577192,83.25212011597493
5954,81.14430152304104,81.40468467307132,81.74238202316712,80.94478660098217,79.80803104579073,81.00883717321048
5385,84.53608996284935,83.29177961124395,83.26826365830837,83.84667099461015,84.11068382241662,83.8106976098857
2387,69.66151054941236,69.73788404859513,70.14580157376153,70.15111462074145,68.84711355018231,69.70868486853855
28969,86.4539741682571,85.90530070711873,85.25912335934886,85.82776476901425,84.97022785584889,85.68327817191758
31258,85.52312989526379,84.68948644091645,84.43428267764179,84.43677424034149,84.92394103236018,84.80152285730473
28957,71.46057558893105,71.56380350390378,70.66517405723917,71.11031471815096,69.01800798571927,70.76357517078884
27446,87.6736442397306,87.18323445020692,86.78686652228475,87.9515769074196,87.27044000816369,87.37315242556112
14927,83.91697502321102,83.74508745205789,83.52800401800052,83.54542806365023,83.2075517452617,83.58860926043627
10280,84.70915494935666,83.97090558477377,83.0394413504538,84.19073926671072,85.16720799894478,84.21548983004794
11324,83.81570533931801,82.95346628996347,82.88023562416723,83.01319469606868,83.38014110718473,83.20854861134043
8164,87.13121221301896,86.0477301383279,85.20327668753723,85.56827437059017,85.60158562145568,85.91041580618598
20446,77.61534359138156,76.34044640111168,77.34577161544428,77.91868921357873,75.44558599639049,76.93316736358135
2148,72.15809922006164,71.69988203423877,71.85542838645637,72.60268689938276,73.81141223782345,72.42550175559259
14220,85.75640732767721,84.74866782736689,84.48318472701541,84.89198113395284,83.80506077115533,84.73706035743353
30949,84.7666610614698,85.08899711202568,85.06514831222054,84.41539627746386,85.07211432709445,84.88166341805488
26432,83.88310408243169,82.88665012144185,82.59768108779087,83.25023446535133,83.12959119896962,83.14945219119707
7757,84.05662056141367,81.29882018003674,81.34349461368942,82.41363926802842,81.44103172905335,82.11072127044432
7488,81.74545501899472,79.34118711088328,81.41386351039185,80.57819109448718,79.79126561052075,80.57399246905557
8397,82.31230213160617,80.7362157779132,82.34192585396984,80.24406053390342,81.73509505958324,81.47391987139517
7270,89.1044339069532,88.70412342363781,89.63415892004846,91.25712047961278,88.60078259489748,89.46012386502996
21954,86.55589353879704,87.63383970880186,87.2296821913751,86.91269863200657,89.07799567180854,87.48202194855781
3205,84.02409675311002,83.82493410296144,82.59041698373508,83.45590131899777,83.28759187090628,83.43658820594212
2760,86.19922399235847,85.78913728368329,85.97627422285046,86.32789183658852,87.27034435904972,86.31257433890609
7785,84.83113442920896,83.48517559707851,82.94002764862665,84.81861440864526,83.70657382705684,83.95630518212324
28682,88.20238355981358,87.78659945423232,87.65963915462015,88.09384997114019,87.54329201697342,87.85715283135593
29468,85.84681011109068,83.66819374007966,84.59033409843764,84.34745894975055,84.98489377502978,84.68753813487766
21610,83.05007364316009,83.0327398855782,83.87581995930418,82.95079035328448,84.82066526156495,83.54601782057838
8540,86.82250060542384,85.80101468193368,86.5917003345593,86.27724225317668,86.68108088575667,86.43470775217004
23659,86.66462582833563,85.75066563796089,85.31445065935861,86.08291424735836,85.30396111999886,85.82332349860248
14782,85.67999124207753,85.264694639878,85.24997731470978,85.24294978252047,86.7468358950666,85.63688977485049
30868,83.8994409927938,83.021206951659,83.9269415773864,83.15175053861162,85.15525111035493,83.83091823416115
29276,84.04689286461678,82.81845671460059,82.64285539645036,85.62158064827872,83.48740971401543,83.72343906759237
6996,83.04026897753397,83.21052211071603,83.92362892535158,82.96195339115712,84.45515646760998,83.51830597447375
31018,85.24443468424292,85.09634214955236,84.49544314184277,85.50838359587034,85.15669629465552,85.10025997323278
10580,86.02508050849545,85.59825416861881,85.45512418851325,84.7675931870971,85.47540982037484,85.46429237461989
9373,84.08749761973246,84.09799262615937,83.49216929029711,83.95247443591376,83.56552356125451,83.83913150667145
21895,86.53081790242425,84.83965771155601,84.42452026094493,85.7683034815633,85.30225229945272,85.37311033118824
14404,86.3926842246384,85.87652401896754,84.00017451135501,86.55902820961077,86.19573677196487,85.80482954730732
12828,82.82289387678254,82.6178231372748,82.13386828822834,82.20941089633581,82.60051729260636,82.47690269824557
1544,63.11574446000077,61.44982005360975,65.07723628360239,60.64186423936681,65.88028674259516,63.23299035583498
10858,84.46043194280364,83.17078569141529,82.5398279049403,83.42896603616275,84.04359918292496,83.52872215164939
15294,84.8006137260463,84.4456343013959,84.38984403525146,82.53028431734657,81.7955200598042,83.59237928796888
10480,84.0101541880872,83.68101422104085,83.17202618476585,82.4943516572977,81.36981634362982,82.9454725189643
7386,80.62493726602327,79.89209755420327,78.29271272591168,77.76609618441927,78.42315766146177,78.99980027840385
11860,85.03339173124868,85.4023314597591,84.36059927802219,85.20857271680217,84.83701755932591,84.96838254903162
9040,63.32561510630005,64.56594683814157,62.194022510486235,62.80399279658923,63.459379134891144,63.26979127728165
8451,84.5194909740743,84.38268683699424,83.53640457899967,83.69390425524256,84.20480053431606,84.06745743592538
22455,87.56409986017198,87.54890333609967,88.00207898414106,88.31589447558648,87.54739412151483,87.7956741555028
8390,85.231196415147,84.12354993839185,84.66787532937377,84.4095784301704,84.49697610042266,84.58583524270114
29310,86.4073103604603,86.6174626276196,87.01678092827055,86.85645674367844,86.05181884524255,86.5899659010543
19802,81.04806443180198,80.66992768585722,80.80363130577152,80.16426470182407,79.60301259358113,80.45778014376718
22566,86.94997718740065,86.82397019556942,85.51599772751112,87.15734746712275,85.79768049605875,86.44899461473253
11277,85.21585277594413,84.53902722132565,84.86999171269073,84.88290419601435,85.47296454888746,84.99614809097247
10524,83.9597729211115,84.52031980449136,84.55023769565754,84.01323218093667,86.32675357998768,84.67406323643694
13177,84.37418106336509,83.94614235372583,83.03188962645974,83.5515857163129,84.01798531267482,83.78435681450767
21733,84.79930465095183,83.65563156514511,83.8796827858567,83.80473966192474,84.69383861655587,84.16663945608686
13607,88.10073112108876,87.50000258798778,87.57231481739088,88.06015428823812,87.64486830278278,87.77561422349768
15061,84.32445615387314,83.68327835390497,84.91031380231217,84.29674693501163,84.70980561616301,84.38492017225299
2224,82.88045624299036,82.20512376504918,83.33695374772203,81.17633512626654,80.50898179803261,82.02157013601214
9353,87.2729260409439,87.38357834121447,88.2967353308063,86.87295191589655,85.28703880133193,87.02264608603863
4321,86.9651671405323,85.04788812451551,83.84067200129613,85.3676393115337,85.75667149457958,85.39560761449144
21962,81.25476692612699,82.18548264953756,82.98545230291225,81.54433832658779,82.59119165960523,82.11224637295396
20552,86.07541608859177,86.3769825306247,85.64255720625931,86.33009579338332,86.95573283539707,86.27615689085124
13937,87.24826593469551,86.90220226968279,86.78908658820544,87.20504582050098,86.43033676830504,86.91498747627796
21454,83.88319712867403,82.29290897773997,83.65853037776697,83.17701214465096,81.58156883948848,82.91864349366408
21572,76.05041361743787,75.5925743155426,76.50955783134509,75.54206852054855,72.17513045344819,75.17394894766446
8162,85.7095759677438,85.20631541455774,85.47631652985447,84.4530618526779,86.6192274677397,85.49289944651473
5101,70.72991566208971,71.28313405184781,69.75067760680597,70.4437865395571,72.29461497242607,70.90042576654533
7308,85.56870656922015,84.9783625055471,85.34405440773378,85.23641112092903,86.68909614633435,85.56332614995287
21906,89.16454933341635,89.29847757000024,88.5594545089229,88.54746893451718,89.59983496082012,89.03395706153535
5046,78.2055546821853,77.94301070022271,79.14138518762122,77.7410059523944,76.54990988726333,77.91617328193739
10933,85.56923267593567,83.70841030915234,83.84951723668318,84.93864624109536,84.82623590748065,84.57840847406945
9134,81.54653552705679,82.02302396499454,81.48551671916994,81.53857265096451,82.6693639490415,81.85260256224545
11888,84.18798328301531,83.9077680965494,83.82824713515413,83.07942795509814,83.2386320576822,83.64841170549984
86,55.229118981210775,55.13552861427269,55.43499936037998,55.64983065633142,55.74329355089256,55.43855423261748
105,58.172812772318665,58.47466256444622,58.25884995502169,58.61290169449489,57.03930133201453,58.1117056636592
112,53.17876655359809,52.925506276101984,53.04404960628148,53.13000262075902,53.78857114267889,53.2133792398839
133,59.2867042830136,60.05206802313046,58.83238855428003,59.31906145256993,59.08366986977026,59.314778436552864
137,54.16926749916284,54.22152451181907,53.6916070381292,53.80125456008693,53.63407823027647,53.9035463678949
150,59.03351250501831,58.904508707686546,57.81369440963785,57.94698427940644,58.2087170308358,58.38148338651699
155,59.44191159929663,59.919587259162654,58.49402714912166,59.28982189040134,59.368608569913995,59.302791293579254
160,54.02022845616797,54.16529031429984,54.709861726285,54.421177057094134,54.00237189973625,54.26378589071663
161,58.46869797086006,58.214883562029826,57.405428295502176,57.96709166895494,57.63602657510482,57.93842561449037
162,56.6048492839301,57.081341673972794,57.187705592109786,56.7064116182587,57.77206047608149,57.07047372887057
168,53.1127048832063,53.14282379332683,53.82095584616345,53.083115905402096,53.50586730656086,53.3330935469319
170,54.76255353941858,55.01082980394307,54.275196012412906,54.357219985941,54.57434972461506,54.59602981326613
179,53.24590217518587,53.46933227199585,53.21720042317983,53.23201634296912,52.15739492921149,53.064369228508426
184,56.49257851705141,56.4613756220789,55.73204866389195,56.85905575989,55.48382267123594,56.20577624682964
223,52.94618154964549,52.988803079359265,53.2990621608571,52.7180705099226,53.32392853531468,53.055209167019825
241,55.6142187079883,55.20714875700088,56.730772797247965,55.892550569090034,55.176120016335304,55.7241621695325
253,60.498602795675666,60.59293597877154,59.24684092485493,60.5780287157323,59.83138102739318,60.14955788848552
264,60.785370619091736,61.16905843163154,60.60907265151694,61.27361471157208,60.129164862652644,60.79325625529299
284,53.80079710635162,53.447560481019664,53.80756282995934,53.963418686930126,53.7220069989913,53.748269220650414
299,52.942235301670735,52.957964438900134,53.42594741843875,53.044686616759726,53.52114108505562,53.178394972164995
301,52.71722439389026,52.72052561429759,52.295084305965275,52.939310015682516,52.89673370801241,52.71377560756961
310,54.432490971109246,55.06940366646877,54.878466556434674,54.35088586733973,53.8271607660367,54.511681565477815
361,53.25884555435172,53.43290222262115,53.1209646201406,52.71532435108652,53.20679884719207,53.14696711907842
377,55.76020689481417,56.68090432668639,57.02876032564579,56.151203331616074,55.896349154432514,56.303484806638984
404,54.084854588672144,55.53871661152937,55.57821727872954,55.648188934910834,56.1416153301639,55.39831854880116
419,54.666313210653946,55.39198024619148,54.28701183704284,54.33452091960634,54.52011778193324,54.639988799085565
449,53.29488524888679,53.46151080659265,52.65362918282584,52.826787398992295,52.34843478963376,52.91704948538627
454,54.70009943306735,54.602101901039205,53.76367603046249,54.500552406972645,55.237781515344174,54.56084225737717
495,53.928297609887956,53.43909125359387,53.349760640133326,53.51399915780324,53.31205031139493,53.50863979456267
496,53.402932207146335,53.98102717101121,54.47972445148308,53.55855507472479,53.47859064313656,53.7801659095004
519,52.34540431708467,51.960004086817065,52.189292987670896,52.7495701656523,52.332714532441074,52.315397217933196
529,55.250968493805715,55.53365459850268,55.15596565951633,55.20492677254231,54.815476756972416,55.19219845626789
534,53.37894316445974,53.2218892062819,52.94872579351901,53.34932455945312,53.18216013468291,53.21620857167934
542,54.02402308484466,53.90840545455928,53.89238680018866,54.08692903159043,53.66404786583459,53.91515844740352
566,54.194540839903745,54.81889272504687,53.987002766101284,54.048604465366026,53.7799326632994,54.16579469194346
567,53.31990722257075,53.350764379092105,53.57287225865452,53.21531432871183,52.67466155692799,53.22670394919144
582,54.70238133705374,55.293510164851654,54.27869169217594,54.79571407091076,55.11691017598826,54.83744148819608
584,55.4622775128382,54.872347767048666,55.688549384769736,55.067572182065746,56.59959358046085,55.53806808543665
600,56.73821409494785,57.18405414390985,56.86457678938258,56.482032723341746,58.23118308254686,57.100012166825785
610,56.85919978719205,56.78374994574379,55.883384985355534,56.62516713277388,57.22264172829879,56.674828715872806
611,53.14997135902986,53.1063915278469,53.31754989926803,53.11683610111035,53.347139673172435,53.20757771208552
617,57.59535597600174,57.860561617861606,56.98281530929342,57.09804402467985,58.96214629112839,57.69978464379301
651,54.96011701496121,54.96123697952808,55.60479260964007,55.08322039989805,54.760943312556776,55.074062063316845
664,53.583715302329416,53.3683009080261,53.38471326881136,53.35335792736382,53.379617123575194,53.413940906021175
698,54.01343159008452,54.225347246367875,53.65311968513147,53.98798054274925,54.38731387379751,54.053438587626125
715,56.3779809189805,56.83551667535879,56.83260208455937,56.74598861051631,55.90000729478557,56.5384191168401
731,52.77680831411956,52.57090527928051,52.914115691836514,52.67618446847473,52.517069113938206,52.69101657352991
735,55.293978250938395,55.717079611186556,55.13784016117623,55.07266747488637,55.338651281339764,55.31204335590546
736,53.07978365043856,53.1804480832344,52.93481185742136,53.286446098133915,52.71721966232849,53.039741870311346
772,52.25555152779219,52.53672298325808,52.32708727743825,52.62141261983772,52.295673025080546,52.40728948668135
775,55.68560180064925,55.688850863923605,56.20790910573152,54.993597422476526,55.59278414836468,55.63374866822911
786,53.587686170158634,53.65136841163448,53.63944804628696,54.011938747698956,53.49757797136908,53.67760386942962
793,56.16883525572315,55.940940200538265,56.057301234948866,56.34758955507817,54.19099005849073,55.74113126095584
798,53.81830882688635,53.938647713437575,53.53106430274816,53.18997692291643,52.53291877583178,53.402183308364066
841,52.55894949577143,52.87137320786354,52.551549124499914,52.28327367547303,52.24842217402199,52.502713535525984
861,54.56154149025938,55.10933818165612,54.173138412227644,54.71714686421694,54.73115778156044,54.65846454598411
874,52.75117259423166,53.10904451736231,52.49414611313193,53.42623802559513,51.90046821251719,52.73621389256764
876,53.672756878388235,53.51519490220683,53.79604783179572,53.51209527957158,53.648874056267005,53.62899378964587
891,57.69376981620904,58.20318388284529,59.11022968470357,58.547916241698275,57.05742969730679,58.12250586455259
897,54.323386922336084,54.59454163471416,54.27972484038722,54.3688632401515,53.65332988731092,54.24396930497998
923,53.59086189863642,53.832274309348726,53.723172583519286,53.463756530302476,53.66184149533064,53.65438136342751
937,57.62303646180378,57.29144768105358,58.36527088842794,57.83710590505032,56.949792515939606,57.613330690455044
977,54.33582064485326,55.19517232445925,54.99308689546068,54.691592431445414,55.33072967864044,54.9092803949718
1154,53.585758796255455,53.65205898344672,53.85863288617597,53.53204905716973,53.375247829804294,53.600749510570424
1180,54.43759650382888,54.286628655521326,54.294209313823956,54.659089131159725,54.665041574773724,54.46851303582152
1194,54.635645741961,54.75751219195351,54.88728793466432,54.19138747462216,54.51929690447983,54.598226049536166
1206,55.873573514026845,56.593093469803435,56.512389920522544,56.07351232812971,56.6230944938864,56.33513274527379
1221,55.6407718468217,55.6551422147744,55.21161679412836,55.585405122628345,56.34233541907571,55.68705427948571
1228,52.90711128450477,52.56642202425091,52.884455270877964,52.61762162276899,52.31435124231014,52.65799228894256
1230,53.588133230597066,53.40524505934933,52.87791786128475,53.152480945923344,53.11574594458192,53.22790460834729
1233,53.28132719011511,53.43949578938463,53.22306860344658,53.243010810943844,54.00035453018653,53.43745138481533
1274,52.49033449412491,52.76593072422392,52.96273316680626,52.95054574334773,52.81032350699141,52.79597352709884
1280,55.10434521504942,55.86202466188824,54.54961356985172,54.992565861521356,54.60662870398609,55.023035602459366
1305,54.3508200296694,54.123972080545926,53.76676193765939,54.18129379852972,53.3382465028008,53.952218869841055
1315,54.85159632063227,54.4847985328427,54.54421374400962,54.23398832964895,54.6534567541476,54.553610736256225
1336,54.835519515250425,55.484730576189094,55.067122166099104,54.44493891100916,54.0499343860004,54.77644911090964
1382,55.0671269497117,54.993724158239026,55.03085253150958,55.17000704410144,54.696337753476286,54.99160968740762
1393,54.179175067990435,54.28454677867306,54.01560821231982,53.68243283235888,53.705464113478484,53.97344540096414
1470,54.49457113363372,54.42095282645772,54.47614640904075,54.17900788953287,53.85430011090861,54.28499567391473
1530,54.592362088389486,54.90921500229771,55.0013780640634,54.891157151928454,53.87507311339839,54.65383708401549
1546,53.891378670783766,53.740761267583395,53.71187269593115,53.72649401378244,53.790525374673905,53.772206404550936
1578,54.00123709844404,53.87859824798312,53.96879649684706,53.82067536919078,53.66924539471955,53.86771052143691
1580,54.135201433967154,54.93211591386596,54.507315833125475,54.415156476103085,54.62751566573327,54.52346106455899
1586,53.265016712672946,53.55941669108989,53.31193359858467,53.43232127169554,52.855035042510224,53.284744663310654
1599,52.98575408609915,52.57928163551688,53.31309488321528,53.07592118718982,52.61776907474771,52.91436417335376
1607,54.435869695986,54.520471976872386,53.96977140829753,53.56126530872206,54.65195999070022,54.227867676115636
1676,56.366801769940565,56.089772540815474,55.94683650855381,55.793701627384536,56.27887588229271,56.09519766579742
1717,53.95554214274607,53.79983329716386,54.28852600034433,53.89030899170102,54.13566187242307,54.01397446087567
1728,53.54101441438998,53.61726210134525,52.999324631616524,53.31601733056987,53.234498314747526,53.34162335853383
1739,56.463693574341434,56.77579079639395,56.2413721728696,57.27517995408766,54.66879183299473,56.284965666137474
1759,53.1928173859241,53.425269912422415,52.840456521279734,53.32993836934397,53.195885489232296,53.1968735356405
1768,54.39668050198764,54.79184034779487,53.932520892466954,54.08729692458625,54.488168919552805,54.339301517277704
1791,54.96271396552055,55.23379990850348,55.420363726385744,55.302793886488516,54.94806982008069,55.17354826139579
1796,55.16934201566403,55.43106938347427,55.9125843542717,55.67325078535461,56.39269843235441,55.71578899422381
1800,55.751694190034726,55.45051321899092,55.32259825024677,55.00361352066198,54.84024195398718,55.27373222678432
1809,54.40194416157706,54.32034271780651,53.87532387867954,54.41912726917172,53.868684929678665,54.17708459138271
1820,55.835024917885804,56.093175083001896,56.04092085079118,55.671161048394666,56.24268119804196,55.976592619623105
1827,52.62229039606093,52.49980903968453,52.249191247228346,52.65158759851569,52.60731873608856,52.52603940351562
1860,54.70048456971224,53.93092537864605,54.56345493422282,54.40472230414342,54.66541565249943,54.45300056784479
1882,52.617235006693434,52.61915161561352,52.39173475119058,52.86078924406941,52.42481895569002,52.58274591465139
1890,54.111816086825115,54.29714330239146,53.42237545496022,54.36520805157909,53.601411025797,53.95959078431058
1900,53.67264576434609,53.734132543942536,52.960952012991264,53.04278469220346,53.82176725267145,53.446456453230965
1904,54.638886614342354,54.30662232400781,54.21125580137094,53.80277701443056,53.36339188878523,54.06458672858737
1907,52.390893825377624,52.49870863779459,52.3354813614871,52.084492411646025,52.627824197337745,52.38748008672862
1913,52.69892430651683,52.853144241685946,52.2485501814645,52.7914587505022,52.32872913796024,52.58416132362595
1938,53.917481903813986,53.53744761610024,53.67338361883195,53.77237360357444,53.3798092743843,53.656099203340986
1981,57.16931433514557,56.94732401114395,56.22868691551673,55.976797061723325,56.23446991101364,56.51131844690864
2039,54.95675081242669,54.564008230840294,55.78351830348305,54.77264195923083,54.080927822807794,54.831569425757735
2089,53.4411318591938,53.137990135240415,53.550341489124335,53.323727753812804,53.98386060398889,53.48741036827205
2095,56.05289969358087,56.24708778217315,56.1619475924488,56.40945963182122,55.79216548815941,56.13271203763669
2171,54.94654520628083,55.384538972385734,55.46233568142789,55.752356904686295,55.66596330143386,55.44234801324292
2177,53.373972653042316,53.829526087730336,54.127030273053705,53.5816039607613,52.771147353724984,53.536656065662534
2298,54.01268458736354,54.466785078053036,54.83620115869522,54.278991266264015,53.730307791876605,54.26499397645049
2335,53.81989857882519,53.50071693209173,53.893338994961795,53.49918342379951,53.38187989368737,53.61900356467312
2346,52.566183230102226,52.629281412502024,52.73125861860709,52.69788367358717,52.52831852611202,52.6305850921821
2395,54.44885907096536,54.66663319205144,54.530145387065815,54.543946479876475,54.53081075712137,54.5440789774161
2412,53.167172298456464,53.1222495047883,53.18374202984431,53.17062318624892,53.499034873447926,53.22856437855719
2435,57.50621522781985,56.883140846051205,57.63333727199968,57.14031666333027,56.88194815270326,57.20899163238086
2455,54.59948350141799,54.49968842653787,54.485818198047966,54.79468778078794,54.66166879930627,54.60826934121961
2486,54.01067412764637,53.78432259045046,53.3310692439876,53.89627328243943,53.20214272004647,53.64489639291406
2491,52.98358176313849,53.06631336272751,53.17642679557126,53.33001612719363,53.799062496795585,53.271080109085304
2508,62.57144251779677,60.73382307736541,60.711773637603784,61.05861882472377,60.47708322833553,61.11054825716506
2526,53.54643729409588,53.40097155253996,53.84893278956368,53.38514394043877,53.91338491524716,53.61897409837709
2559,55.25425416545747,55.40102799391149,55.37001593505239,55.482752109043176,55.47806209189689,55.397222459072296
2567,64.50862574963224,62.49148922198883,64.60321743164403,63.90662654173691,66.43957792231154,64.3899073734627
2575,52.70274456814816,52.39606342616669,52.709676491298254,52.731964694058505,52.66944890567192,52.641979617068706
2665,55.83100210364686,55.64463695292575,55.73081884925098,55.64111042496918,55.581442687403836,55.68580220363932
2679,55.13561064381002,56.482686601696294,55.86456555717852,55.272416308144116,55.50822653867017,55.652701129899825
2688,53.129074755981,52.91556450780582,52.88210689769885,53.259717601199924,52.789967751904165,52.995286302917954
2705,54.40945144217302,55.023520084719735,54.147340970887925,54.71029911550432,54.403838616827784,54.53889004602256
2713,52.895167385138905,52.736837471227254,53.49939770608006,52.994139169182965,53.177981485029036,53.06070464333165
2729,53.380391200090976,52.91687266910598,53.60954432684947,53.199022559067785,52.95474196236313,53.21211454349547
2731,54.08749752210744,54.761170727807325,54.81705990686627,54.44565352331681,54.666682733529726,54.55561288272552
2744,53.139866314078674,52.91854337825953,53.212468912984775,53.21231487033076,52.78285543442955,53.053209782016665
2790,52.982726360364595,52.883637244229135,52.83733046849156,53.0640788693282,52.61058319208374,52.87567122689944
2815,53.495754811028874,53.52673924382507,53.8563447645729,53.66269355804164,54.14071282468674,53.73644904043105
2816,53.96932668770236,54.142538934885465,54.04445971845382,53.81199113950453,53.542973784321404,53.902258052973515
2826,54.948957451061624,55.2300078458156,55.337055108523614,54.09632037708232,54.21753882403793,54.76597592130422
2845,54.74364644252512,55.04474433474179,55.202325701382776,54.5980858802519,54.706724927330825,54.859105457246486
2848,52.60928283298257,53.010763254285465,52.60669099243644,53.071086024821824,53.168080551582015,52.89318073122166
2855,53.01347135259063,53.03374816349116,53.047173640768406,52.97405973116581,53.16988296492775,53.04766717058875
2874,53.37199044946061,53.99492331520038,54.03309790746738,54.53616720569849,53.99597188910469,53.98643015338631
2902,53.606763608271265,53.58312471786218,53.471199738008224,53.55178616955681,53.51106780545511,53.54478840783072
2917,52.39712904000434,52.611505339641994,53.15630283856263,53.015907834979195,52.5558396489715,52.747336940431936
2941,53.136405224205085,53.12845159318305,52.72640071198313,53.039132749136144,52.199827010048594,52.8460434577112
2974,52.98858905393419,53.045737789796476,52.00344567825546,52.30486746230024,52.21587004160369,52.511702005178016
2981,52.50743852906386,52.366150688730855,52.076050311520575,52.39368574376646,51.945170755982325,52.25769920581281
2984,53.04169920298702,52.686911389636805,52.41757880604731,52.68802280147574,52.24498340315738,52.61583912066085
2999,54.2063806858353,53.47184097707532,54.05935786687638,53.66426716514776,53.978846289408395,53.876138596868635
3001,52.89063325533644,52.78582978546024,52.76450285822646,52.80975226145467,52.252775257887826,52.700698683673124
3022,54.03386673618449,53.897500906956196,54.3722086340692,53.99713135051856,54.65990847807896,54.19212322116148
3047,53.59200261693714,53.79305071191363,53.5586755194915,53.766634417716276,53.968414246674556,53.735755502546624
3048,54.54143255496644,54.504453769264266,54.59179704346835,54.269728738061744,53.931494321792215,54.3677812855106
3049,53.53871573289834,53.57717334938699,53.75816433290825,53.612935471489486,53.38658702646615,53.574715182629845
3050,55.31551423777949,55.25613465798635,55.20524802796173,55.1252172982275,54.814691447167476,55.14336113382451
3054,53.24277483338649,53.21506565694462,53.12368434727752,53.220401088791775,53.286159144776526,53.217617014235394
3066,54.12138433789058,53.59659129383954,53.71233690614996,54.32471492608961,52.79148447056643,53.709302386907225
3186,53.028431821916755,53.07925912512294,52.783277451880735,52.57200944875149,52.72147933040258,52.836891435614895
3197,53.71132188633892,53.54851741947095,53.70750082926497,53.583647795869396,53.940713068026334,53.69834019979412
3206,54.262950431783466,53.84440672817517,53.2330961867637,53.95011297737811,52.82080625182839,53.622274515185765
3220,53.060732292058816,52.77451508317033,52.49503964683086,52.84787150118301,52.52332331817388,52.74029636828338
3233,54.33501389489571,54.17088579071567,54.2691624121751,54.07282799646917,54.44717598928553,54.25901321670824
3239,54.02019239296072,53.77650298919565,53.552622273844705,54.140013062796086,53.760987680266695,53.85006367981276
3263,54.19003297680274,53.910018928284686,53.93902662196593,53.67000393229388,53.60484754254631,53.86278600037872
3269,53.1257438155118,53.01447499496829,53.345104479799254,52.926035399705974,52.7077383175401,53.02381940150508
3270,52.195011053816785,52.72945672590197,52.57612381771823,52.50056444559333,51.93674757482903,52.38758072357187
3292,52.59422692700548,53.11470477365716,53.256496703514046,52.82991974716188,53.70215490875553,53.09950061201882
3293,53.005779671602,52.654586176181475,52.72000790392656,52.4503747975697,52.47556155399309,52.66126202065457
3350,54.08071315243461,53.81438896596612,53.576877051773366,53.99760427099952,53.512070504947616,53.79633078922425
3357,53.30592055639872,53.26792101904,53.43942630722411,53.30990871637174,52.99523169186233,53.26368165817938
3380,58.838139499470856,59.44118100444767,59.42583347575723,59.35778006211014,58.558358369037265,59.12425848216462
3408,54.0610188243925,53.92275429789986,54.559258700958104,54.440372313873354,54.817000613212386,54.36008095006724
3437,53.17220284293756,53.271510556831714,53.35815164132538,53.23382253833964,53.12794777618481,53.232727071123826
3471,54.915385797147216,54.54218987401666,54.80083452465437,54.67302311703219,55.419189152379246,54.870124493045935
3480,52.76349121649679,53.12610465323777,53.10844530672856,52.58469638222029,53.14129568064068,52.94480664786481
3513,52.81289335175954,52.753760018393216,52.847149083491416,52.5097326291994,52.83223065010972,52.75115314659065
3515,53.31323507983458,53.23377167837991,53.585942614605365,53.63147297020009,54.12498001797604,53.5778804721992
3517,53.97320431816046,53.73804658029347,53.37492868456719,53.55102123404282,53.68988705440761,53.6654175742943
3534,55.02567861931623,54.78787311283176,55.666234469193064,54.81157959378609,55.60687812067463,55.17964878316036
3551,52.525041981665986,52.49152212811077,52.71691131958964,52.48956457913643,52.85792084707697,52.61619217111596
3563,55.085547847587875,55.261597488761765,55.408072456553306,55.63201298533101,54.57099126041494,55.19164440772978
3588,53.09274068209655,53.328174970868844,53.4464556705284,53.38074548401096,53.390154081965356,53.32765417789402
3599,53.67497681639951,53.87061472449135,53.70392378434306,53.42011291841369,53.367747682897246,53.607475185308964
3634,52.679770674531184,52.94206264645802,52.80581003846294,52.58393827864542,52.60898617713414,52.72411356304633
3717,53.29635649688445,53.3424859268155,53.52374996568169,53.5391594985629,53.6631871623483,53.47298781005857
3720,52.571449105777674,52.47813485191912,52.38004087687683,52.32565006282484,52.18924436688047,52.38890385285579
3740,52.69715730845154,52.65351118090845,52.476048875148095,53.17412960869244,52.61139534536049,52.722448463712205
3781,52.72771447230933,52.370950024764525,52.77090096835381,52.69643640740182,52.966425201544794,52.70648541487485
3807,53.09633140985862,53.41339333070607,53.34232819079446,53.04737569782555,53.26605583481884,53.2330968928007
3831,52.3608731145863,52.680491181551105,52.59753882356765,52.204313234486364,52.06863500635008,52.382370272108304
3836,53.97019478697911,53.50691335311244,53.16593448408248,53.75570178194532,53.65301828411707,53.61035253804729
3853,54.041290842164884,54.323336064522714,54.63316464026178,54.26999619254046,54.988577213376,54.45127299057317
3868,53.88541788826483,53.607259801499225,53.720781076272345,53.664325113091024,52.55315058309408,53.4861868924443
3889,53.780780111379926,53.42175563919926,53.33590872689555,53.63073167431969,53.37287030339611,53.508409291038106
3902,54.588685921509295,54.55056149704318,54.99137072206499,54.62993159760841,55.804870165236125,54.9130839806924
3919,52.726061037186696,52.65731453749723,53.339261307085074,53.07865107579758,52.65104434910165,52.89046646133365
3977,52.06156359238503,51.96215600235004,51.747554093024654,51.87295085153202,51.56223013435664,51.841290934729685
3983,52.674985827104514,52.73609738543588,52.79630160741719,52.69493956345865,52.41802709329416,52.664070295342086
3989,53.58711812260545,53.20520851297252,53.534891035783986,53.743952533458184,53.149411810928925,53.44411640314981
4119,56.07262669971807,55.28750453615466,55.5261170610732,55.133611665591786,55.23727389071766,55.451426770651075
4127,53.5910058280746,53.52633162070699,53.50739718705434,53.21190958061206,54.11325594981582,53.58998003325276
4136,52.535125891495895,52.57564528272903,52.5188343495666,52.621443804315476,52.091472465419315,52.46850435870526
4181,52.99792842627693,53.11472762148811,52.88263693877846,53.00164164641469,53.09206236771688,53.01779940013502
4247,52.59850282045235,52.53618676028472,52.216805175994566,52.62254967440032,52.40925410796211,52.47665970781882
4263,52.933879062291226,52.86916162670025,52.16439847983685,52.50325286309267,52.82822600999256,52.65978360838271
4272,53.738347900222394,53.81081839982522,54.36816168635746,54.0452429382381,54.76014264682195,54.14454271429302
4292,53.04208834294868,53.00709925606708,52.7999590722185,53.089836132005104,53.67843843056048,53.12348424675997
4311,53.21502587007976,52.798764242988355,53.27974214691876,53.2898216251717,52.596671904827886,53.036005157997295
4327,52.27980468176093,52.40625805743344,52.26614878503477,52.23381156705931,52.28904553275618,52.295013724808925
4457,51.76179169712317,51.880519865502166,51.99157640164356,51.92643573959673,51.62156363847771,51.83637746846866
4479,52.59558568432862,52.45926587599316,52.324465211560465,52.166428947203116,52.28317175998208,52.36578349581349
4488,52.70868166406423,52.66648509681693,51.92150121882263,52.77608658957412,52.10012284451365,52.434575482758305
4515,54.08926942692024,54.027637287428455,53.849378533073356,54.13804197425412,52.876692643225454,53.79620397298032
4520,53.69717483050875,53.5911718533485,53.03577492682733,53.36383219031535,53.0861097108198,53.35481270236395
4559,54.43464311989921,54.648241847723405,54.47013548657917,54.372758260876694,54.28772689934512,54.44270112288471
4585,58.48274674945857,59.74103221072271,59.727763392609525,58.749053152106214,57.31460216092249,58.803039533163904
4590,54.295450710690346,54.17267937522796,54.08041906579061,54.43834600716522,54.56646287431691,54.31067160663821
4697,53.602167026081844,53.32872253950086,53.44830596816644,53.13606357443588,53.06655964628799,53.31636375089461
4785,53.12414409574313,53.49518990647921,53.7732140248051,53.93568132856935,53.924048465308026,53.65045556418096
4786,53.2255269888457,53.401654270190775,53.39468025062412,53.071583544811475,53.001201848695175,53.21892938063345
4792,53.09557822715335,53.35060951642618,53.46795000415392,53.023412826597166,53.17576027234614,53.22266216933535
4800,58.39097968897126,58.068958857163494,58.40889005390058,57.86215109911953,57.11049997077552,57.96829593398608
4818,52.185207982740714,52.39173384916042,51.99688900701512,52.22088236441405,52.38348231026383,52.23563910271882
4851,53.36007467597244,53.18521637693647,53.26913477228736,53.04469913096193,52.89589095333636,53.15100318189891
4854,65.86399084142224,66.58404569301388,63.582616129763046,65.76950799585272,68.03377575169704,65.96678728234977
4875,53.34211663214349,53.542133475393896,53.31785096354778,52.928743499368835,53.390023286108224,53.30417357131245
4879,57.881726255861665,58.93998138128299,59.379238114365265,57.55045414514565,56.754871120395435,58.1012542034102
4968,56.3764172301059,55.842668897716806,56.61302535942747,56.98518913726733,56.448073780958865,56.453074881095276
4992,51.802893166885234,51.56449414748893,52.00335504349553,51.9984594711606,51.737541600352735,51.8213486858766
4997,57.08603241537817,57.438936057156404,58.028550929387194,57.00599006458062,54.97255830376976,56.906413554054424
5034,55.095237351190384,54.82210173924063,54.332199349809095,54.7976802887043,53.94506694408414,54.59845713460571
5074,55.55789698101809,55.647430930012966,56.17533455698006,55.512198799574676,54.918735892651824,55.56231943204752
5081,54.208155622659675,54.599281399558016,54.99305918277341,54.4111694481561,54.248659095350874,54.49206494969961
5097,52.78187804569677,52.795727297287634,52.92728950486266,52.94699289063338,53.29468585531906,52.94931471875991
5271,54.26189714238461,53.272752633291816,54.14156420462278,53.868802526018335,53.63043485937512,53.83509027313853
5282,55.8602711524488,56.24977399160345,56.31784382376016,56.557638166081674,54.99295932270732,55.99569729132029
5299,55.88632364777334,56.037711885798444,56.227721644471956,56.121774273205915,55.508048536107,55.95631599747132
5342,54.519508696639164,54.12276392038966,54.26659551831199,54.258903625008,54.93824567712274,54.42120348749431
5345,54.19894437329793,54.311426871268026,54.76627331657093,54.95017236096557,54.62503565408866,54.570370515238224
5371,52.60408185386383,52.743201580596306,52.97002524909419,52.737893259483286,52.83218994845502,52.77747837829853
5447,54.526419605032686,54.42663889676426,54.57395517704664,54.46295363595341,53.96777925170032,54.39154931329947
5469,53.35326813162749,52.61514228556508,52.82793998074709,52.890951552093334,52.9100516587455,52.919470721755694
5534,52.568084911550095,52.88750031373901,52.994257315073924,52.95852565346739,52.50949683089067,52.783573004944216
5623,53.44343031338433,53.45314134637158,53.53713298699226,53.556317879967565,53.8841070836785,53.57482592207886
5624,53.5003196183561,52.622716752140605,52.51229288209156,52.7619081673503,52.99281798866775,52.87801108172126
5659,52.340732838557486,52.22635417699949,52.41458284434725,52.45916898599849,52.23648175201876,52.3354641195843
5662,51.9902167941255,52.26405838383384,51.726613125263,51.9602678038885,51.56061742020273,51.90035470546271
5664,53.944266245721245,53.724237387446145,53.4769387959479,53.558354568655645,53.30370859388947,53.60150111833209
5728,53.46207209378975,53.53063395409827,53.333822700555395,53.18553007886524,53.13345629689545,53.32910302484082
5734,52.06961792617926,52.052702535955476,52.20433406168172,52.34801283897259,52.026386196874014,52.1402107119326
5745,56.26803365974679,56.99172440654762,57.396775025342556,56.920852072951604,59.29473548970468,57.37442413085866
5748,53.39660808057371,53.21679879706734,53.85881224560657,53.23472039272355,53.2807509731591,53.39753809782606
5789,53.205274273562225,52.60950963961261,53.20905502200377,52.64751029217526,53.44686015298184,53.023641876067146
5843,52.69278456578064,52.77532216558617,52.96574819773795,53.046743383395146,52.416265434056484,52.77937274931128
5937,53.638589757734856,53.760031230640614,53.85541799454875,53.724535855664456,54.33908091099927,53.863531149917584
5986,55.09592700133513,55.59145107318233,55.157985030034794,54.737113678951744,55.09584123379513,55.13566360345982
6049,57.29627749780046,56.533010434734976,57.35391733486619,56.83709843733071,57.77046268159175,57.158153277264816
6065,53.895724155849635,54.13237890046035,54.25081342727492,54.30233120558309,53.66921080443683,54.05009169872096
6111,54.07347443916002,54.31056002595184,53.79725423416497,53.81305845565514,54.07831755133938,54.01453294125427
6148,54.08717445737416,53.53473172306604,53.42579637793966,53.77132977917532,53.17643387462687,53.59909324243641
6149,53.55552025026314,53.403248846062304,53.504369179007575,53.71011760635151,52.816220325762515,53.397895241489415
6192,53.48062807871356,53.41472202345951,53.115732870800144,53.41766132889667,53.76860781312473,53.43947042299892
6230,55.9819822323849,55.97472880849938,56.5986061349184,55.49333826996954,55.38630735653214,55.88699256046086
6257,53.39303817715047,53.54574255472964,53.55556600620743,53.745629657462075,53.773160934734726,53.602627466056866
6269,54.33363929452499,53.76386699296371,54.28164614272036,54.40682151637641,53.6461966439583,54.086434118108755
6275,53.39677260344769,53.442370820023434,53.348957484462474,52.95341836483057,53.86087478500946,53.40047881155472
6281,53.4407751784084,53.06139016520078,53.08944751227332,53.008367523989804,52.92185184567631,53.104366445109726
6295,52.54268360640458,52.960921994399484,52.81213895088342,52.64329533252401,52.62096543699157,52.716001064240615
6300,52.59659499116907,52.359828480404154,51.991775212750454,52.3162295681779,52.249810796414465,52.302847809783216
6312,61.96588195296836,60.911558654791115,63.099808057518885,62.14583539089749,61.49985076566324,61.92458696436781
6319,54.442663390066805,54.24765448553677,54.15137201135011,53.70710480521658,54.057150986488494,54.12118913573174
6334,52.75830094094032,52.61355182036184,52.80760615970305,53.18769922080606,52.025280423518126,52.67848771306588
6346,52.47819300997136,51.9187095430047,52.14244150843061,53.226003066168346,52.500791847212085,52.45322779495742
6358,53.31888033189172,52.9182061456749,53.36061391242818,53.0035319206026,53.216667573105795,53.16357997674064
6368,53.711321755769035,53.6676919240838,53.144658438307246,53.1020384860034,53.924037890744366,53.50994969898157
6382,53.744464539398024,54.1986511674792,54.242138394685824,53.81481419029335,54.60738439203611,54.1214905367785
6395,53.08279924916478,53.93824437826682,54.23910355963227,53.77847098073559,54.59703401165683,53.927130435891264
6419,53.164146089688344,52.91229260463177,52.76504174092989,52.98509540435376,52.79115290285493,52.92354574849173
6426,53.954098581120356,53.75889485818402,54.12807870168186,53.798202540946306,54.52308850185075,54.03247263675665
6456,53.103585791035385,53.675636859619615,54.30347425692379,53.97811198825387,53.54309595708862,53.72078097058426
6478,53.54062975327308,53.91784829257473,53.81243888283704,53.84287300284103,54.34690217510783,53.89213842132674
6545,53.44449382166158,53.37164101430753,53.1386182629731,53.15984466675871,52.574290655217524,53.13777768418369
6584,53.96598439622741,53.77544244232088,53.40004494355894,53.407279493954825,53.889967185320415,53.68774369227649
6587,53.0731630758914,52.42961520099756,52.47554373712482,52.80206024435836,52.61298636838488,52.6786737253514
6599,52.90500308860396,52.82199265065054,52.632174856771314,52.638806819554034,51.84972648276744,52.56954077966945
6625,60.298553592919234,60.57276934641952,60.42597855611893,59.860974319711296,60.73754395259809,60.379163953553416
6671,53.06636377517076,53.161288728659294,53.183242198498455,52.739810879677066,52.66377391138821,52.96289589867875
6704,54.65133991240401,54.91756518708392,54.3732709614646,54.469524996185285,54.67151932308988,54.61664407604553
6811,53.36264542960643,53.370366639430415,52.48782445702758,53.28923223580186,53.36961414283373,53.175936580940004
6817,53.780166917385756,53.537415669394235,53.24840924615994,53.523570365512086,52.85429381692215,53.388771203074825
6845,53.73573731201871,53.78351240562255,53.72166969159484,53.67150415060988,53.392139156059685,53.660912543181134
6954,52.803091288066256,52.94085446133873,52.772649722093576,53.4501954578372,53.06367386135869,53.00609295813889
6957,52.487665656747794,52.28306305030297,52.71690167555216,52.41859813170301,51.766394944867166,52.33452469183462
7035,61.058942574609084,61.11768869958878,60.93380380717544,61.13621183624106,58.804713379857844,60.610272059494434
7052,54.27168726353639,54.58979632881231,54.000990309329424,53.90164887226543,53.7912527503635,54.11107510486141
7145,53.174767439282135,53.18565853396203,52.866967374789525,53.24737168443569,53.79923515256344,53.254800037006554
7160,55.94845808300337,56.638695511023265,55.976226652610876,56.206700144007456,56.5219080048868,56.25839767910636
7185,62.32257554966115,62.66504486653989,62.12504016349059,62.1166337541439,60.96303355112344,62.03846557699179
7206,54.74445265718137,55.034318219172064,55.36679067531108,55.28394800001702,55.041027751165984,55.094107460569504
7231,53.08422628037269,52.732469958320564,52.780609530137696,52.563175557940724,52.71698815447985,52.7754938962503
7247,59.265999230392495,59.13027252984173,56.847379080529336,58.832926622844475,57.16642352682503,58.24860019808661
7258,52.539908592149864,52.424525790658905,52.27335920024857,52.40585846920442,52.37061055597431,52.40285252164722
7260,53.504343861458814,53.59553770608858,53.32680767287854,53.76670287896719,53.346720843728576,53.50802259262434
7263,52.97462102735126,52.802449757543634,52.6574896653908,52.76333758762746,52.624069009880785,52.764393409558785
7353,53.35228919447384,53.299925903703894,53.02915565602084,52.9416000010456,53.938890539172064,53.31237225888325
7364,52.798066581603806,53.10458328435392,52.810390826866325,52.960551129742214,53.4259727135849,53.01991290723023
7382,52.982124144907246,52.782472285980006,53.25520691779148,53.06529695800873,53.571940033455604,53.13140806802862
7405,52.77831097685511,52.53763499052525,51.88825480880424,52.57658262118751,52.34003169668647,52.42416301881171
7477,57.769370169961675,57.445989559910174,58.58496569427295,58.11075545001406,55.43239465804375,57.46869510644052
7503,52.64964097849493,52.800401810857906,53.11472750152666,52.90816258450907,53.511044245346014,52.99679542414691
7516,57.50734991765763,56.04954012591004,57.17672382376546,56.841156135767974,56.728089749450334,56.86057195051028
7550,54.50445259457405,55.019876185359266,55.31868222595656,54.87483243528723,55.498698008763895,55.043308289988204
7625,57.61857354149068,57.73716079389861,59.46646273961177,58.27806976783462,60.66786824288473,58.75362701714407
7626,53.01699959915419,53.41979498257868,52.861251664661054,52.994570899007044,52.58505515985739,52.97553446105168
7647,54.423655433475346,54.31519016158886,54.37988069899096,54.4596664597112,54.2820587149601,54.372090293745295
7716,57.066323745735964,56.462935463662106,56.746197603960944,57.84910266379117,58.325869912475085,57.29008587792506
7813,53.890953659979075,53.99654203594059,53.21968925750515,53.600137772762565,53.63152541797329,53.66776962883214
7822,53.95851852720881,54.01077654739092,54.30821950836943,54.280174011071836,54.611534428030865,54.233844604414365
7840,53.05119729520026,52.94021718655095,53.72211270858374,53.38430230700051,54.362398964416,53.49204569235029
7854,55.223283210347105,54.99002014118913,55.88636960873899,56.00967277810534,54.273143400179436,55.276497827712
7862,53.84585500145943,53.20622235166196,53.56489376684259,53.74273979839477,52.99727771906431,53.471397727484614
7872,52.16175862191109,51.925672260008355,52.24457325533529,52.02309344728643,51.957658012087805,52.06255111932579
7896,55.12801519870414,55.49798832224151,56.56184229083762,54.806057862297195,56.15820105567182,55.63042094595046
7930,56.55566416951436,56.97241318962473,57.89541756770152,56.726298042891024,56.6048763921638,56.95093387237908
7949,53.3347207816105,53.35635346473517,53.56405650696067,53.3888611370416,53.00151379612676,53.329101137294934
7968,55.2730829570728,55.46095605039061,55.040082778320496,54.975345534210916,54.331394563336204,55.01617237666621
7995,53.50360554874484,53.610900900453345,53.23700768287428,53.06432667895426,53.13471684394786,53.31011153099492
8062,54.026885276618856,54.279676957965364,53.892914858431396,54.05783087602093,53.734894635921236,53.998440520991565
8065,53.24782654146646,52.81073463007091,53.41858423133064,52.996921095970706,52.80042883892952,53.05489906755365
8085,53.37013575424817,53.16109448077439,52.96332320744416,53.14171790884329,53.63464918347941,53.25418410695788
8134,53.78555109900019,53.557535342186796,53.16117128560913,53.35147614382795,52.61277435895323,53.29370164591546
8147,53.06083303389565,53.247667564875314,53.01199124166117,52.80358540121579,52.532905444627644,52.93139653725511
8186,53.658049174222576,53.30208732078195,53.791759962590795,53.18678936322294,53.562873501012305,53.50031186436611
8267,52.42689793879536,52.71775578706393,53.52394188072592,53.323215044052475,52.620044375938235,52.92237100531518
8269,52.547899949993926,52.91249561692612,52.6300655798224,52.81239992415325,52.39750116319459,52.66007244681806
8288,54.73867149826252,54.38704087388233,55.09819619066022,54.99599612948301,54.32969371755162,54.70991968196794
8290,52.7920625192559,52.45364945094604,52.21287052350931,52.67995942070763,52.80913671641139,52.58953572616606
8310,53.169094715445496,53.265094331360004,53.11664990872251,53.25341762732593,53.18416619205148,53.19768455498108
8318,53.436122059669714,53.25881330611135,52.885735175338205,53.317593775109636,52.99708872897737,53.179070609041254
8421,52.66398692490624,52.29571823789921,52.71368956986889,52.576539313804766,52.421040674526196,52.53419494420107
8458,52.61412920656727,52.75241817537956,53.030592560814895,52.89936419193485,52.90765243864876,52.840831314669074
8462,53.57367478043775,53.78265494998988,53.58285121954165,54.207303130592166,52.83276341916702,53.595849499945686
8490,53.521694341767066,52.31837165718348,52.43052167791734,52.30573986877524,54.04145291306272,52.92355609174117
8553,53.23105324439642,53.362336997093834,53.18822146226824,53.22538636394927,53.251742726352944,53.25174815881214
8599,52.73410672698642,52.6773843408435,52.02316565032318,52.701772145422865,52.696024617367755,52.56649069618875
8625,54.07808232778729,54.060981289091345,54.50466209827937,54.03466795925704,54.809407975648085,54.29756033001263
8663,53.3275715952277,52.95087636372812,52.726006496499295,52.56608272936536,53.232288352517884,52.960565107467666
8742,52.47616110847396,52.41638733166432,52.033478525280785,52.51581324260373,52.271056059851674,52.34257925357489
8744,53.10218908830902,52.94491669530341,52.9614770310025,53.00011890763102,53.296185965891205,53.06097753762744
8752,52.4422665386149,51.91616077802993,51.36924442828367,51.67239875533835,52.080319359878814,51.89607797202914
8802,52.78243678935934,53.07222749492845,52.68040548515629,53.07525988065697,52.48761400620398,52.819588731261
8877,54.169054435026275,54.13954125875846,53.8378174730565,53.80706151047559,54.01498897096464,53.99369272965629
8899,53.02013535003444,53.20872344503741,53.14000954449834,52.935628808618716,52.77537521516803,53.01597447267138
8936,53.99817411615371,53.74504411033149,54.14441429288071,53.72733150050858,53.40846924006105,53.804686651987105
8957,53.68187644402528,54.07011478944018,53.78451192723997,53.94896940636819,53.75515741307744,53.848125996030205
9005,52.77710082758918,52.77896438385898,52.805811176148666,53.09883747990405,52.950498840924574,52.882242541685095
9057,52.943213006966886,52.775560246659126,52.97502666007834,52.80090401316983,52.95684960018798,52.89031070541243
9062,53.99816073865357,53.97164448478945,53.87895078832041,53.67062137120486,53.97324623126333,53.89852472284632
9094,53.450036924990904,53.02631813263781,53.051084699517276,53.26101614172069,53.533554124144786,53.26440200460229
9101,53.88865201531725,53.657994484063494,53.48058707656996,53.119811801420326,52.99819883691718,53.42904884285764
9138,59.22486670729024,59.45547413369948,59.11773398513394,57.821711068672755,59.775658669865024,59.079088912932285
9230,53.4889998422604,53.80969530270622,53.437945661461775,53.59557537718814,53.648185513435706,53.59608033941045
9251,60.84442323115971,59.774209730258875,60.54065207344354,59.978579802424235,57.155334250082944,59.65863981747386
9283,60.409735947148974,58.3089668557891,58.7591723403679,58.49338488571583,56.88590877436326,58.57143376067702
9306,54.84272908718748,54.699410045259725,54.22148138996856,54.57541745409614,53.40348168586272,54.34850393247492
9335,54.57646282771648,53.80254367179202,53.45941716975233,53.80480064168822,54.35475799604128,53.99959646139806
9351,54.1630267846317,53.446957206556135,53.7254767434148,54.13714974684687,53.951081972345634,53.884738490759034
9386,53.80157474737099,53.4511595328608,53.46013685582278,53.623515117061615,53.40890967266245,53.54905918515573
9397,53.788517000329776,54.087829214047794,53.976749965722405,53.331020574763286,53.669517274244825,53.77072680582162
9412,56.538711995817394,56.23221181506479,58.36398443436046,57.326781899731394,56.83467223011113,57.05927247501703
9421,53.506937309472754,53.793953709169614,53.89037537896415,53.45132825510273,54.159671125836184,53.760453155709094
9469,55.50918019150585,54.74992358576151,54.70508827497953,54.475293971698996,54.09108606074378,54.70611441693793
9478,55.22864374604045,54.77211939311974,55.10191513019356,54.39676310651913,54.91696214995129,54.883280705164836
9487,58.06782458234362,58.294105308430176,58.55574795164449,58.64949705564029,58.912761871411746,58.495987353894066
9525,53.86481202662211,53.51249506835575,53.45502147339396,53.903918913089754,53.14232903062269,53.57571530241686
9531,53.162464769689336,53.380990501542314,53.24193816556138,53.26485699330554,53.045806782041595,53.21921144242803
9538,53.70920014849378,53.727529132208886,53.73975874579767,53.768573654873606,53.49939602691474,53.68889154165773
9544,53.77178834650023,53.11318092878183,53.439127221612246,53.15717012346252,53.909378074991324,53.478128939069634
9581,52.11956899312199,52.142616812349615,52.46283476453586,51.981817032300896,51.897252863665834,52.12081809319484
9623,53.38228592999209,53.43128351784987,53.86285742923316,53.26870451885169,53.91778040936563,53.572582361058494
9635,52.96425127579678,52.926230614747666,52.5378836022394,52.88052271052649,53.99468641768876,53.060714924199814
9641,53.36172223671845,53.30411748313694,53.324674063039836,53.30773707336692,53.7846561216069,53.4165813955738
9699,52.720644041773326,53.533978380524616,54.02220664214733,53.38071325536201,54.63840505640367,53.659189475242194
9722,53.64686286957665,53.465440487711966,53.76937215100013,53.42507218034294,53.700246245352105,53.601398786796764
9763,53.494504959541885,53.71554058595868,53.315875554215225,54.01285954814854,53.24809279299572,53.55737468817201
9764,53.18114239265684,53.310683930146794,53.033007967847254,52.58354773398723,53.19788628255175,53.061253661437966
9768,52.69955475419215,52.784413850191754,52.592425930271986,52.61487410319562,53.034956823396655,52.74524509224964
9788,60.5812702358241,60.09925229402969,57.7680065722697,60.65843783992338,60.02537850778718,59.82646908996681
9831,59.585536001661325,59.41214428680762,59.13765121273728,59.53934364479707,58.02992670753285,59.14092037070723
10033,53.736244335233884,53.35279936725168,53.02660447523361,53.307526400508635,53.32616204083918,53.3498673238134
10053,53.12788203187556,53.16816046569111,52.56049820677505,52.72560288197775,52.68032509320839,52.85249373590558
10060,53.09770746191251,53.43034807509325,52.55968485819376,53.32840456155245,53.62703958423819,53.20863690819804
10116,53.61757997168981,53.90388616205877,53.784604944352694,53.59270748123541,53.55248518333907,53.690252748535144
10118,53.19881666800747,52.97299201335031,52.86620321304828,52.792035919011425,52.775324832720784,52.92107452922765
10120,53.11801164168015,53.50523934395427,53.21624224389355,53.36332779599565,53.51135959112926,53.342836123330585
10163,52.611302315343856,52.52067434189904,52.696999370304624,52.720955654498994,52.41350097328667,52.59268653106663
10195,55.25223335897761,56.175374313644284,56.6272128409402,56.41324887648754,55.99112946059091,56.09183977012812
10239,53.08736304749189,52.9949382355744,53.127751206969506,52.666014936592276,53.38254625312337,53.05172273595029
10249,64.755062719732,63.616809159356535,62.422425459703305,63.37746386174991,63.3718647707726,63.508725194262865
10259,53.77270310763933,53.6380526067708,52.71431219197004,53.48613281422452,52.54168886245289,53.230577916611516
10302,53.898342828029016,53.97320335015607,53.59193436185966,53.706592333290885,54.10012796873674,53.85404016841447
10310,69.64843800552771,69.8459995151546,69.32924246777569,69.700759930707,69.74776382635456,69.65444074910391
10336,55.89264923883702,55.93255935632258,57.41714924508914,56.80224131439904,56.433664189751575,56.495652668879885
10478,58.46271941672056,57.89321358724466,58.58453332902745,58.47253981391922,58.305717396314506,58.34374470864528
10500,61.89717833679869,62.7119547975899,62.78062445434749,61.76408603626028,62.37735226081095,62.30623917716146
10516,52.243941572415466,52.18149901188982,52.21640711219878,52.190885032314974,52.053720627084274,52.177290671180664
10587,53.962808083699414,54.34529495246437,53.624625534891734,54.44453366193162,54.17992617810292,54.11143768221801
10600,53.69237817139214,53.695272357655064,54.03487637870042,53.85863196902644,53.974885450654305,53.851208865485674
10679,54.146337501916754,54.06427336053055,54.24953426110918,53.94990654831439,53.113975422904616,53.90480541895509
10702,53.02681357370149,53.51233311972904,53.45144847427774,53.35935623929382,52.85911118703747,53.24181251880791
10746,52.52060677001647,52.636253972405086,52.06430682730215,52.4544355561853,52.307294405233165,52.396579506228434
10753,60.02248150563092,60.905460796374314,61.7543346377126,60.18509734513421,60.70814910852168,60.71510467867474
10770,54.90104013751246,54.86694885374986,54.32364061823567,55.05570300070124,54.45152199974792,54.719770921989436
10786,52.538037283348444,52.660077058140985,52.35692919113815,52.42713535378407,52.8384724651028,52.5641302703029
10795,60.67056869033809,59.5552671507497,59.56853764026843,60.545950586413724,61.05450995874948,60.27896680530388
10797,52.432405512332366,52.17915130249323,52.39144478572975,52.292429597741496,51.49518307740635,52.15812285514064
10814,55.00270027058499,54.91604293907533,54.69790591350555,54.87023356313748,55.25735198679355,54.94884693461938
10826,56.984646843385505,57.67153438434239,59.10203119841544,58.99493022507682,58.91616413937765,58.333861358119556
10830,52.965267282990354,53.495872282864326,52.973609374989266,53.179952562233666,53.253324507967285,53.173605202208975
10868,52.82526563458721,52.78849523516776,52.604246166133606,52.720918842321524,52.55257621624463,52.69830041889095
10931,54.009043116875304,54.384582049615105,54.20892171225501,54.142308417091954,53.42911602947768,54.03479426506301
10946,52.64642332345574,52.52870939798791,53.04123549230165,53.324623097184414,53.37746733882987,52.98369172995192
11119,53.06364838659613,53.369462963669605,53.03815954458101,53.19015511451152,53.0003852144271,53.132362244757076
11205,52.802135008438356,52.61201353500293,52.65526046251147,52.778647129370384,52.842994971143156,52.73821022129325
11219,52.92738869831649,52.52056557062152,52.905093849780556,52.82244263735399,52.99279479802303,52.83365711081912
11239,53.38936816600368,52.66433177730674,53.485009932448094,53.611224498864075,53.75118279585446,53.38022343409541
11290,53.134318720902506,53.00433273697152,53.53052449609311,53.020810813796935,53.13983585885039,53.1659645253229
11309,53.84347194632859,53.94409303376649,53.52396702709747,53.523510659923545,53.304987699512864,53.6280060733258
11341,52.556226586000975,52.59754600466731,53.20649245843984,53.217157315713976,52.95766050908277,52.90701657478097
11473,54.50123545789484,54.30675891285962,54.125390806222356,53.9169575233405,54.025871547735335,54.17524284961053
11493,62.19032371239661,64.09546600502934,62.32678121723485,62.03012856693044,59.01114872118086,61.930769644554424
11511,52.967789327380004,52.98260454476256,52.88399609477857,52.93350546342671,52.65818044787063,52.8852151756437
11537,52.236899050213964,52.402532614335094,52.57939113093795,52.432765157829095,52.06981398273581,52.34428038721038
11542,55.236806671164146,55.57643466250809,57.11922800420799,56.70757471157886,55.30855306775585,55.98971942344299
11563,52.811920407148214,52.5905526127475,52.872712440524204,52.79729312637837,52.45385879748314,52.705267476856285
11564,52.38507787399075,52.39340368304917,52.288546386824756,52.42834424802764,52.50034343109408,52.39914312459727
11573,53.39943151577515,53.060373168260284,53.48447060221925,53.230688129035386,52.9929884524247,53.23359037354295
11580,53.62507070052481,53.78733398362161,53.78362886139763,53.80046253568106,53.75518438704548,53.75033609365412
11626,53.42765416569209,53.111374520135094,53.23125775280238,52.89999620606447,53.34416870863117,53.202890270665044
11658,53.45785068396167,53.90690720891751,53.30644022640147,53.71924638301704,54.275051438617794,53.73309918818309
11672,59.51970189826588,60.43353717006799,60.396434798724286,59.59950616891622,59.66014858228211,59.921865723651294
11692,53.13150274435624,53.4717736561217,53.30573093741144,53.59909407492755,53.71883866387522,53.44538801533842
11769,52.80420764443548,52.96478445611808,53.41053059679297,53.11086984732128,52.54265344613712,52.96660919816098
11831,53.83548716073257,53.758243621271895,54.02282870116349,53.73046803138239,53.94480131673642,53.85836576625735
11832,53.22464517618161,53.06605606495992,52.754465685934946,52.95282867480556,52.771857330068954,52.9539705863902
11847,52.713284293339115,52.91970762888688,52.7143160048214,52.79762131945103,53.27204341470669,52.88339453224101
11849,52.37250905331845,52.36077517892548,52.763450387904584,52.61519996661123,52.63384323403425,52.549155564158795
11870,53.164693434770186,53.04707520699851,53.22816819037137,52.877466109606466,52.99128002916817,53.061736594182946
11885,53.362685437745526,53.62602097738162,53.400522921097846,53.50427440868491,53.09181796770427,53.397064342522846
11890,53.15049451406914,53.295780824305666,53.24746662732059,53.29751932426382,52.458453839887895,53.08994302596942
11941,54.17731278334264,54.11948824092118,54.49423881624114,53.86677952732609,54.26745196629218,54.18505426682465
11949,54.353360680207004,53.835024116790535,53.73161967097195,53.97611944091099,53.78612303138845,53.93644938805378
12009,53.52218416476947,53.32877174557011,53.69502311531508,53.41224889910491,53.47136730613968,53.48591904617986
12013,52.86028777908539,52.51280663841444,52.79888671413883,52.60726819204615,52.8094822971715,52.717746324171266
12033,55.217043469925095,55.11561613304143,53.96472046452055,54.8152450685102,53.7297947258947,54.568483972378395
12076,52.68098592397401,52.635983162371836,52.84942207058844,52.52342326400128,52.22910872829697,52.583784629846505
12089,59.318988969525776,59.20172598348123,58.30449058563629,59.72461820774005,58.770265770591976,59.064017903395055
12125,54.00704438885805,53.73849543607008,53.79837039577838,54.0619890242191,53.46517846069671,53.81421554112446
12128,53.63628802148375,54.061079870296595,53.26833849781791,54.102269590452465,53.761042574861165,53.76580371098238
12194,55.264878095311374,55.38775688919491,55.614584019809826,55.4010139765891,55.03618155803619,55.34088290778827
12209,52.69773639661878,53.14126271055905,53.522632525584896,53.1079694192599,52.85977487779968,53.065875185964465
12285,53.36080367795485,53.112718555606406,53.14100644649767,53.17747470091536,53.06118996708097,53.17063866961105
12306,57.4504862593039,58.00210995837663,56.84903835572581,57.784227399477416,57.658299960915755,57.54883238675991
12347,55.05777615784153,55.10334330609034,54.61586294345479,54.90426123458336,54.50447048064022,54.83714282452205
12372,53.20217734857569,52.88484857884676,53.45196230583054,53.41694155587143,53.360981641508246,53.263382286126536
12404,55.51855989539188,55.259565159054915,54.73796511417063,54.65600340737892,55.476707290482594,55.12976017329579
12423,52.54181721777011,52.67020231727759,52.916467945479184,52.859966315330595,52.87250615290989,52.772191989753466
12425,54.90502640642849,54.51699047051265,53.69419004491428,54.74232004370279,53.80386803529927,54.332479000171496
12436,57.141570378122495,55.991305346086804,56.07359482019862,57.14312638896497,55.907955255948444,56.45151043786426
12455,52.2026876596863,52.34924500725738,52.15096921703011,52.12669583189802,52.296915159037454,52.22530257498185
12490,58.943106450869486,57.860953159630796,57.86627822263178,57.92970001225462,59.02113140807421,58.32423385069218
12532,57.89106896633892,57.6773143151907,58.018049855822106,57.612864672181104,56.5218367741594,57.544226916738445
12549,55.923096473486,56.00924730616416,56.360808289432995,55.514261461822,55.23409620948241,55.808301948077506
12587,59.301391774364404,58.96968255552089,59.326239148313334,58.35925461793965,60.72962332389838,59.337238284007334
12739,56.13375323965541,55.34792552019154,56.35119503430675,56.96666411856296,56.07590379844824,56.17508834223298
12775,53.02605170766932,53.06891763528537,52.814408434290435,52.97502673481443,53.3396386312411,53.044808628660135
12785,71.56089111257984,70.89768320266725,71.45096068239704,71.19772618359409,68.77817848774697,70.77708793379703
12791,53.56919252724428,53.51903238566423,53.616107939656565,53.28260859232438,53.02732865005126,53.40285401898814
12793,53.91171606499867,53.68218810412473,53.84276020690743,53.48747912882166,54.62781505330024,53.91039171163054
12917,53.395570954257664,53.83227810161693,54.13618603942692,53.40522628822248,53.128722680529535,53.5795968128107
12947,53.50919509711743,53.107943327897296,53.35721127552348,53.45988217870361,53.578402841291854,53.402526944106725
13116,55.878388845693046,56.265418323814956,56.38898552501412,56.54995063036618,55.51173406763524,56.11889547850471
13140,63.45232932217087,64.674082165194,63.07567631517804,62.95987194009594,60.79628738290208,62.99164942510818
13150,53.72486830294599,54.13765236805722,53.667687228975055,53.72674764606248,53.54348804993653,53.76008871919546
13172,54.2057476077852,54.885481232311356,53.444913274485906,54.547098851859495,52.93868306796871,54.004384806882136
13248,52.851213072933476,52.731086221165356,52.76577474232196,52.65243979711907,52.29702637672881,52.65950804205373
13263,59.141647615087294,58.98242148999344,57.838536205241724,57.1558274030574,58.1740029165286,58.258487125981695
13588,53.27980507589433,53.5179862597414,53.243971597856444,53.251196665581745,53.74681320819474,53.407954561453735
13704,56.94173109717204,56.75078815530543,57.803960805438834,57.288870542437635,55.485599510259405,56.854190022122665
13713,57.60147150393527,57.956408606365244,57.95898320617218,57.108183767200885,55.85560901465085,57.29613121966488
13730,54.556920939321515,54.61355116474931,53.97607937524718,54.31252063834589,55.12341479195975,54.51649738192473
13739,64.90142072366599,65.11671428238537,63.45860230168794,62.929339542105446,61.44916257579223,63.57104788512739
13904,60.18925309276534,60.439885200967254,58.89870945042492,60.86602889818739,59.830670740567356,60.04490947658245
13939,53.529498373980516,53.610849298366745,53.57566856930077,53.93258664332087,52.892344853507076,53.50818954769519
14013,53.06414987844953,53.093705144875,53.50510817453144,53.02416079759159,53.2832822151889,53.19408124212729
14046,58.95768521494431,58.984318005607875,59.00630649128088,59.09768012039026,58.40108143776475,58.88941425399762
14361,55.21683508211157,55.90558248150591,55.81032658011304,55.50160680569155,55.36731458809618,55.56033310750365
14379,58.4774369280342,58.309159943001994,60.033641196644865,58.744437148367226,58.67150824300573,58.84723669181081
14409,53.57047244135222,53.24689670986345,54.27818953116031,54.027243714537434,53.90183017685639,53.80492651475396
14431,58.68224539372454,58.16677838283272,57.57909279370185,58.027513357514366,58.69508089602542,58.23014216475978
14460,53.54917210017985,53.064440352143215,53.42564041217807,52.973749451231626,53.10132255956157,53.22286497505886
14471,52.977518902568136,52.62578344016231,51.54516934464035,52.61681139916577,51.735366987176576,52.30013001474263
14514,54.71973490024672,55.3939447659389,55.461256596860764,55.65076088891841,53.87984114108652,55.021107658610255
14545,52.8042841711971,53.12973825998795,52.89743240340435,52.84267030484156,52.92507024249571,52.91983907638534
14580,53.021632216159716,52.967302647452364,52.83681618336335,52.404476149785395,53.07797293142505,52.86164002563718
14594,52.82411470623792,53.326080495935344,53.43372437951137,52.95018318986863,53.658043643183724,53.23842928294739
14712,57.45849559341971,57.510139815089204,58.09948538165442,57.10646231913333,57.584226713872766,57.55176196463388
14785,64.67437161019552,63.67510672470031,64.40406792782429,62.89456071622889,64.10712394965212,63.95104618572022
14832,61.988786989743126,61.357750389849684,60.340995067857776,60.77219140681399,61.25248352237129,61.14244147532717
14840,52.572934121538566,52.72386838249503,52.798317226817424,52.63810050809437,52.61886190901569,52.670416429592215
14841,66.96964928719585,67.64722082574085,67.2158090379021,66.90011483215076,66.81225042700464,67.10900888199883
14943,52.198262520401755,52.63035337376324,52.58467432906194,52.75462039985364,52.153331388216046,52.46424840225933
14953,53.184019957667466,53.45250028357114,53.57408628314688,53.52977036085515,53.12965094767796,53.37400556658372
14983,57.64842595219407,57.38223323265606,57.867493536870796,57.10391739671022,57.46628408408055,57.49367084050234
15056,53.23649079590243,52.79413393566171,52.902745437021366,53.3165500443612,53.75287139403699,53.20055832139674
15140,52.33656398621321,52.6185110779981,52.259092311622226,52.524937244509786,52.13184609805934,52.37419014368053
15182,55.52245219178947,55.952130857417174,55.836583962822345,55.649714271587854,54.52011504100754,55.49619926492488
15216,55.8001116634572,55.41933853254772,55.58447358345475,55.98058451196135,54.87123491006391,55.53114864029699
15271,53.146621527519855,52.989222687103165,53.02865445361934,52.85147170493306,53.01321725541712,53.005837525718505
15283,55.5566201066438,54.86182735393482,55.19107132172999,55.19140127479908,55.68603896096786,55.29739180361512
15303,52.6798777912589,52.70100635890164,52.70307882546224,52.748391208285234,52.425730782879896,52.651616993357585
15305,54.29490197848083,54.95534074617638,55.31641230902983,54.313705371648624,55.137651856681416,54.80360245240341
15332,61.846555733271735,62.03060814231925,61.22177540073565,62.1868428490577,60.60805475168764,61.578767375414394
15399,53.00909839572883,53.29889324745501,52.828848841130565,53.138767114490506,53.659766832979656,53.18707488635691
15463,55.30379334442057,56.04948369097838,55.98458679749449,55.898399403983,54.647618319715704,55.576776311318426
15470,54.12908837264233,54.410049959146036,54.33640159337761,54.27802135105112,55.01750088109266,54.434212431461944
15535,53.39649597813241,52.84798077925724,53.03183214530981,52.978685462689235,52.43001847677695,52.93700256843313
15542,54.877361760666275,55.323152495086845,54.86458128340584,54.63876065003773,54.61116849357654,54.863004936554645
15557,52.7799045052203,52.81695067324817,52.87762051600255,52.851468505224325,52.99684006899871,52.86455685373882
15584,54.98262687221831,54.88405705031013,55.6914814967164,55.34952248726509,56.32572404560479,55.446682390422936
15608,56.67119726010644,56.514520561954726,56.15262109197268,56.39314579268826,55.64382464421027,56.27506187018647
15609,57.64219538858438,56.63099817926954,56.400464686722856,56.911411036648175,54.93024697367018,56.50306325297903
15641,60.60795390417074,60.76981544901166,61.14236209041056,60.15298814118575,59.946891076691166,60.52400213229397
15658,52.27332620589594,52.39018225218096,52.16779155200705,52.32182968396679,52.00565782596001,52.231757504002154
15668,53.332948559746214,53.371559488718916,53.31302472157704,53.0409028306762,53.725596050567574,53.356806330257186
15885,53.141286865141765,53.0365172162755,52.48476060165933,52.699096830443565,52.6933044965524,52.810993202014515
15904,53.58396467671695,53.59098368160542,53.19924969200904,53.54420482759669,53.929462912980696,53.569573158181754
15917,53.22696703952737,53.72038897955888,53.50516085820021,53.85664554596829,52.92643728052733,53.44711994075642
15922,53.487202866390255,53.60595494787711,53.741356333845985,53.8755119181335,53.75682622170763,53.69337045759089
15978,53.37699830166386,54.09581363415964,54.20879186775018,54.350148261264444,54.16134877029848,54.03862016702733
15996,59.69445809897731,59.242363391477426,61.49163562405591,59.81842552893505,60.594362315041785,60.168248991697496
16099,54.70999955215476,53.98229215166401,53.3038818150862,54.4938754991631,53.39366792433405,53.97674338848043
16116,53.05986791364745,52.896660536337635,53.029269120263585,53.249950432540814,52.484261539170035,52.9440019083919
16123,53.494252837946746,53.148200125224726,53.01619627218744,52.85758535212889,53.28369272265719,53.159985462029
16252,56.46614857156108,56.59477496179718,56.17028350573591,55.34955950369306,53.78301056991597,55.67275542254064
16327,52.45380630765345,53.154496925671154,53.201662624509964,52.62784623557126,53.970788977767285,53.081720214234636
16384,55.19036921233925,54.51890381020422,54.960784619234545,54.67934185082049,55.12842471895874,54.89556484231146
16403,52.86235765353189,52.910286453970954,52.923220181771384,53.02156646059575,53.18890036279947,52.9812662225339
16507,54.40827950294447,54.50787976412836,54.32996475647208,54.46209912696558,54.96150146694927,54.53394492349196
16524,52.967973663408,52.81884932970431,52.61106320455016,53.02889231627754,52.54298057116968,52.793951817021934
16530,53.33723755868388,53.31762437594461,52.91384456883141,53.62016155496404,52.25779824987582,53.08933326165995
17328,52.87251973592868,53.356792314817525,53.526461450610945,53.50916979614313,53.449429714770154,53.34287460245408
17330,58.907205205994956,58.61274177034126,58.7014310267607,58.39723401674301,58.33480438330132,58.590683280628255
17347,52.433748477032125,53.02531687121879,52.87818443855497,52.83193563873173,53.03071448324913,52.839979981757345
17355,57.68140455573071,57.77504347302554,58.36717772840169,57.75398142017653,56.14130494261113,57.543782423989114
17359,54.65293696047516,55.63454373887731,55.93334801995114,56.23026526814864,55.10450607735264,55.51112001296097
17397,52.47509571311083,52.38787309934497,52.289897246360624,52.36384061048046,53.082107447455755,52.519762823350526
17402,54.16935859367317,53.96347860322577,53.71655136054519,53.59961532479268,54.284691057640075,53.94673898797538
17413,52.81434934001585,52.55906252883092,52.62082389871043,52.62605040752699,52.07999122359908,52.54005547973666
17466,64.40171836262127,63.46816503164274,64.00784015573129,63.650504420457786,61.864133777353345,63.47847234956129
17675,54.636276661361634,54.4447274562834,55.67089356045612,55.14563774153437,54.89504646216382,54.95851637635987
17686,56.85491801445964,56.99559569887167,56.577118729745195,57.98484030526012,57.42779432397354,57.16805341446203
17687,58.32473218668875,57.687037486149464,58.63604760272625,58.97082396218153,60.577708571926024,58.839269961934406
17720,57.80314402629807,55.53182838382005,57.572289790886124,57.33227139776323,55.57869134141664,56.76364498803682
17737,54.195741774115234,54.0586103880495,53.82729340782912,53.83970012436089,52.12834888651807,53.60993891617456
17910,62.94247561769318,63.16205267183871,62.75950028846896,62.57732533715202,62.2733402620693,62.742938835444434
18012,53.905969516021855,53.85508960745674,53.553320562205755,53.98688419498387,53.20467820940781,53.70118841801521
18039,52.71547145090648,52.605336197308,52.571454983443175,52.73621456516187,52.775532373301644,52.68080191402423
18068,52.58958754773871,52.59664126811917,52.48385589352917,52.34944814997853,52.41981406572397,52.4878693850179
18096,53.73541258982377,53.648331487355605,53.85527724740852,53.74209763100937,54.33300460605538,53.86282471233053
18206,53.672156438506654,54.011519432325,53.32596296022532,53.37629358069121,53.132011338827695,53.50358875011517
18224,53.688275734695765,53.65329430507654,54.010579621794214,53.75251686107627,54.303981823316484,53.88172966919185
18256,53.66651457226264,53.57093351624683,53.89943948954365,53.59971986350032,53.96186182144281,53.739693852599245
18284,58.62763610199646,58.005618148519694,57.378849130212345,57.158624151657,58.16136574329908,57.86641865513691
18291,60.85952051235218,59.70516459828502,58.70388317438422,59.90300012879518,59.74803438281667,59.78392055932666
19108,53.8498567439612,53.50724168724367,53.9344539205464,53.9057036301984,54.036316841873216,53.84671456476457
19147,53.39262308331441,53.12255865899559,53.388057134624695,53.05743128721075,53.161776368716524,53.22448930657239
19157,56.44036488967999,56.19445412422803,57.23328042485032,56.588059876455034,55.88091922095574,56.46741570723382
19271,54.820730727141196,54.419791114585365,54.85797022183198,54.96352129339401,54.55306805060559,54.723016281511626
19350,57.674834034515996,58.63797233156325,59.24174088635618,57.5765409071704,56.64058005713942,57.954333643349045
19353,56.392621915287236,57.52428253195542,56.39427146077672,56.079815937671725,56.01450404662174,56.48109917846257
19364,55.12639641780329,55.67651680926348,55.273643095736155,55.28586834164797,54.63690400146764,55.19986573318371
19366,55.506046831267476,55.159155621001204,55.35199404906529,55.72832784697731,54.40554542442675,55.23021395454761
19424,53.612071929505085,53.003184657894636,53.536665817680685,53.068948593303375,53.333207940428466,53.31081578776245
19707,54.5159324613949,54.61098824451637,55.14745398353498,54.14752333961059,53.92259500202067,54.4688986062155
19714,56.964856489281075,57.27583762303237,56.96852360733829,58.46033346043996,57.28485958806368,57.39088215363108
19747,55.43575494208434,54.978613449664024,56.21222379069514,55.5326850409044,54.247854613240214,55.28142636731762
19761,54.284995826971496,54.0242790722463,54.640881393231204,54.628203922319386,54.08908492797333,54.33348902854834
19811,56.44003438943858,56.91001831802505,57.22663741651705,56.926340635722426,56.381870099763965,56.77698017189341
19931,53.66957762087871,53.769999993466456,53.89963497687384,53.871876871092404,52.43876337489034,53.52997056744035
19938,53.47331013995172,53.26255847089011,53.8030668442836,53.38316755954684,53.16929763943796,53.41828013082204
19957,60.92908695924717,60.695708645892864,61.05578571731387,60.79440216851316,59.61468991505521,60.61793468120445
20007,52.4128533190698,52.44065699397443,52.299629478951836,52.82014658271581,52.46774944261837,52.48820716346605
20038,52.277432920410334,52.83021259189806,52.39072497230213,52.66248563382409,52.034923397480775,52.43915590318308
20088,53.04374522834074,52.79869939874376,52.74065715136567,52.943400468769966,52.56291791932792,52.81788403330961
20089,53.38692319416445,53.45026662883785,53.16063850528262,53.55467683225703,53.92513985355692,53.49552900281977
20115,53.1071150620927,52.7463545105321,53.06274934002262,52.93557649637084,52.812164954608264,52.932792072725306
20319,52.96706145878642,52.93256266138425,53.229326764186645,53.2320902094287,53.15274676573453,53.102757571904114
20374,52.43857438891992,52.68394444062544,52.3343317380409,52.400014906222616,52.3717842746717,52.445729949696116
20376,62.45782594550188,61.37657034554675,61.311250274394546,60.836197184813415,62.438225734151814,61.68401389688167
20402,53.702744946077345,53.90843954797967,53.69512008768514,53.864216177601904,53.80407719128547,53.794919590125915
20422,61.69114210349328,60.76446719032528,62.09208005277203,61.26495782885046,59.177503842639034,60.99803020361602
20426,52.852642854966106,52.7833775890535,53.25997937488282,53.15687738399855,53.159011529801965,53.04237774654058
20473,54.1339535755241,53.235168273783074,53.50539900588279,54.252175077304635,53.46450268950538,53.71823972439999
20499,53.617233860787465,53.461289863138305,54.65211424678624,53.55018209485847,52.97443382250831,53.651050777615765
20505,52.02692954834348,52.18348233208347,52.122641278545856,52.29333979609157,52.29319464936357,52.183917520885586
20539,53.17959678259993,52.7470220385825,53.234354868665555,53.26082320799058,53.451477764065004,53.17465493238071
20699,52.628569607943945,52.47718997577006,52.574838341867164,52.96872447832398,52.78170236656021,52.68620495409307
20701,53.418967985962354,53.635179175746984,53.77509662426682,53.495862150445795,53.61228013758111,53.58747721480061
20712,53.81339215972439,52.96459611643904,52.7466692781603,53.12983686963723,53.36830290700133,53.204559466192464
20741,52.85556142269958,53.05413391663215,52.29493927731687,52.86972149405034,52.47229525670254,52.70933027348029
20822,53.910551233287876,53.636574065609516,53.10216100943495,53.70551930321916,54.5090555893276,53.772772240175826
20857,55.73915545109975,55.36988812909841,56.66179888504939,54.826008168247924,56.52938543445619,55.82524721359033
20892,53.91987920648764,53.946786967273965,53.65838554159316,54.762864626507934,53.66617807202428,53.9908188827774
20963,55.86608096802949,56.8210465577346,55.91171852941183,56.1082641952876,55.3192617683451,56.005274403761724
20970,54.28888431214305,54.22707945075214,54.16363064680766,53.8911551001208,54.64622275199385,54.243394452363496
20980,52.770864379183166,52.79381239755122,52.63890121703358,52.61934171717552,52.62286337340676,52.68915661687005
21004,55.421024487205656,55.61001550416669,55.337915482127286,55.28343809495877,57.178332249113865,55.76614516351445
21017,56.012682478076314,55.78784094441851,56.701447786439616,56.52057247163371,54.24630708026004,55.85377015216564
21153,52.78445794107073,52.578010338050944,52.32084380928129,53.117769388765865,53.194253672590825,52.799067029951935
21166,53.70088315952853,53.215679027935295,53.61426358187549,53.520437747167605,52.95892785510585,53.40203827432256
21284,55.66086832203305,55.8979236892496,55.99845072135614,56.051159499716874,55.420148295245475,55.805710105520234
21317,52.610274819267495,52.992863320498046,52.528887299642534,52.734744902496814,52.72129959251991,52.71761398688496
21346,57.91643344531917,58.15940052562989,58.34975313224476,58.447830712667646,56.24324454381774,57.82333247193584
21458,52.84686004652286,52.72232751982503,52.785012836537064,52.81824230176154,53.07979760038498,52.8504480610063
21544,53.563048981033035,54.36946767534014,53.89021516586811,53.817948318962685,54.23757148291898,53.9756503248246
21546,56.17215802573804,55.2377202015125,56.38899571327789,56.245063296394434,55.03738184724054,55.81626381683268
21571,53.42528550748132,53.4572451428822,53.38573673867065,53.4454359788868,53.253423642662156,53.39342540211662
21588,54.8627211050993,54.79202434519726,53.857643726107014,54.49480089744504,54.71630920152016,54.54469985507376
21652,53.609520870513045,53.515906188720365,53.96530049206655,53.33487395778869,54.563585373633416,53.79783737654441
21730,58.668227755830415,58.62140000084807,58.13173893923731,57.95535443446448,59.43286398299824,58.5619170226757
21874,66.605985302499,65.81260029609149,65.50873938706998,66.2894177887339,65.99221525566183,66.04179160601123
21887,54.79618893994109,54.87512734775936,54.61687221720259,55.33562015536455,54.603314443063425,54.8454246206662
21892,52.347325791240365,52.42682264077223,52.36294617282326,52.56129499329358,52.49962675558059,52.43960327074201
21919,55.35940273093773,55.226756915511984,55.72967080577362,55.25781903414379,55.09155499682488,55.333040896638394
21947,57.65566804753583,57.775497920763556,58.11287173877159,58.39841913710316,58.810685746689785,58.15062851817279
21950,56.17479625045017,55.342838287387664,55.11660967500865,55.618333458776505,55.901032147999715,55.63072196392454
22042,53.69062075189083,53.66374754553223,53.6882268405396,53.796063244114336,54.075798438010395,53.78289136401749
22383,56.99930091266762,57.25360856460019,57.22901189772638,57.131550636346006,55.70505600822186,56.86370560391241
22491,56.349995069750754,56.961383730332514,56.84315166397677,57.020888154477404,56.22838943657355,56.68076161102219
22514,53.51243330266388,53.09518940188727,53.824358273810226,53.422998997416784,53.76971222447574,53.524938440050775
22598,52.92056940513264,52.51773523793048,52.16429302712304,52.295916006574316,52.22559111441127,52.42482095823435
22623,53.875740393648556,53.98195344947504,54.19864485278316,53.99719383744967,54.18103746590637,54.04691399985256
22711,57.07256026443505,58.2429438939511,56.937086472717425,56.79730118739657,58.57392376450011,57.52476311660005
22749,53.04018660941514,52.91991812505153,52.555989974713626,52.830781957099006,53.04326075780014,52.87802748481588
22757,53.643341520519904,53.200360148189034,53.23868538927063,53.3861727317782,52.211477094323946,53.13600737681635
22775,52.624586389253835,52.40135158123432,52.12358825106074,52.62708035504163,52.608479688788066,52.47701725307572
22795,52.94913573650153,52.941693609982536,52.2529237178876,52.747659148679304,53.31335739944507,52.8409539224992
22848,55.388124474082574,54.699669804781024,54.65725761748571,54.41344467441573,54.13408059450124,54.65851543305325
22934,53.09741356174143,53.284175659590126,52.66648733641957,53.28016597707479,53.007249836569166,53.06709847427901
22948,52.842372229108264,52.62175744592383,52.70752114669813,52.95958082910629,52.186938408634774,52.66363401189426
23007,54.16229691672113,54.06032901772779,54.465770141546486,53.38543433305078,52.74223368651679,53.763212819112596
23058,53.24824541707177,53.346854895100535,53.86590029027613,53.472638353636874,53.238808928078974,53.43448957683286
23063,52.08469637076885,52.08790378808607,52.09371398564825,52.33013319916445,51.80184215635633,52.07965790000478
23118,53.48989483908042,53.93211324771474,54.00962997528946,54.02500291446708,53.685323152890284,53.8283928258884
23119,57.565158031976736,57.550919945407216,57.563066882102135,57.59109357984855,54.068695013302346,56.867786690527396
23121,58.317123183657564,59.54162492633631,58.434517804649815,59.448586515164166,58.19502087671383,58.78737466130434
23160,55.42657544061073,55.96189594187851,57.04513733930365,56.27737111518245,53.63834650953983,55.66986526930303
23163,53.48880816652617,53.73112976974889,53.43386640128196,53.62859690374016,53.20747752516476,53.497975753292394
23189,53.82858494829823,53.614023101658454,54.0038526108967,53.33606091456328,53.72284537078359,53.70107338924005
23198,53.34555502884154,53.78713040988892,53.221235285372295,53.190119137481176,53.22234719633374,53.353277411583534
23202,56.09771086718628,56.161006952878964,56.1223031321891,54.85097744857399,56.50993667081984,55.94838701432964
23207,62.017358932961265,62.791023018115354,63.7969044226203,62.95265911135173,63.919071557877885,63.0954034085853
23229,51.90021660707891,52.30763458821953,52.01063163754574,52.18056052718295,51.99906130058849,52.07962093212312
23232,52.827066140160326,52.818153830895874,53.299402427850936,53.04344842216061,52.403989510676716,52.87841206634889
23236,53.80804294807952,53.62483904917707,53.346677190252876,53.383081127595425,53.36277414321075,53.50508289166313
23248,52.78702184881142,53.28395178705967,52.909126438595436,53.293077235428925,53.05287648185668,53.06521075835043
23269,52.94385967635593,52.8959769455692,53.02639110212891,52.54107847162639,52.7275797005458,52.82697717924525
23291,53.66122956481017,53.540507221138604,53.31403999993982,53.734747931638594,53.10480698354915,53.47106634021527
23295,53.22615324659468,53.64388810762347,53.1065223217538,53.265709197552745,52.13198586666261,53.07485174803746
23334,52.06232126283783,52.5212923760825,52.28785634689593,52.13170883246016,52.475247048937284,52.295685173442735
23338,53.40280021702146,53.77526098936332,53.86367453944585,53.54707625054508,53.569452378349425,53.63165287494503
23357,58.665317303463326,58.72267313287989,59.18736716358714,58.420171090335145,59.06534095394679,58.812173928842455
23359,53.485696839382314,53.4046548125457,52.9640886536438,52.655672989724664,52.81775036423056,53.06557273190541
23386,52.75814280154764,52.17160600607056,52.57860804901519,52.5770029243896,52.59360940388376,52.53579383698135
23421,52.712116153173525,52.65675796999284,53.05768954773334,53.09531320957733,53.34366170720644,52.973107717536685
23566,56.268140163017385,55.68820300366537,56.476534771572545,56.44859856570932,56.04282286827438,56.184859874447795
23598,54.462059881242155,54.201704849909255,54.701374468199816,54.21554730954733,54.70204576957077,54.45654645569387
23638,55.93537052305609,56.20986998636309,56.28147249519468,56.64004383142179,58.34220138578819,56.68179164436477
23655,54.618002027725325,54.58754488207044,54.23570604135715,54.35201371962561,53.809506897457396,54.320554713647184
23697,53.542868769784846,53.34665297634032,53.531451214676,53.33103742255692,53.281307656181696,53.40666360790796
23721,54.085825121873796,53.759921980488656,53.91922855173759,53.66739466562274,53.66566360324512,53.81960678459359
23747,52.89450310737137,52.517123348158165,52.88941684900912,52.61277233957409,52.59228873107636,52.701220875037826
23786,58.95538264651586,58.39020143112427,58.13757651558787,58.06942023758585,58.30429270580487,58.37137470732374
23790,54.13412305991316,53.80733265505803,54.32906016253455,54.13787717575693,53.76582173577993,54.03484295780852
23802,54.18554173089336,53.8247095511747,53.97821991330038,53.96208517720463,53.46713284587508,53.88353784368964
23803,53.31871103560969,52.84112977819085,52.86571858073232,52.88939225144921,53.10879297097057,53.00474892339052
23908,52.71499195567269,52.88069416724764,52.76260460828186,52.756808326934895,52.47514458356963,52.718048728341344
23920,52.659044180369776,52.530942512160145,52.00541832077298,52.732456006368665,52.67910827417175,52.52139385876866
23967,52.88835668420451,52.93823397964873,53.03646240941423,52.83614310467441,53.35502175460948,53.01084358651027
24047,53.56782978279795,53.71825086980022,53.757244552857884,53.74678653630339,54.114199441887365,53.78086223672936
24052,53.977628921722214,54.649545847644276,53.56757136647717,54.006146218968105,53.96909878680491,54.033998228323334
24076,52.78095395542819,52.825801477878485,53.13563635678915,53.123054150934124,52.56741336212018,52.886571860630035
24081,52.77435390572033,52.625428456965366,52.673312546318826,52.78432289831903,52.613832065506074,52.69424997456592
24096,56.13488841224016,57.704562867805535,57.089093990700235,55.70335664539826,55.325513962603296,56.3914831757495
24115,55.6926029118802,55.616355048560536,54.81480024511495,55.42428843341317,53.77135890464244,55.06388110872226
24143,57.68552468788096,58.57249933396979,57.42259290251945,57.414133045579916,57.397819770551386,57.6985139481003
24147,52.70357861191694,52.946424444341815,52.60769717904331,52.55572927597337,52.58938946870383,52.68056379599585
24185,56.73431443122251,56.8477452521426,57.31020572515215,56.88325683173183,54.895930126177554,56.53429047328533
24204,54.09070663101471,54.19366893742341,54.445793676100045,56.26322417471127,53.36851980917706,54.4723826456853
24213,53.370902896143654,53.945395996690706,54.51018124245251,54.14001359905755,53.79951477042836,53.95320170095456
24303,65.27773667923927,62.18728398162129,62.823853151898334,62.17760799261369,61.60517813538753,62.81433198815201
24459,53.12342180989218,53.46609871093078,52.83584130049897,53.15646365979711,53.054502082991505,53.12726551282211
24495,52.68311615782075,52.40758446410094,52.5474980409384,52.459647225908405,52.47995969414971,52.51556111658364
24528,52.2985701935326,52.349225359469294,52.165645138146544,52.38030465464618,52.08532368140786,52.255813805440496
24569,58.05614693335038,57.96262195626047,56.18523113252046,57.7719467785611,57.73136623584158,57.5414626073068
24662,53.241782954594996,53.03731465940588,53.29959325886452,53.22080339116228,52.760725139494355,53.112043880704405
24666,53.816346265584755,53.927267896913364,54.09457544186867,53.869834910916126,53.75717036063201,53.89303897518298
24679,53.7651428440791,53.65487281688769,52.65454264049577,52.9032202424601,53.390586668113826,53.27367304240729
24683,53.37167006498661,53.578360601461995,52.665490063703295,53.57227303881764,52.93300675221629,53.22416010423716
24717,52.99191977562755,52.86893122120166,52.79027773352971,52.971731396844454,53.17081703380682,52.95873543220203
24725,52.75170532459199,52.510850608831646,52.737609805830694,52.758773349889964,52.456690789465824,52.64312597572202
24760,58.33376990909876,58.61261451291284,58.72155641678081,57.062455065342085,58.72906771472741,58.29189272377238
24835,53.110580816421255,53.44951728764916,53.23621162773146,53.058882917775065,53.24056287556289,53.21915110502796
24848,51.77012283307518,52.06085760356315,51.64870722461126,51.74325983530696,51.86701896726322,51.81799329276396
24865,53.624008697365994,54.015510247389415,53.38296581032951,54.08660498615542,53.983345311273176,53.8184870105027
24951,53.07348190226153,53.02393104368917,53.19532350565426,52.935415902557054,53.33444147630703,53.11251876609381
24952,51.97890888322135,51.87336561380697,51.81591090014348,52.110953236732016,51.774617371468054,51.91075120107437
24955,53.60649461089234,53.09305684995154,53.01763742691918,53.09920143650969,53.8537966737604,53.33403739960663
24983,53.325656313442195,53.657596582039545,53.35681860295342,53.66063828338223,53.59145473076862,53.518432902517205
25039,54.33129243181179,54.17320555180953,54.491167405178906,54.26838667623663,53.549190633603544,54.16264853972808
25049,53.94378638958058,54.06471813450521,54.146540508429894,54.05157860666833,52.79818050377695,53.80096082859219
25097,54.407917814817225,54.22227380435048,54.804367867331436,54.345743102210136,54.635073570662755,54.48307523187441
25151,53.791182216345646,53.37363843172112,53.653949343104614,53.77260323680339,53.64060896892374,53.6463964393797
25152,54.270131229396696,54.760618631590816,54.444004413551106,54.103801514971,54.50340770667218,54.41639269923636
25162,59.8582279525279,60.39133822503238,60.050426475689555,59.19304408331921,60.30815286923539,59.96023792116089
25208,55.15207461182359,54.93724030179634,55.176965685598276,54.715892796644056,54.89249874692101,54.974934428556665
25227,59.821405430918134,58.504500486943165,59.73625770339382,59.626024417423935,58.27640923636699,59.1929194550092
25235,56.758903312210336,56.81811161027748,56.27251587527793,56.296564688933245,57.273971751660085,56.684013447671816
25246,54.276623389868874,54.996931588019734,55.36705064484436,54.71385565597255,53.96604615034896,54.664101485810896
25258,52.484579226263584,52.62218692095956,52.24588424419739,52.30207199961643,51.78156798964342,52.28725807613607
25316,52.622595623577354,52.62785148785069,52.300041994631954,52.593952193048324,52.771199085260406,52.583128076873756
25321,52.74470996416886,53.05119750052666,53.23408223623669,53.22846974150049,53.309515497590084,53.11359498800456
25374,53.48809558460564,52.894934378919324,52.30268951612608,52.96039737528421,53.24235873718004,52.97769511842305
25389,53.972530897169065,54.02454249179039,53.951063459322995,53.844845077498334,54.088794599366665,53.97635530502949
25398,53.33063007863379,53.06270368919647,53.464946813532194,53.47124908375016,53.57221063951706,53.38034806092594
25431,61.599796623814825,60.763025101601535,58.44208263521806,60.03109701926188,61.59842637615921,60.486885551211095
25457,52.66798657891012,52.51912267881987,52.609517157159175,52.48810225527932,52.67384470927148,52.591714675887985
25485,53.629559108075796,53.64801086617847,52.68532797912773,52.87965871443014,53.28903247133461,53.22631782782935
25516,53.39317340661231,53.42813755091584,53.182007060621686,53.32723165204504,53.348680838266176,53.33584610169221
25519,52.95809299171279,52.875861810890854,53.199924802063435,53.11402438082347,52.1526820235857,52.86011720181525
25547,53.38389975559498,53.31166391028462,53.76463575066677,53.6531205755234,53.24352951917608,53.47136990224917
25644,56.14590617851012,56.744636712326084,56.286268938446966,55.06826324790865,55.42251686461742,55.93351838836185
25654,57.43501300235316,57.05477150097706,57.12796932818341,56.752033543495884,56.128383066718,56.8996340883455
25682,53.747764188418174,54.04983660063035,53.44384485838013,53.8870582481556,53.18968299010716,53.66363737713827
25683,52.824553174670456,52.96070156470779,52.83576735298672,52.81345708615314,52.136563170160166,52.71420846973565
25699,53.41957225152545,53.2664047802552,53.01014522491565,53.38081733164608,52.60050135905715,53.13548818947991
25754,52.218299302647296,52.448485444784794,52.098917376543525,52.41692645608303,52.68659862741728,52.37384544149518
25757,55.7569450506181,55.86975470498329,55.63082476983052,55.65747479666095,55.55631877963515,55.6942636203456
25801,53.25258900121748,53.64558493507573,53.84237021526506,53.48319955184981,53.94613838717302,53.633976418116205
25822,54.54454144535924,54.35738658792248,55.56786391623835,54.868409940609254,55.02439460597694,54.872519299221246
25828,52.7404662019371,53.23073802793516,52.950783310960915,53.19130316507115,53.661035631735786,53.154865267528024
25860,52.56729199582976,52.415461786777605,52.36071334546517,52.646015901391536,52.37533324892777,52.47296325567837
25871,53.80433732172211,53.469708289421135,52.94578255929292,53.433154366594614,53.328303941399824,53.39625729568612
25894,54.484146957415156,54.31679022110414,53.54387385285939,53.891135705032525,54.830945861282856,54.21337851953881
25902,56.400316712688046,56.12851123800213,57.09578894368076,56.889076438227484,55.77568454555478,56.457875575630645
26070,58.94660769569636,59.469374986117145,58.25163455089846,59.4812911796711,60.686964965457534,59.367174675568116
26138,52.07945979877813,52.00919357295672,52.10797398802421,52.20766978376807,51.632521828288404,52.00736379436311
26220,55.44473654005351,55.123536187164994,56.668325129541955,55.375324298033405,55.54458376112305,55.63130118318338
26239,52.790762284886256,53.040368941528925,52.23597814876214,52.36022463100079,52.25200236808585,52.5358672748528
26255,53.38929882196241,53.67603169571811,53.55524283708657,53.5401851601695,53.71430870825689,53.57501344463869
26282,53.28996180750306,53.14033936217578,52.901684916242964,52.85338451292448,53.08498883273073,53.05407188631541
26291,53.805919681590055,54.34039996117336,55.021191741595175,54.17571424694762,54.355326092612856,54.33971034478382
26297,52.801785683415986,52.73204325745187,52.571177469672236,52.60154041865353,52.33020406448269,52.607350178735274
26314,53.565601756352706,53.23712478026091,53.469380488488156,53.3180782128078,53.20844745040995,53.3597265376639
26320,52.7722717852165,52.655093924543344,52.93865593411982,52.765679430952105,52.306409894746565,52.68762219391567
26353,53.70619679647416,53.494879122956235,53.24112448311163,53.41292689796039,53.611634769940814,53.49335241408865
26392,52.551229391189004,53.2606710262582,52.50821127578149,53.07271523788417,52.81146603822216,52.840858593867
26419,60.29308002499356,59.3001561472631,58.902406213411,59.017742925425864,59.047009874245866,59.31207903706788
26464,55.00821396999056,55.41017032525369,53.8596491465965,54.686318454625415,54.4643106404999,54.68573250739321
26490,54.424234170559004,55.066162951959484,55.00336807236121,54.82092940683775,55.007506130556074,54.864440146454704
26511,53.26144365020387,53.271482165296305,53.29805299715299,53.106785470740306,53.234576191455474,53.23446809496979
26516,53.43006926466964,53.5160367662824,53.6245634181781,53.24561851070647,53.91163214827823,53.54558402162297
26521,57.454864079919396,57.68699920038073,57.09789892145547,57.80217609239968,56.06635648419437,57.22165895566993
26533,54.81394645419704,54.435313513296954,54.65466797243894,54.29216116054488,53.7965762331053,54.39853306671662
26544,53.72048069530517,53.67752420937307,53.542827553514265,53.30251289114373,53.78091483762604,53.60485203739245
26626,53.09890936716215,53.40265369919591,53.43225683017551,53.25554544639542,54.186852514249395,53.47524357143568
26688,52.26172289107612,51.99129671080429,52.475288561923115,52.35988074484919,52.141494234048196,52.24593662854018
26694,52.23584494684138,52.410744814261975,52.186468410810875,52.51228019890048,52.331156738193336,52.33529902180161
26712,54.12052565166253,53.798892269827775,54.178697648450644,53.82684104567575,53.99788695486508,53.98456871409635
26722,54.5953604669725,55.04470360829899,54.826846704795194,54.61832463985396,55.39092552132321,54.89523218824877
26725,58.710085494347254,58.34177042119292,58.353382708307834,58.72942464830096,57.57767131698424,58.34246691782664
26810,55.24929012736975,55.19820520471478,55.840725751863,54.50061454579091,57.02973242579897,55.56371361110748
26841,53.688694745116976,53.80874630846657,53.727936485965685,54.00329300028154,52.69975162929066,53.585684433824284
26891,54.7771637884315,54.62282266392572,54.80723974101132,54.84557066562823,54.54521139582147,54.71960165096365
27046,53.68520995488845,53.73352350033626,53.45708004780876,53.726189247643845,53.95432165987639,53.71126488211074
27087,53.91613873476473,54.206459264997754,54.2929131500348,54.48186803489118,54.30492252222448,54.240460341382594
27094,55.106246955932306,55.08361243875908,55.30317542864856,54.51042577259339,56.27532336871484,55.25575679292964
27124,62.38061723659854,62.57856652147892,62.0648194939289,62.54515054609267,60.35846537425293,61.98552383447039
27150,53.60956978819638,53.62442445074953,53.52228286156304,53.282888408416454,53.3391715460551,53.47566741099611
27169,57.10952887326525,56.84656997752097,57.65568673114815,56.99024780283322,54.74539432940612,56.66948554283474
27182,55.016098476836596,56.0045961646704,55.10666440870551,57.17444270071065,54.172312428832896,55.49482283595121
27248,66.19825553693272,65.59312563324244,66.14054912696247,65.51135636160058,68.2581541027095,66.34028815228955
27255,54.06344250271904,54.90088825784962,54.67478841667881,54.52615432760831,55.850366106684874,54.803127922308136
27425,52.19115593583466,52.15159825580408,52.061214173377955,52.03592331234127,51.96381957227504,52.080742249926594
27456,55.703985881255534,55.78387216884487,55.69705062550483,55.51951094346447,54.648935374894634,55.47067099879287
27470,52.688974551489544,52.566642378419026,52.5253992610317,52.735899610952785,52.376076635480615,52.578598487474736
27522,52.43339586653441,52.459669106893905,52.64526016961575,52.505837988383085,52.49612563757087,52.508057753799605
27563,56.81316568884967,56.88462572890797,56.25687649296944,56.966697026729854,55.56643428956716,56.49755984540483
27588,53.993833838383495,53.968341441165094,53.813112249421195,53.736419669560405,54.303820035275706,53.963105446761176
27664,53.397495800223126,53.22660288868384,53.746843927052105,53.93475005965456,53.881855388634186,53.63750961284957
27668,52.429882844581066,52.22982509327736,52.25017927147091,52.40692844318046,52.11254781554564,52.285872693611076
27679,53.83823191109476,53.33288481248999,53.48193527531522,53.092116188173506,53.284490882524395,53.40593181391957
27686,52.842390991718354,52.89816074971047,52.832114162681975,52.81997123668055,53.726360125819426,53.023799453322155
27711,57.730004892727464,57.373586019289064,58.641941014163386,57.397777460251675,60.576562726310854,58.34397442254849
27752,54.00599573307476,53.76991227231536,54.091183150900164,53.54075762860015,53.75797794005937,53.83316534498996
27754,53.03003980800993,52.95729366823728,53.14685936512163,52.80999996856508,52.73962438484213,52.93676343895521
27792,53.73577023439668,52.96122759147778,53.01861441971055,52.986152828990186,52.68572617727586,53.07749825037022
27965,53.59090284732457,53.706930503232854,53.030649756108915,53.46407605076578,52.77277865464972,53.31306756241637
27972,53.35972930098396,53.658921930225404,53.00215018107531,53.160439420705856,52.84031215223122,53.20431059704434
27978,53.38006799542477,53.35846751199756,53.3856009596879,53.796133440043235,53.360934453346346,53.45624087209997
28007,59.08045993876701,58.727671862508295,58.118956164001695,58.56306235699898,58.72821513482693,58.64367309142058
28012,53.879494995972834,53.78718136661864,53.590621592397554,53.914023092909105,53.90150718497141,53.81456564657391
28022,53.79771155088895,54.74402908879114,55.46427942524533,55.2307657779574,54.49770264566408,54.74689769770938
28029,54.34115221200846,54.80184178737086,53.95177270750484,54.21269057850417,54.15891240216908,54.29327393751148
28162,53.14427915868461,53.216017930532274,52.97470696369525,53.21992519477955,53.716332340946806,53.2542523177277
28179,57.861747490902715,56.4008170406038,57.26682828919343,58.29056988036244,56.79187655089653,57.32236785039178
28193,53.93116171644015,53.25999575304283,53.50514105077633,53.65046777462669,52.58617655721878,53.38658857042096
28199,55.878634015984574,56.39994680038111,54.883243130960835,56.055840283822874,55.516534779913556,55.74683980221259
28201,55.827494325739494,55.58098247460978,56.04010787163891,55.59735654394911,54.11878424900894,55.43294509298924
28248,54.869079767066395,54.258284383582115,55.06618422166109,54.68260956955263,54.240542589741054,54.623340106320654
28255,69.99884348450249,70.05796239103722,67.91832523602062,69.37291855214725,67.43371916451807,68.95635376564512
28289,53.988762865646166,53.93349106192805,54.75886569917664,54.304029599876614,55.97105159078383,54.591240163482254
28430,53.266725115198156,53.29327839519347,53.98469883909853,53.39638746814336,54.4349219380712,53.67520235114093
28455,53.28807912590864,53.52305696545854,54.00653363193531,52.851246735677194,53.68116256008649,53.47001580381324
28465,53.73888760019217,52.618692466788914,52.78010007457247,52.9946258104113,52.85694955065056,52.997851100523086
28496,53.24805060211631,53.05727610697239,53.30062573962827,52.846408420787554,52.74819692302728,53.040111558506354
28541,52.82968827760155,52.83760378807588,53.01495427009506,52.83961685098643,52.50102037756318,52.804576712864424
28574,52.78152471624887,52.613270399324605,52.83601335316678,52.553987570692016,52.650613765483115,52.68708196098307
28605,54.19533100866463,53.93781506698313,54.5922779343355,53.75017727995639,54.06578000775522,54.10827625953898
28765,53.552471545632756,53.41268696111163,53.84815878184381,53.41418382647543,53.52932664743948,53.55136555250063
28885,53.52069918679329,53.69108396246016,53.33610663514351,53.23518067413882,53.13155471475268,53.38292503465768
28893,52.5488079994158,52.168727004238704,52.35979256191237,52.29775181685058,52.369549358592494,52.348925748201985
28912,54.0427399223007,54.59509291016121,54.32807338182448,54.334412029084945,54.09349871967245,54.27876339260877
28973,52.17460528805901,52.64345528402326,52.19752977576086,52.48479678096138,52.23323158022159,52.346723741805214
28974,52.835159216540525,52.67640703712418,52.40507066855449,52.639498418195316,52.29002633426812,52.56923233493653
29004,53.5847464384056,53.065958933382035,53.39781231335373,53.312910415518445,53.59935889024379,53.39215739818072
29010,53.96505098108163,53.54981716497433,53.497907870467884,53.868657714574276,53.157695416835075,53.60782582958664
29021,52.38808852567506,52.28385037344765,52.575219776512476,52.361156269252334,52.09922115995954,52.34150722096941
29120,53.60944218643046,53.94734672590239,53.1347013541148,52.67702297483742,52.23669699615134,53.121042047487286
29149,59.92104546408573,59.72788411092376,60.53016091327791,60.604869116455305,60.55241477012231,60.267274874973
29159,53.68765267875179,53.7173879939494,53.26630149905782,53.568716905829284,53.657679605114936,53.57954773654065
29169,55.33998362339652,55.20991676080533,55.50368109439624,55.45196894200454,54.12464352685197,55.12603878949092
29203,55.05042619602858,54.223307179516425,55.30216471817961,54.95306356695633,54.70429872425457,54.846652076987105
29209,54.330670049064,53.711032386478124,53.69612861239595,53.783734232657,53.840768429502724,53.87246674201956
29227,53.60081755759221,53.826810565617194,52.79571759254395,53.442007632936296,53.6914650860913,53.47136368695618
29249,52.86304107311986,52.79978973494521,52.86281916256761,53.051198921916516,52.30321889903244,52.776013558316336
29304,53.334060719946685,53.39894116129079,53.25807915305903,53.0770757548498,53.42199249941353,53.29802985771196
29376,54.58095978110557,54.09670619773179,54.81531923599883,55.121390994969474,54.393073449954045,54.60148993195194
29389,54.04266590382343,53.58232610306958,53.98978717505961,53.73758221509929,53.05757361696264,53.681987002802906
29449,53.44019901882211,53.739063627974645,53.83614086418678,52.44003829294575,52.250548042070065,53.141197969199865
29536,53.541392912452196,53.10927173486579,52.512106510828694,52.9065166710629,53.296142427266545,53.07308605129523
29549,53.76061646650477,54.02271574142785,54.21271054809644,54.559317387477975,54.93087333365014,54.29724669543143
29586,53.2088392076089,53.31334242253713,53.309958995677135,53.27071780073041,53.08442456678176,53.237456598667066
29600,56.08103415928277,56.655745601899085,57.075285828052614,57.89183917754512,58.55320781340221,57.25142251603636
29671,53.88016214110119,53.81354100764913,53.90150676470732,53.65446490169759,53.89417746998498,53.82877045702804
29720,54.8649406802854,54.68786801477253,54.44864797388752,54.93527884219125,54.48700404159914,54.68474791054717
29736,53.239266487519494,53.50707449852234,53.29764707997684,53.05276769890637,53.556850530314506,53.33072125904791
29773,55.32988868278573,55.69791806645367,55.937245819400786,55.7176681022068,56.562545613715336,55.84905325691246
29780,54.812850941740066,54.64280901113529,54.936860598369094,54.79932257300618,54.24114362424079,54.68659734969829
29781,55.593550191286326,56.269800417687975,55.923929170307666,55.62231382693552,56.46120803345861,55.974160327935216
29807,52.593197254921314,52.67783322792898,52.98017162280686,53.058306320646096,53.3226898389712,52.926439653054885
29815,53.63015405162156,53.6224734102875,53.00202742349636,52.88254203980653,53.05166225765191,53.237771836572776
29820,53.377692466584776,53.0366908494495,53.084839448142645,53.51645470273177,53.09195421081044,53.22152633554383
29825,57.92480503928877,57.31683553932045,57.42941315583959,57.438638238962554,57.77550808796336,57.57704001227495
29835,54.5269447834078,54.50747936207527,53.29530647922398,53.80944083411051,54.50872977095207,54.12958024595393
29880,55.166908176222705,55.07008505421453,54.992258873468884,55.17244252959563,53.70398081509741,54.821135089719824
29886,54.47232586385342,54.392724715998625,54.291082425871515,54.41925491279872,54.85363023729589,54.48580363116363
29931,54.58804316378506,54.55375151444129,54.41851901584137,54.153989519069874,54.17007643954767,54.376875930537054
29935,54.471125165798824,54.79594519941203,54.47583997045409,53.96871220053085,54.64079138450988,54.47048278414113
29973,54.19072881753311,54.364310368792324,54.386942965705245,54.42442860795293,54.63307068009412,54.39989628801554
29981,62.735643893929634,63.71388291807487,63.7462612311364,61.0576158452496,60.83845069621638,62.418370916921376
30005,53.885167357911314,53.783216332935524,53.4953706723944,54.04603764732988,53.456012180587045,53.73316083823164
30006,54.52285136744241,55.09457395124184,54.77912835378285,54.73039905574861,54.980001700062196,54.82139088565558
30052,54.506430299862885,54.657727176820856,53.50933582843254,54.404686131314705,53.98830024831764,54.21329593694973
30092,54.88470881192963,55.25189942477563,56.4391225487023,55.393622176534194,56.21820927349184,55.63751244708671
30126,54.33808000453001,54.29723495607689,54.11919925402342,54.076095664853824,54.82424273853695,54.33097052360422
30153,52.688702327276275,53.03074376886153,52.33434687579398,52.38672721017463,52.284485005756295,52.54500103757255
30170,53.441399372193835,53.83820177846588,52.83573610686513,53.24150635810981,53.55290912888775,53.38195054890448
30188,54.63852747199118,54.557186584676444,53.45056113709438,54.2181859028325,53.4117309761609,54.055238414551084
30197,54.12083533393243,54.008668672419944,54.85579618783147,54.127075741704054,54.03718297913659,54.2299117830049
30249,55.06186521681049,55.183040134473764,55.52429108683277,54.68088152486983,55.66693072785117,55.2234017381676
30271,52.65326995761356,52.31108704503837,52.40798084059966,52.49376672936625,52.540771259386716,52.481375166400916
30320,52.668175730607885,52.7896910136065,53.046067156361275,52.72549268327974,52.55909176783702,52.75770367033848
30324,53.17640350455821,53.17987411075607,53.48557664202082,53.26956478243642,52.15975403174812,53.05423461430392
30330,54.179890401955845,53.699966825163045,54.22859108227413,53.48621590716205,53.878881083581696,53.89470906002735
30367,53.888923371212044,53.88636677893116,54.00815488042244,53.58538242886097,54.1720584393607,53.90817717975746
30399,53.641774291082214,53.99355391335456,54.191741055107435,53.935118629841355,52.584513284021895,53.669340234681485
30448,52.79411158517183,52.3999911876263,52.594922783013125,52.42341518891105,52.759315040622454,52.59435115706894
30467,55.945047672104565,56.72435452251627,56.44277295950789,56.19684694639716,56.5050201154894,56.362808443203065
30471,52.92670964360601,53.12238216882521,52.75792886247784,53.01300455967396,52.85767996554648,52.935541040025896
30483,60.27657477551979,60.17449680522152,58.55387511859234,59.29744938690423,58.442495465666454,59.34897831038087
30514,51.957321804920625,51.99960899065107,52.540686320141894,52.67991700396077,52.18737273072769,52.272981370080416
30534,53.28033417718668,53.54294248743362,52.944054283754085,53.92949016261099,53.12749598165719,53.364863418528515
30548,54.70924109675154,55.13257281353897,55.473364408412124,55.60039103941246,54.712607928631066,55.12563545734923
30563,53.64795539573393,53.89591522393924,53.88454156431039,53.49164164539228,53.56642926174093,53.697296618223355
30568,53.27224465054112,53.254799968188976,53.21124498261896,52.507299234608155,53.808694217406696,53.21085661067277
30585,52.48180081717926,52.720382125313435,52.773039833436,52.80060768043595,53.39284747948943,52.833735587170814
30590,52.65125714135962,52.52315744910141,52.23715870883207,52.280239506786316,52.19755397413544,52.37787335604296
30596,53.75822052137097,54.14854870057361,54.20875215268213,54.10543541397051,54.338465563145924,54.11188447034863
30614,53.70776296242597,53.33549633193553,53.72528417453238,53.49123177060906,53.93903061923171,53.63976117174693
30620,55.62121726384065,54.889471297857924,55.98891740915114,55.53488723801152,56.77418714060301,55.76173606989285
30628,54.23056930475026,54.054764058166725,54.18929510985329,53.73935533003777,54.07316954631027,54.05743066982367
30661,53.4591418559697,53.00590125243852,53.69044024344551,53.11628276916457,52.92236914743886,53.23882705369143
30672,54.96059132186609,55.905291689953394,54.740291115727416,55.169298965150254,56.304181488806094,55.415930916300645
30675,55.649192546688994,55.453727775342415,56.00207874368099,55.70175729696976,55.95092480765023,55.75153623406648
30700,52.8544770675376,53.07423028081544,52.69165450077844,52.84989922511993,52.255133086995905,52.74507883224946
30712,53.12045333317387,52.98270086626862,52.80828317642557,52.98921317873749,53.40003211082093,53.06013653308529
30728,54.671461879220296,54.89011243401295,54.74906907507993,54.30301752392674,54.952552840519374,54.713242750551856
30752,54.39108628487636,54.788987746320146,54.50749469475538,54.45442165099051,54.565338505956746,54.541465776579834
30791,52.55586361230284,52.43795720834329,52.360225116955725,52.61766179055779,51.88209156313762,52.370759858259454
30839,55.72090467879218,55.72508153934612,55.67263071139442,55.670962129334285,55.24939092778247,55.60779399732989
30859,53.6618133123296,54.29145307420718,53.65196915766384,53.46991528827439,53.9112340524909,53.79727697699318
30866,53.375913811758274,53.608714844688265,53.78612609720112,53.84663151538119,52.9746824776619,53.51841374933815
30883,53.18378085536939,53.19100295325643,53.381694080837974,53.11526196676697,53.36831512803931,53.248010996854006
30894,53.54278608460173,53.145566833438,53.789037541937994,52.914633583059285,53.7294894038409,53.42430268937558
30911,53.53509756820545,53.192407912004015,53.78845197094469,53.47232206038647,53.20199700784266,53.43805530387665
30916,54.74572118885516,54.42201741770077,54.1797496504106,54.525708434102754,54.328544528366265,54.4403482438871
30938,52.37720699967156,52.34767560480552,52.527967486091,52.276968581241164,52.24699963333974,52.3553636610298
30950,53.89553514772294,53.76988459770491,53.25999659080132,53.378174536092146,53.719900607306094,53.60469829592548
30956,54.381872727998655,54.214737816100694,53.362178401797095,53.96063653716866,53.77030187848247,53.937945472309515
30965,54.08946004861009,53.817495694159476,54.2620448092689,54.70453067671241,54.23241643909496,54.22118953356917
30979,54.9523988544516,55.03766751466978,54.541912489822415,55.009967866459135,53.959742210732486,54.70033778722709
31011,53.56938102227531,53.99505134017233,53.82966585465637,53.89128883099559,53.45199059306897,53.747475528233714
31076,53.98038418894086,54.00778642976888,53.58929602987105,53.49706182684358,53.74114449930818,53.76313459494652
31081,56.03126328740346,57.40835002696207,57.62836538748354,57.4908594080807,57.98499057911059,57.30876573780807
31104,53.23463723657791,53.02175892244475,52.97238168102024,53.01826446929505,53.614639984404626,53.17233645874851
31120,53.41413499637531,53.594348314670974,54.009863948589405,53.923340099755,53.614618746699286,53.711261221218
31124,58.29251155326003,57.97325414116905,57.73769742302461,58.23924443721867,58.09850957407117,58.06824342574871
31137,62.36518331534842,63.094952815457,62.23153299423062,63.31708473516931,61.9730779264038,62.59636635732183
31152,54.83907173433067,54.392337860356946,54.36281910994676,54.39926750453793,54.2469513437308,54.44808951058062
31175,53.22842669804929,53.1742535861645,52.81481674226487,52.897832689031105,52.84035486635992,52.99113691637395
31219,54.77341842474461,54.43378679469478,54.743561173269214,55.113789169601006,54.468555983926365,54.7066223092472
31230,55.72462713200591,55.876523454198406,55.65857186038995,55.340205701425774,55.9529566560549,55.710576960814976
31231,54.60324262148161,54.25763495480689,54.69557086947442,54.225779541563426,53.62568195133168,54.2815819877316
31237,54.286151635020644,54.32267945034251,53.140115871724504,53.77039622821577,54.30715285155492,53.96529920737167
31239,53.112346100183444,52.77735017414315,53.343173729232674,52.899284607457496,53.51501856863149,53.12943463592965
31242,52.83445756222168,52.86522965720476,53.2975425534566,53.13868387961041,52.96424166751051,53.0200310640008
31243,55.7235425094149,55.18526960172901,55.36599326444747,55.26183907929513,55.3685600974301,55.38104091046332
31265,58.0183992311629,58.24333857431313,57.74870858101882,57.35841423335674,57.51695906712524,57.77716393739536
31270,53.44596043149226,53.41339276188923,53.17676751466614,53.501240545298174,53.10841740267982,53.32915573120513
31271,53.390149068024954,52.792310909818696,52.80854459705532,53.15410719983766,52.8642685920145,53.00187607335022
31286,57.35754229085196,57.71150332547285,58.06057626718005,56.16095704411386,57.964469722223,57.451009729968334
31292,53.40211513862404,53.37449877678144,53.20033910529416,53.92338278709617,52.710081088774984,53.32208337931415
31325,54.42061222779887,54.83983725665746,54.597408786470936,54.18960028672647,54.89566231081689,54.58862417369412
31344,54.3523656598443,54.69456832403807,54.47304002382565,54.05489483656606,54.267277718790524,54.36842931261292
31370,53.3688909569431,53.60666099082175,53.23590899896471,52.845715256142185,53.38216383178641,53.287868006931625
791,59.78599545995108,60.32950330660205,59.10793446015971,60.49784255323392,59.606571570136055,59.86556947001657
5457,53.37471708523103,54.32742046899,53.6757387015636,53.5251792693725,52.9793986744321,53.576490839917845
29775,58.247202839166576,57.832626287863235,57.783344194136745,57.852915412387276,56.53538090280094,57.650293927270944
15483,85.182054512763,84.5125989829575,85.24384477198257,84.53468201691246,84.27798488346684,84.75023303361647
