uniprot_id,seed_42,seed_123,seed_456,seed_789,seed_1011,mean_pred
9278,62.92561633955338,64.79822656724984,63.1461213511721,61.82516408317087,60.98064577891764,62.73515482401276
21397,54.98512045071062,54.88769343592247,53.243019452705376,54.78942864895648,55.24743836424103,54.630540070507195
2320,63.06565886653294,64.08588040813234,63.676943010638745,61.25335675415764,61.06149863527243,62.628667534946814
8404,61.39485061466055,62.28052207352445,59.71504110525661,59.79315668408996,62.63915607083207,61.164545309672725
19255,71.51837774343845,72.10230458657485,71.20598341752937,72.04208013639507,71.55266200182639,71.68428157715283
12298,71.47191819015029,71.1873513687736,71.31772968395317,70.84749067082751,72.4161029060315,71.44811856394722
1793,58.97623061321588,58.08949174574241,58.31950575248018,58.00599915758885,58.282473170285606,58.334740087862585
25308,56.66346845082837,56.75732822327525,55.70608940328545,56.19418312340776,56.467117631367884,56.35763736643295
25620,52.920447455702615,53.02160049795586,53.91020054983313,53.26984510789205,53.302725760315546,53.28496387433984
28429,53.94211288788668,53.333167744432465,53.91195336164819,53.43995822671316,53.59371881274795,53.6441822066857
1418,53.99762965312125,54.017198233866196,53.682415080312694,54.52193673757151,53.7491425267365,53.99366444632163
9118,70.33795056883201,70.22480966488712,71.06338249354516,69.84357674259724,70.47780640808682,70.38950517558968
15366,72.56891933778373,72.53370541270664,73.01598715108774,70.9319509080324,71.72571681044751,72.1552559240116
19930,66.4555565849526,66.59484455040507,66.94130957986702,64.40666815762873,65.47473267476691,65.97462230952407
23,57.19510010519394,58.558610144739234,58.78607793585271,56.55956502808457,58.163796073248676,57.85262985742382
1754,54.369918523241054,55.27865379413866,55.60413724252622,54.81990696328925,54.82536144241576,54.97959559312219
797,61.82153138196305,62.94604416370144,63.052817825849615,62.949527952099686,62.11296777915272,62.576577820553304
25217,54.0976870219618,54.22460666611932,53.12389444849256,54.312952961940915,54.3535867781399,54.0225455753309
6536,53.43214037333162,53.33007279650859,53.947771337517956,53.722163767208286,53.5951973754328,53.60546912999985
539,53.75125356904539,55.047104212866095,53.69230032627283,54.962507850322396,54.850695811146274,54.4607723539306
28879,52.646440765494226,52.36005462674374,53.07139490091514,52.347384216864135,52.60682682769283,52.60642026754201
19395,55.22239858895815,55.17539706971151,53.37670324653307,55.275795130465504,54.97431227001167,54.80492126113599
4673,70.19176614350475,69.19367165767251,70.05882096382528,68.0930618441102,70.7941795034928,69.6663000225211
14552,58.535790942484105,60.454601614777005,57.93016087094557,56.80974634794984,58.9486249520484,58.53578494564099
294,57.643704202729516,58.46639597097961,58.85406851249488,58.75266740714243,57.75627211382932,58.29462164143515
23219,53.51420533078449,53.53416706575124,52.64655826616616,53.46417771909551,53.51464939554496,53.33475155546847
22602,54.47768044693125,54.60000441788582,54.6624920661822,54.23343143828315,53.67931266835708,54.3305842075279
9450,53.43576533401948,53.76962094405044,54.452252565273476,53.93211389701913,53.98932163008077,53.91581487408865
21807,58.2795099032306,58.274606359039545,57.51113797497945,58.23488100314303,57.51572674492141,57.96317239706279
30632,53.37326417918759,53.064179808649705,54.51265897966692,53.88536538307119,53.93412763591085,53.75391919729725
7476,67.83923187271823,67.21719086605943,68.15709213478962,68.05029494476258,68.34689477377981,67.92214091842193
7,57.22842529363897,57.01002149484219,58.55392520917055,57.37661560737406,57.129501312582065,57.45969778352158
29127,63.95414774737108,61.922694618917106,61.72075887256058,62.25492576461821,60.275945287343696,62.025694458162135
7596,71.11659437023255,70.70655510040562,71.4731573929531,71.14953659136386,71.98173994186463,71.28551667936395
12922,69.5965354344027,68.32449665454763,70.19170709377822,68.93969480282371,68.65314543075388,69.14111588326122
23944,71.506942040074,70.20363426083505,69.13619892941534,70.78982111486485,69.24686038825367,70.17669134668857
5844,61.6545580481741,59.19921230148004,59.14822021922842,59.52146468497431,58.59650797996249,59.623992646763874
13171,65.01591433643434,65.95414726817486,64.34620793622152,64.46989035101274,65.86764689881593,65.13076135813188
22000,69.37401833311291,68.90667005598571,69.43555430278428,69.51609302236237,68.83238308337465,69.21294375952398
11902,54.30624846906261,55.983349572431976,57.24856091507886,55.70441835184646,55.43644579123679,55.73580461993134
21007,60.916968277479626,61.14914050975414,60.40502543670192,62.229301857102435,61.62159724415007,61.26440666503763
11287,67.35043519493904,65.5518621948297,66.85754895427782,65.53285461764001,66.0676909440236,66.27207838114202
751,54.894746462199976,55.37867358743585,55.622387977997604,55.22123208342597,55.277679356896456,55.278943893591176
5042,73.21846621149638,72.20217573002824,73.34000767893379,72.59500011953176,73.0840343380274,72.88793681560352
8929,70.59324954659269,69.9214568817741,69.7256481952558,70.24578745431641,70.03098409874433,70.10342523533667
27326,61.85431721688092,59.63165764452864,59.0788714169249,61.61187811468626,60.63540172238824,60.56242522308179
17467,56.55212350301684,54.57264538851226,54.65448723052543,55.90324441662687,54.55958178930224,55.24841646559673
20803,54.38076802859336,54.30413507041219,54.61387391320313,54.287438856652194,54.740197000648074,54.46528257390179
12924,70.13298134822703,70.28603249261847,69.45373492447854,69.90548391748027,70.29935666783385,70.01551787012764
17434,69.78836982617219,69.77643102121961,70.39470453409552,70.11387655667357,70.42904104806898,70.10048459724598
27473,76.70735201834354,75.43099143810092,77.34807766046362,76.3000999537758,75.693412343394,76.29598668281558
2017,52.663873872743096,52.47715945951839,52.252783467161876,52.7038904685828,52.49940407070488,52.51942226774221
17480,57.080752503243644,56.039536062050715,56.03636268935049,56.18241299948745,56.01404315133877,56.27062148109421
11561,52.857783167964776,52.77654750211561,53.53338393903403,53.27849784774574,53.163476563138474,53.12193780399973
15985,71.34187381651418,70.71402415407582,70.73285508586692,71.4836163469314,71.9008191774208,71.23463771616181
12439,59.87476983290191,58.299390368628316,57.83281243266801,58.137619156235836,58.24345279465306,58.47760891701743
29266,69.89933202953647,69.52919770946322,71.01421964467404,69.5706288249421,68.12425960369514,69.62752756246219
12767,65.5035858547944,65.3460067517348,64.95415668864915,64.79153591564715,64.63776830662376,65.04661070348985
1977,54.1269224836353,53.945984029639845,54.111215552343545,54.011009848308454,53.52023408596362,53.94307319997815
24070,56.901041237474814,56.989048168899835,54.96643827303231,56.88018900744982,55.293776552021164,56.20609864777558
22519,54.51674843689418,54.94818276169625,54.333139882976084,54.67929028858668,54.42299926531911,54.58007212709447
21286,56.00850024909474,55.663780655554504,56.22303562224852,56.08563877577552,56.233445966963764,56.04288025392741
23042,55.70815517542895,55.34445381134161,57.07460693741718,56.81375473436004,56.87453658902047,56.36310144951365
25348,54.340982411294455,54.44403140198926,54.485020679381165,54.23931962185406,54.23764062281101,54.349398947465986
8636,60.49631052929418,60.72864526760242,60.011261694995795,61.158083185039935,59.28508707966676,60.33587755131981
20334,60.11314261313119,59.59614603291172,59.996080404716004,59.17686329242228,58.155734481377905,59.407593364911826
43,55.087154304577446,54.9970131170724,55.865456928366235,55.54220776266064,55.25434266784415,55.34923495610417
935,53.95884017515528,53.8554180060589,53.69948739683744,54.19427611596518,53.827699602092686,53.9071442592219
11638,64.09622673862329,63.97697409993316,62.93420040836874,64.03973305466724,64.9502951014921,63.999485880616895
9038,71.04579544675826,70.9094688979949,71.93631250888555,71.32888289681696,69.89349501338441,71.02279095276802
25182,52.41832385614269,52.39064617954778,52.430533924305806,52.71324772169133,52.269653871781905,52.4444811106939
29138,60.37903327387834,61.49408980359786,59.64827514683477,60.79018525110822,61.35750428092362,60.733817551268565
30000,54.94876811703303,55.20233212954739,54.77159490939981,54.50446375010225,54.25885234523047,54.73720225026259
2454,70.1674695487317,70.48261666831391,72.05786088202528,71.1515806380016,70.98401366394071,70.96870828020265
9810,53.45698467650387,52.84086455431274,53.248342991143886,53.494688225983595,52.76390487034075,53.16095706365697
17697,58.71242449114234,58.30038993481525,59.048504088867894,58.55339539016481,56.89906395036935,58.30275557107193
19906,71.12359715620389,71.1640929809607,71.71152867966447,70.78444924487229,69.65152472729574,70.88703855779941
22619,54.1247875006242,54.66661958750241,54.56503125352602,54.12400914423198,54.88625352535908,54.473340202248735
12873,69.38849581860524,68.53634926884406,69.96756776910827,69.24755204268885,68.80109409956644,69.18821179976257
28397,57.15473241036867,57.14800246394245,58.22213827277961,56.23039802385643,53.534400696367406,56.45793437346291
12394,59.296719209226296,59.206770327725685,58.116811048628726,59.20609055911028,57.133059632805725,58.59189015549934
28961,55.06449206586481,54.95055483968667,55.08312351141228,53.87690887706808,53.91968900672845,54.57895366015206
16004,71.4633877646101,71.05711588012322,72.1205331679431,71.05706946381315,70.86078763078045,71.31177878145401
9229,67.5745214278219,68.3159984053493,70.10053981746881,67.78939584828525,67.62364574453663,68.28082024869238
20905,70.53944011823157,69.85730631644013,69.89968578368614,70.3223928706958,69.63336331122483,70.0504376800557
20207,54.54448385071799,54.13746009259955,55.11885081594025,54.434748091401886,54.447595139900876,54.53662759811211
25296,55.431220836409715,55.67634983189916,54.693732501984464,55.499961975978934,55.18359083724449,55.29697119670335
31105,53.60447793797521,54.496626697099636,54.16138008678011,54.5359097215821,53.809113569253654,54.12150160253814
12494,70.54468408563537,69.89278003107472,70.1735173445731,69.98403451906162,69.97049756608838,70.11310270928664
29837,55.13609265600858,55.30003977886332,55.10760597234485,54.81543756314199,55.19727792524572,55.11129077912089
28394,70.85922159888358,70.65111184377855,69.79848131674723,70.67200437888543,70.79087065743828,70.55433795914662
7450,54.88873721825614,55.39515593623596,55.76199649107572,55.05234974724298,54.79998249135952,55.17964437683406
13188,58.282645447433424,58.79863895985101,58.944731962236055,60.05948156838424,59.971541387425965,59.21140786506614
9384,69.54163181420795,67.4801829600578,69.58393891574374,68.12285797107418,68.254715672261,68.59666546666894
26612,53.514119031462805,53.68024215616182,53.500573004695795,53.35354281939708,53.628061631601305,53.53530772866377
11893,70.43852031052218,70.85124886987771,70.45634593043776,69.97325427867784,70.38632078736903,70.4211380353769
23837,64.9134140493422,64.022325316804,63.14174497373987,62.682532821035615,64.02134824564351,63.75627308131304
557,63.238009309529836,64.51613512534303,62.95428286389639,63.777676006036025,64.95423107013866,63.888066874988795
24608,70.55976511928803,70.52463154183353,69.76866420375488,70.26734997488663,69.287694831893,70.08162113433121
25144,56.62012195343699,57.17090009670675,57.0135660097499,57.22865685361759,55.54081961605255,56.71481290591275
28146,70.28300398979839,70.2306103513361,69.62721346252697,69.87471875212889,70.81380855347614,70.16587102185329
21470,69.85838167282604,69.32710017203067,69.43811686298639,69.06302805583096,69.58027886206865,69.45338112514855
24648,53.985533769813074,53.677650421776896,54.5267270112842,54.30134279755369,53.934720917756344,54.085194983636846
5479,62.28013461658074,61.11956108334986,60.85105195652421,61.022847356173685,60.48168661647774,61.151056325821244
2360,65.34199872543937,66.7932864118202,64.77347813472853,65.1047336041357,64.98356131966233,65.39941163915722
9549,67.65931661836238,68.20963285455315,68.42214945227684,67.1019973298302,68.0521173502698,67.88904272105847
30180,55.01887285414399,54.66904905820293,54.590497884004755,54.56260638469553,54.63836960057722,54.695879156324885
10312,70.5704191578208,70.1958456817026,69.76056819309373,70.2440495472531,70.21068348583174,70.19631321314039
14406,54.18860662296827,54.241224021923585,54.314729003637844,54.32523323252504,53.78619915886282,54.17119840798351
21171,55.98603254963249,56.042434412402436,54.629631083992855,55.85407993770957,54.65331092881573,55.433097782510615
10436,62.59950656328348,62.00747662637771,65.90357918479461,64.31801947244753,64.1139222456733,63.78850081851532
27660,53.172890107051195,53.30955761675267,53.32309563404551,52.86556717429801,53.338895442802105,53.2020011949899
12489,52.36894322482886,52.253265250869106,52.271924508835845,53.711033074783934,51.95150031061124,52.51133327398579
9264,72.19253341222867,70.7284212791249,71.11841163886241,71.30809520475015,70.72314541865103,71.21412139072343
14334,55.77012398197141,55.03539848459785,55.139825422208546,55.44074680815421,55.73085009991294,55.42338895936899
14809,67.9831669098271,67.30259487548078,67.39325732198226,67.97812057281918,68.19583992836476,67.77059592169482
21265,52.704111950888716,52.48009642138904,53.0729336997311,52.45403656996923,53.120229408390585,52.76628161007373
10292,69.88529381731416,68.9038097834975,68.58413124685518,68.88303519101186,68.2094113775247,68.89313628324068
17694,55.21438250600015,55.34283373147849,56.91127480607122,55.47925591149211,55.342680626996774,55.65808551640775
15489,68.81571615272631,68.48348220404161,67.9397078540617,68.76670828869746,68.47021936168086,68.49516677224157
28523,55.13812250085049,55.87869748190828,57.392595839126194,56.27057317174947,56.36547652407506,56.20909310354191
16463,61.56576951229931,62.103106383798455,59.90268677073553,60.13413541782278,63.01093390237421,61.34332639740607
7555,69.71719653843454,69.79634383534479,69.64922648512929,68.77860912034544,69.37571220381201,69.46341763661322
12462,69.06090933002073,69.13873630577646,67.63516885360609,69.2453949409796,67.80399163762551,68.57684021360168
10846,54.48298175099609,53.72758884273243,53.6814121810395,54.856053671480055,54.43901513787279,54.237410316824175
22075,62.84547866177123,63.825206641699175,63.83313822018021,63.66679764316523,61.24887503062944,63.083899239489064
21911,74.533076143572,73.29027163242691,72.581658994696,74.24131598519264,73.58155600558095,73.64557575229371
5787,53.508391889004315,53.29521759805185,53.271526938563554,53.54427560648198,53.116430332619494,53.34716847294423
31304,69.19588390757323,68.78825082916659,67.65322542421845,68.02451175815311,67.60334644936674,68.25304367369563
7873,60.35733626895964,59.67528463930876,58.61373249614505,59.89452051587457,60.627621134906484,59.8336990110389
18122,60.57553632517008,62.738368431396005,64.01674834802074,60.00817583430232,60.73829164617156,61.61542411701214
7801,53.760632365941575,53.72761319420191,54.05591893132301,53.28837738260086,53.50043231365425,53.666594837544324
5276,53.55360644525309,54.04693517199236,55.276325378315676,54.38378032917405,54.32966736945078,54.318062938837194
6895,56.195449646357815,55.68769625658886,56.76785432197524,56.17059114321297,55.654986421988454,56.095315558024666
15471,58.24096058604186,57.4319975079132,57.101119549374275,56.82025168479058,57.61063750347424,57.440993366318835
9284,54.75887868749103,53.886268878325104,55.2016214007284,54.64279031101301,54.21434305796239,54.54078046710398
29251,72.5483052195472,72.96481767830336,72.15559235415276,72.27610954297369,72.49327759703677,72.48762047840276
12616,56.09291565957207,55.32306030569539,56.76985654885934,56.9247819751349,55.39147914020544,56.10041872589343
28675,67.97788864646445,67.36820304901879,68.80894635115244,67.42263479049014,67.37190619493039,67.78991580641124
11760,73.55265720904215,71.80270623412895,75.2713722227766,73.1089357285837,72.4204849285105,73.2312312646084
2476,52.7843210723467,53.70467838153871,54.06199780404958,53.753265762158,53.431649671460406,53.54718253831068
25703,57.66754913935799,57.817904873782624,58.48867328260153,57.55348459341338,56.33538023648513,57.57259842512813
571,58.437025673069705,59.2971253508232,59.83940615995899,59.66608444562552,58.652178756866505,59.178364077268796
29647,72.55593587939777,72.89659284089805,73.740394933672,72.41242826561322,72.22755673506308,72.76658173092883
13227,71.50732486084385,71.58201808791884,70.97547821772002,71.98791767443647,70.67597388394513,71.34574254497286
7146,57.46172729450397,57.28191093904244,57.89290705717526,57.207508655534056,56.16250953335839,57.20131269592282
6693,52.05417492704902,52.27853323454697,52.35753852162239,52.15411295481555,51.880276674298045,52.144927262466396
20658,53.83984460683189,54.04927676959327,54.11212715688122,53.365886835530766,53.850966375874364,53.84362034894231
25808,56.19565222227652,55.27672476132936,56.35648316337552,57.03710777742685,56.17253634104686,56.207700853091026
10044,63.282079370138234,64.34891617112844,65.24520893601157,63.388833839157385,63.788076675020314,64.01062299829118
51,54.80185053314331,54.662577708641635,55.756066030087446,55.49408560248964,55.31460529065785,55.20583703300397
13877,62.741746029756314,63.42171283979406,62.10437018652916,61.62202034396194,63.316754860733894,62.64132085215507
15350,55.5551078680469,54.556290393587965,54.95455545684551,55.526514042679565,54.8707808341092,55.092649719053824
20336,53.823513712806935,54.19733689684508,53.76008631142977,53.77786549821718,53.79819551858976,53.87139958757774
11452,66.89026283485688,66.19528655433794,68.51124723898819,67.56451772751274,64.72534660981708,66.77733219310258
27451,69.71824630131367,69.8808540394695,69.0017102845109,69.61498377278784,69.25388046380054,69.4939349723765
14076,70.44003074569497,69.93051047616683,69.18160365701654,69.70482413275454,69.7070164181073,69.79279708594802
157,56.099307244253964,55.991039861574585,56.678859834346284,54.77565984800752,55.68979580296887,55.846932518230254
9380,70.3705000161497,70.65330409563292,70.1312253719661,70.1990841934593,70.26104923252338,70.32303258194628
13176,70.09320990370118,69.4556876515231,69.86728122546717,70.39547093553263,69.98886112653574,69.96010216855197
9766,58.46683062074391,58.17905187694126,57.357025072932494,57.74147021521532,57.02264849216055,57.75340525559871
4872,71.35497393661142,71.52702474136122,69.86917218592704,70.76799524411551,69.24602666057035,70.55303855371712
8932,69.60964631523461,70.97438007363796,71.51501902899439,69.4737640800578,69.85145151072145,70.28485220172925
29466,70.67224562553109,71.4569966380791,72.02408383493587,69.61911748144993,71.68297803851,71.0910843237012
21823,69.84631868235576,70.28962328161855,70.12036579366851,70.19417221767785,69.88169532565351,70.06643506019482
20897,71.7173537192309,71.75299122695911,73.55236351082318,72.22903590559143,73.3342386390923,72.51719660033939
21599,70.08596593834035,68.55992330745988,68.81834588023155,69.5260415691711,68.69533360098949,69.13712205923846
7773,71.03056449698299,71.09888755516057,72.19258970099312,70.85007799574974,70.78367229199044,71.19115840817537
14125,70.72155222819015,70.02124749841119,70.41469998784281,69.49841373386734,70.00677264025894,70.13253721771409
21505,70.59762504693808,70.13351559971025,69.71028682722701,70.27845577142833,69.57529264597342,70.05903517825541
5564,56.450975393762846,56.17828083097336,55.847826599528965,56.48758312056898,56.63573587512989,56.3200803639928
11472,53.35610434061773,53.38037218173563,52.80056951808433,53.03035745152974,52.728534733359844,53.05918764506546
28966,70.59469308834271,70.80177385427834,70.40997231010658,70.8801960265896,70.30524503306759,70.59837606247696
29275,69.7254533880788,70.3693827295015,71.04217521737381,70.23786123827357,68.65448162864666,70.00587084037488
14363,54.56122270317511,54.10645603150052,53.92940121353654,54.8818660133882,53.51722836523914,54.199234865367906
23771,60.0307472469533,60.480947516212055,58.20842053547165,59.8367226021472,59.060763544596306,59.5235202890761
18064,71.6144387941096,70.71972048173065,70.79651803574303,71.91546131459486,70.73029396757074,71.15528651874978
12074,70.84117443804631,70.21014920837658,70.43784372745424,70.49454234490298,70.79368187415673,70.55547831858738
28225,69.94829986756288,69.85269965428131,70.70189091914825,70.10171077256437,70.06103501554581,70.13312724582053
4440,68.56053427314211,70.24266638913363,71.27687197828664,68.85083073395555,71.21647698931905,70.0294760727674
1698,53.516901270917586,52.89222816807085,54.04018138238404,53.0358082790799,53.41963139796963,53.3809500996844
14884,64.67161080098835,64.59550836469167,64.06827624446571,64.184970680311,64.54835473257405,64.41374416460616
22035,71.24642475256717,71.45097264143462,71.30307447876088,70.3122769331937,70.5375359166173,70.97005694451472
7541,69.92213020643705,69.87618303399702,70.61343238926415,69.8602571726168,70.37995519256404,70.1303915989758
4260,53.52346133084831,53.5560919511535,52.64675974201058,52.68105072821779,53.87452280954766,53.256377312355575
26,55.812535761903284,56.799019325354756,55.86228296159049,56.33677440352784,55.64390692137048,56.09090387474937
15671,71.74594629685137,71.10572092530532,72.01620104110437,71.7491331119054,70.00989295405586,71.32537886584446
20883,69.29838733385718,69.68610833270606,69.89175588803822,69.43499323305954,69.3490231637916,69.53205359029053
192,56.02540400758725,56.35505484796205,56.11026640557098,56.04079415784732,54.8374484401192,55.87379357181737
1261,52.760387553811306,52.78303608287374,52.272531648861545,52.73110252917335,52.660255286640805,52.64146262027215
19337,71.63474943440423,70.65677654084504,69.81768430725378,70.48883275101203,70.31617900504929,70.58284440771288
234,70.17768097987121,70.10859698204749,70.86280105719904,70.2758318375792,70.24353690442375,70.33368955222413
26412,66.2349996272177,67.68880767469713,66.2635277426666,66.53810908445297,66.04020756798519,66.55313033940392
23690,54.05301878845882,54.851375289626596,53.67756067806635,54.35766540448457,54.28961530197849,54.245847092522965
20273,73.64777162900249,72.10980654455868,72.35634773481705,73.64892685036864,73.14708018328105,72.98198658840559
713,55.490034083764364,56.188807073903426,56.48933126037353,55.06911325270453,55.78494101218743,55.80444533658665
7691,70.91070094963696,71.01264168592319,71.03255107002472,71.37530877069025,70.84328186264715,71.03489686778445
7458,70.51803922723056,70.21567499716146,70.83247251167003,69.96058508347059,70.2612169071562,70.35759774533777
24664,59.22409155354122,59.91481843283632,61.3631651826005,59.46848178701342,58.4622834543007,59.68656808205843
25345,70.79834072838597,69.22146836119529,69.99815655118923,70.11304265267162,69.63695801080077,69.95359326084858
28656,70.27336921267312,70.5770446464414,69.07551484106578,69.58522692131189,69.88208790861074,69.87864870602058
313,56.96537169198422,55.80755101600766,57.205305255059834,56.93706823207397,56.458718726535665,56.67480298433227
11984,57.92994897399083,57.40307208765806,57.228873330852814,56.43094333769837,57.51565621691903,57.301698789423824
10193,64.20349256137617,63.676161051857626,62.79888550485033,63.78863591744232,63.93105027387965,63.67964506188122
30373,69.52686387510488,71.07993447071992,67.85894460004023,69.3978898865911,68.64943576659518,69.30261371981025
8128,58.83225357305963,57.692083035907906,58.007071525730666,57.05709440307213,56.97437344201612,57.7125751959573
4268,63.859914150485935,64.82639311343154,65.92497575033441,65.11251056662076,64.14285273218593,64.77332926261171
0,86.11762810923199,84.76153592862153,83.69592765726682,84.8966224903744,84.11733045109912,84.71780892731877
193,71.86463916186547,72.04190216598512,71.4266105772539,71.10483312810948,72.66533278560507,71.82066356376382
412,70.30590802969064,70.53404099419005,70.639008422957,69.14282780776448,70.46978396783626,70.2183138444877
681,59.91228912790977,60.89213181648727,58.685323289799825,60.849554350814614,57.287819298463106,59.52542357669491
815,59.479408441097064,59.40664320453302,58.540471976516514,58.51983377896864,59.463569089553495,59.081985298133745
1334,70.41221895874678,70.79239141707706,70.85629112887663,70.59479115426434,70.66138209360285,70.66341495051354
1342,65.80274083238125,66.54207622126854,64.76339424471902,65.29729679994972,64.15429567021468,65.31196075370664
1568,83.95598264967704,84.55156640227536,83.64743521551158,84.00503629037573,83.1594886805226,83.86390184767247
1720,70.63908534813696,70.80923431063484,69.8358582693165,70.56910889380418,70.56230062624407,70.4831174896273
1727,70.09433385816217,70.16773663593975,70.83570199957657,71.08743024314427,70.84136100260753,70.60531274788606
2185,67.21263936483336,66.47011929600077,67.88669946506766,66.92736131044231,64.79347575496178,66.65805903826119
2212,61.387441401584084,62.58122505579141,63.69672770918647,61.72622250133661,62.365268425870354,62.35137701875378
2266,62.392634176387084,59.974200207649254,62.068769896180065,60.07437954520732,60.28873657484395,60.95974408005353
2268,64.46854957335542,65.8149364826261,64.01077324973997,65.12973619512054,65.86266783414051,65.0573326669965
2635,65.22146330165891,66.22636095150449,66.95911773037163,65.74671751034462,65.72140815591986,65.97501352995991
4022,53.04771721837347,52.78856172972333,52.894302863540034,53.22147109614064,52.920611182363814,52.974532818028266
4135,72.07650860523746,72.45497627739242,71.68617077741958,72.8802421911522,71.69175815591281,72.15793120142288
4668,55.311033846631354,56.406885844139005,54.942226629010015,55.85394225562317,56.33558018876983,55.769933752834675
4730,86.68843900733665,85.64868022845172,85.07933689826925,86.46172420577791,85.60029539332417,85.89569514663194
5375,61.78297504465146,60.75876141448504,60.504210372163044,59.57170782704032,59.644450327608915,60.452420997189755
5504,58.644365346017494,58.665242474765066,60.37584921680491,59.009960068653896,59.68874117485736,59.27683165621975
5557,69.91777695892071,70.23408654405674,68.27304400696491,69.44025508962477,67.9257008158481,69.15817268308305
5995,60.28920038424577,60.58585094893045,60.556939055536915,59.99109404208057,58.33552001261709,59.95172088868215
6215,53.99040918759357,54.93249970852261,55.270746574459196,55.117230861132995,54.56660599759692,54.77549846586106
6512,72.27101312296634,72.13779286941852,73.03961517311772,72.56014352294015,73.35637693470828,72.67298832463021
7279,70.79981525340447,69.82713007272972,70.4311811289273,70.56314251547612,70.23987119213629,70.37222803253478
7454,71.2444648003094,71.16202905665438,69.88329836318658,69.78691702992035,71.18825605084646,70.65299306018343
7698,69.0993581743151,68.54818436280678,68.75495545555489,68.93448212291071,68.95926817676846,68.85924965847119
7700,73.94694765214167,73.2245508587034,75.92311562794876,74.95150196513086,72.77336332582782,74.1638958859505
7753,55.55459094968716,57.862382066869564,58.44867698554042,55.903254235867514,55.71471297307488,56.696723442207904
7779,67.52561136568853,67.4491866354669,67.43697075761108,68.74357814788178,67.87297332827265,67.80566404698418
7792,74.68554551693019,73.67424277103927,74.83334709782397,73.42601393790115,73.73526325620975,74.07088251598087
7816,57.70991158912088,57.501384357755335,57.70558338115289,56.53023280156255,54.706114022985645,56.83064523051546
7918,62.95488578450611,62.13423088834027,63.591377546278196,63.57949995465933,61.73896470659083,62.79979177607495
7920,69.63209550917664,69.28519396127729,68.57259036529302,69.91344138965165,69.54364367676476,69.38939298043267
8168,62.39100429923855,62.918422779480984,63.861155392564875,61.27590392059064,62.27732422063093,62.5447621225012
8292,72.12498897215207,71.59576372132595,71.02967074031912,70.7398939883167,71.88210323210689,71.47448413084415
8299,69.67444866924097,69.54211204214025,70.22363159184519,69.28235488036636,69.70029627467305,69.68456869165317
8305,71.85129948895033,71.56552002329927,71.72382622943503,71.5663447241183,70.04125590538395,71.34964927423738
8426,71.2098805861013,71.31714881498507,70.70558378368443,71.14948740662771,71.09401682831556,71.09522348394282
8446,70.7008303148574,71.03994098198311,70.88126580696476,70.77645296845466,70.47799234633489,70.77529648371896
8447,81.77707734123655,77.28778935471945,75.18750723954417,79.92385968817013,76.72533167967929,78.18031306066993
8448,70.82941069243772,70.95524577875726,70.60103207650062,70.98846606085101,69.97895993248571,70.67062290820647
8523,69.55894190469287,70.45253185067078,69.02457254045522,68.41624601961138,68.40703990306352,69.17186644369876
8883,70.57243641155985,70.30935821716172,70.56410196314009,69.72003559203829,69.20664527630132,70.07451549204025
9071,82.0109179588529,82.64010003272766,82.13363115547007,82.36933059037788,82.06219775438358,82.24323549836242
9084,70.02081572138655,70.36725780115087,70.05960059342202,70.0325181473532,69.95560541144755,70.08715953495204
9097,70.76697508986695,70.70910530293492,71.05813012888883,70.53521356302431,69.9344585132616,70.60077651959531
9116,70.00188624994487,69.87592397967532,69.83265546374139,69.3660659568496,69.94158593814433,69.8036235176711
9243,71.27231404555474,70.44911698691656,72.0937724755721,69.74796401116082,68.89472653600187,70.49157881104122
9270,70.67144987087178,71.20895558205744,71.78693495190295,70.12540206528818,70.43151738774262,70.8448519715726
9441,71.90975380802782,71.52188890832115,70.83696351098287,70.73724496497991,71.42500846505266,71.28617193147288
9536,65.40233930252772,63.87188817061261,64.89660937141153,65.47615014167062,63.894709480240174,64.70833929329254
9642,70.02801894820777,69.9600646650453,69.9837242260014,70.19262837759946,69.53197874716322,69.93928299280344
9756,71.13162421400956,70.03503035431818,69.17810121010537,69.72066863585793,68.13915474510654,69.64091583187951
9774,71.51961079079827,71.49300540399337,72.44999229753446,70.39030028205076,71.1053746962178,71.39165669411892
9775,69.6834695895582,69.98226404524601,69.55031078346288,69.17319171587073,69.78335362162035,69.63451795115164
9781,65.48871173445818,64.01797360853473,62.33806306468309,64.71231990638394,65.16356069586563,64.34412580198511
10094,71.49823848272176,71.3694752625455,72.38512254813301,71.2472409008449,70.94277012736758,71.48856946432255
10339,67.50928389036059,66.37891728394362,64.04036162438267,65.29133913222316,66.99774362609082,66.04352911140018
10443,73.15568415798043,72.88952905528586,72.3813501686244,71.73750763030796,72.61059695654093,72.5549335937479
10502,56.280707166883964,56.26605166172151,58.62592532245638,56.8441943405339,58.1379710085474,57.230969900028626
10631,70.2484711195878,70.06852939250602,69.66790369372706,70.11828906747753,70.09791571335977,70.04022179733164
10824,72.74361107489736,71.8247708154581,73.8627011863809,72.61722635663274,71.49135508714502,72.50793290410282
10848,71.22769256485277,70.46210833254317,70.9108187291407,70.83053649833059,70.2024461293444,70.72672045084232
11228,83.04292317590438,81.42253413092831,81.6717453740491,82.29497811980059,81.58066605723863,82.0025693715842
11244,76.209630115031,77.80046144172633,76.83540639839836,77.64323384303292,77.66494574585697,77.23073550880912
11293,71.296046629607,69.91561831201962,71.94349914268257,70.41969617688565,69.7600449597262,70.66698104418421
11339,82.35024425624292,79.83891088580206,80.03099059081114,81.93702977635803,79.91670625085224,80.81477635201328
11401,73.45708053832519,72.0127629294276,72.09221534001844,72.79002145881495,71.32297712078655,72.33501147747455
11602,84.67996396806943,83.81267509131216,84.82490803917725,84.12880709955859,83.98192673164046,84.28565618595158
11680,73.85877553099742,73.46172928016193,74.20278067536753,72.9017186831633,72.7750664879576,73.44001413152955
11782,86.35236233108674,85.9342167684201,87.92911832973274,87.2843862247711,85.70383167751021,86.64078306630418
11802,68.13847377650454,67.1752954164186,65.60297799824593,66.58061791218805,66.10135522643003,66.71974406595743
11862,74.81606286609166,74.68081811598593,75.15784835881465,72.65367743813908,74.23782314812408,74.30924598543109
12075,84.06723863642227,83.47218754957271,84.4262404400022,84.68755924286664,84.29680536320433,84.19000624641363
12137,69.69441117777954,70.30783692214206,68.53130752666432,69.57711880777896,68.21610438021071,69.2653557629151
12154,71.11140138581315,69.94453050686575,68.7234861201265,71.04182676182391,69.8737081979787,70.1389905945216
12208,71.08605462850385,70.93408655335953,70.37235207325199,70.60769416111188,70.29155961462025,70.6583494061695
12381,70.64342559744848,69.02907474992992,68.50974720817182,70.15765892929942,68.8691999516433,69.44182128729858
12387,69.97858208060393,70.66639592253436,70.21057027161079,70.05048695470347,71.00876929083016,70.38296090405655
12414,72.50049916962718,71.3839953713065,71.94647118379031,72.00334143263834,72.52765583076295,72.07239259762505
12431,72.5702466716691,72.60645013559342,72.59056709200094,72.76572193390805,71.97164893018298,72.50092695267091
12432,69.89151688505848,70.19215410764797,69.88956501542133,71.00905731080886,70.10931515724276,70.21832169523587
12443,63.755660957321325,63.62041351022507,64.92791018016335,63.889623995797216,64.60158163291635,64.15903805528465
12486,61.416092679413886,61.686313105621316,60.702659669380765,60.047990115608044,61.535367895266724,61.07768469305815
12554,71.2355589253353,71.63485997009624,72.51416587575923,71.00112890926373,71.24090628101816,71.52532399229453
12556,71.2318553561545,70.7840957727591,71.83456671782366,70.99632837514113,70.39695806992546,71.04876085836078
12563,70.9345110701265,70.97070075000846,70.80356666193407,70.4528526753013,71.72279107263434,70.97688444600094
12579,70.7434545396781,71.16827114109637,70.55733957460782,71.34557143014942,71.21989266117076,71.0069058693405
12583,71.41802998927353,71.16908763867256,71.90604366253574,71.41093374999407,72.41900699139288,71.66462040637376
12596,69.45065603513697,70.86586826142346,69.76710718053694,70.10185165320188,68.26152022129773,69.6894006703194
12600,69.84498064076547,69.79209410966546,70.51455151857586,69.85816333622414,69.62303446131308,69.9265648133088
12621,70.49899025397522,70.42722280397713,69.85531569079312,70.06467847820072,70.29509026997172,70.22825949938358
12633,69.76346805457487,69.9994509141869,68.4723484974577,69.6279733881443,69.12460467155555,69.39756910518386
12734,70.92106009112939,70.71075722070931,70.51503917447032,70.26927376625297,70.28393619800251,70.5400132901129
12743,76.17711922702293,75.88913743706074,80.57998041478643,76.83151092437365,76.2241937418753,77.14038834902381
12820,70.34941372881634,70.18409560654793,70.01451505353452,71.27283918404505,69.11275097384319,70.1867229093574
12897,60.151106906991814,61.244256995097174,59.87292270933312,61.99955832929403,61.35384649937253,60.924338288017736
12898,70.6911529173595,70.84211112835804,70.22380443987706,69.8012113308399,70.53324479889486,70.41830492306588
12931,86.69007894100241,85.15815792912362,83.70466504955989,85.49912763591036,84.29390856677131,85.06918762447351
12938,70.09544445277642,70.07712525634132,71.24312539728561,70.65130067721459,69.48133493347399,70.30966614341838
13127,70.99183690544216,71.06864538701375,71.58164734794602,71.1689117597367,70.64559611508118,71.09132750304396
13147,65.47249629450957,64.82216739011513,65.09663810165827,64.97753048949828,64.91038002580875,65.055842460318
13615,84.17512423122182,84.07026902258946,83.58065010177454,83.80100308986147,84.17363841711558,83.96013697251257
13652,70.50720680202606,69.0959457254503,70.41163643125728,70.10050928502724,68.82531823331247,69.78812329541468
13696,68.68701217184538,68.66227395789433,68.51532333777757,69.03284703072413,68.7242939890845,68.72435009746519
13930,69.15045388981376,70.6581619066729,69.4551831187141,68.93705077865383,68.18796741349777,69.27776342147047
14104,71.26117882674512,70.70180813810435,71.93537144425366,70.05912263601192,71.13855684876484,71.01920757877598
14725,71.80069086397275,71.49192731219618,70.98653190617952,70.61644161970403,72.08411895090343,71.39594213059118
14738,54.17281214756126,54.85588676328189,56.024297536741834,55.308072320066714,54.990356730855524,55.07028509970144
14839,58.5458684173846,58.54583328521791,57.01421459111195,58.21396665168366,59.607301773485474,58.385436943776725
14962,68.20846242314026,67.63509501759161,67.58228420194195,67.20021511103748,68.15847859505007,67.75690706975226
15116,77.72008710656286,76.66608249688147,77.41007740867556,78.38824226736396,78.01353209118076,77.63960427413292
15127,67.17479036001535,66.93150659505291,66.65486087473988,66.16392854919843,66.41765082848055,66.66854744149742
15203,70.94413788319966,70.58151009353327,71.28517742537609,70.21947699613638,71.81058660839645,70.96817780132838
15352,70.12313302979182,69.23761775339429,71.52655905364848,69.15838068155503,68.20232664091417,69.64960343186075
15357,70.22930786789894,69.74657386271265,71.5894027048533,70.71322819212929,71.04756283105218,70.66521509172927
15524,83.8996271328732,83.78168073188245,83.88447081086247,83.72518054806248,83.31299477110866,83.72079079895785
15674,69.67027722932902,69.50292871422272,69.58384347983984,69.49655481526001,69.14263556544587,69.47924796081949
15884,70.58860610186638,69.87189451721241,69.91766288174965,69.65644460485872,69.71926250229369,69.95077412159618
15994,70.92536804924923,70.53429987621328,70.21818717414139,70.44973657838723,70.53546171219465,70.53261067803716
16013,71.47873235868556,71.31716390934146,72.01392632920366,70.8841933963054,72.42437673418722,71.62367854554466
16460,78.24059722952319,77.38721533918782,79.71821834721435,78.15216138692772,76.74634476926666,78.04890741442395
17377,57.494827087159926,55.760928760986204,55.80351227242678,56.54701017147601,56.12226396239974,56.34570845088973
17711,73.64593641530846,74.32682163479427,74.5964222936473,71.60640477374395,73.44268504565946,73.52365403263067
17918,70.16143841505738,69.96353408975159,70.90562878230025,69.8256030719372,70.58820912615403,70.28888269704008
18082,70.37657360160718,70.72622886173642,72.12842219999301,70.69873237572239,70.29741294010405,70.8454739958326
18121,63.68972177939447,64.02087725613664,62.751336963180286,65.02639779189144,65.39301223211393,64.17626920454336
18170,70.09751700876694,69.40118901509545,69.39302692846321,69.88279794844361,69.47344386783777,69.64959495372139
18245,69.7029557542515,69.71069882973863,69.5897348798414,69.55010393349592,69.72652914571603,69.65600450860869
19144,69.93140758117188,69.88613810669969,70.07131279081243,69.3307033934845,69.17848346152944,69.67960906673959
19184,65.62153170240676,63.65678886805285,62.30083043788717,65.29166118116197,65.26282013391021,64.42672646468381
19185,67.97806401825471,68.0758172723763,67.11440150514822,66.16876959158694,66.84435182412712,67.23628084229865
19291,84.58592899760298,83.15371216556771,83.75512712691551,84.78215803481591,83.32408641515664,83.92020254801176
19349,72.2610186003834,72.4227527490854,72.34916140337067,71.42605051860549,73.58226984899517,72.40825062408803
19436,85.41504530194973,84.60601287311596,84.95942167562657,84.51380559811902,84.07638492330831,84.71413407442392
19858,60.560575203154954,60.92204771804265,60.82511986109632,62.30864455415963,60.59381205601826,61.04203987849436
19894,65.55780902885913,64.38732043675907,65.73022759518133,64.3712577502249,66.11061378036149,65.23144571827717
19928,71.28464472581048,71.2144135928774,70.81194317398618,71.488323679774,71.42724788233326,71.24531461095629
19948,71.3170951543635,71.1052480170188,71.37138314659023,72.05426118407019,72.21377530081652,71.61235256057185
19960,72.66045559074499,72.66341246390157,72.37040673370507,72.84433077167849,72.93753794440478,72.69522870088697
20147,70.23301488057722,70.86253950987891,73.3674452093808,67.13352160698811,70.37571310524943,70.3944468624149
20272,61.294816708857155,61.14017209918483,61.23684353294465,61.93868574029583,59.291902326085825,60.98048408147366
20363,68.84133078808539,69.2408769037856,70.36680042803104,71.4100477162623,68.96849927332129,69.76551102189713
20630,73.79785331983037,73.89110240756044,74.09322910815827,71.66762238379457,73.36096302532266,73.36215404893326
20910,69.7416110224317,69.73700049605858,70.05705179007956,69.07525221765357,70.26026670758266,69.77423644676121
21366,70.12841104141708,70.39433648462875,70.67120547050641,70.24925212059598,70.17836842457918,70.32431470834548
21455,82.25582884948008,82.74232863273198,81.18335879642169,82.31621849519208,82.3206362436212,82.1636742034894
21525,61.475912474891466,58.61315007850313,58.95499821690274,61.8771458670152,58.84566522383053,59.95337437222861
21584,71.23947477901721,71.86359431312752,72.05804329670397,71.30977737781542,70.57950803925759,71.41007956118435
21732,84.13383262951383,83.5042626972256,83.43492213200975,84.13356742637673,83.99044016137671,83.83940500930052
21741,71.39393237679161,70.86543177029878,70.70927283679106,71.57948034202059,70.93742178787085,71.09710782275457
21756,85.16992748413848,84.89389500608563,85.90363548802269,85.03558168928161,85.10887032545432,85.22238199859655
21821,68.70555668484344,69.83047454373205,68.76718241233576,67.31341153211909,69.9909006292668,68.92150516045942
21931,70.50725761807874,70.16175576551619,70.71302578072039,70.45845021365463,70.61272363252101,70.49064260209818
23041,69.20666769001609,69.35214170016617,68.97009079085497,69.45510471671993,69.26488961912463,69.24977890337635
23309,60.037955498698665,59.95454800525568,61.93202698625705,60.85047653890765,61.078355779075494,60.77067256163891
23600,70.95872548916635,69.47323714121498,70.88784829163514,70.39784050099226,71.66279093729193,70.67608847206013
23647,82.83378255472707,81.73431523613549,81.63559715450994,81.6309536015717,83.30101028886129,82.2271317671611
23680,67.28591913680619,68.77758171759324,68.37041368697048,67.20392025145033,67.97675130894362,67.92291722035277
23739,70.24468088760189,69.93214211469035,70.19135142448863,69.73958724902658,69.10619311606945,69.84279095837537
24297,71.18620659495747,69.94854592807151,70.25956381872116,70.93382207067795,70.65933450543537,70.59749458357268
24871,72.58857835729741,72.44060627132542,72.89318166309204,72.64907154403238,72.14628533407932,72.54354463396531
24920,65.79521425444024,65.92002558659085,63.00759940204735,64.44903595522435,62.79771702141095,64.39391844394275
25447,86.88744600506563,86.95454808303988,85.60891471080265,85.6729741243592,87.00557593849916,86.4258917723533
26409,71.38794770543737,72.26232122739675,72.27129828030232,71.01649062855238,72.22890530995441,71.83339263032865
26799,86.72087076344278,88.28588854103012,88.04923064133125,87.57946609900645,87.67614142271925,87.66231949350596
27145,85.66161887211335,86.09089551514833,86.22648475020682,85.43825235618289,83.37801905161662,85.35905410905359
27172,65.81403804100945,66.50027957537824,67.10998631461153,66.23903884973834,65.6318224825205,66.25903305265163
27484,58.07191606774375,57.016170937393305,57.579871402402894,56.05906304203151,57.439059715104825,57.23321623293525
28420,73.30937925947865,72.81260067505625,73.06815769457326,72.98800443598246,73.67160169376997,73.16994875177213
28487,69.92459285346955,70.21390126226235,69.4501717868899,70.796163387377,68.50937936899027,69.77884173179783
28567,71.5199342885117,71.64564387773177,69.79919573046321,72.13289112632154,70.39604365267809,71.09874173514126
28718,71.12036784838433,69.92877761392589,70.54283922415709,71.67554974569487,70.27219857334084,70.7079466011006
28902,68.26176550944368,67.1275213368873,66.61233629705781,66.29281670615188,68.1154104383767,67.28197005758348
29077,53.32832670502139,54.09807926184163,54.64227204809081,54.581404034899,54.38475231305892,54.20696687258235
29377,74.91732683669352,73.5359136439985,73.88463189902174,74.51437140204467,72.74474726492849,73.91939820933739
29387,60.612404243069996,60.37525077053581,60.09422304938811,59.95047770180689,58.42427703499267,59.89132655995869
29401,71.46888685777618,72.6279427884569,72.55411882887063,72.35032005017324,70.81049281911184,71.96235226887777
29462,71.5581774163421,70.9950703048103,71.44998355800384,70.64995400504982,71.79552750295201,71.28974255743162
29497,73.19937338015063,71.97449946964879,72.28165415193958,72.54100223718869,73.04997176218102,72.60930020022174
29517,70.41451808498755,70.93243756387803,70.47165923944323,71.06539049175329,70.13823976820474,70.60444902965337
29550,63.10181513327054,64.16737738602748,64.23707630374807,63.709226253822585,64.5453731607048,63.9521736475147
29936,67.25995887675532,65.73382647299182,65.78606055091218,67.3316911818303,66.19864497587525,66.46203641167298
30192,57.117908575479525,57.1696281034625,58.21047058331296,57.35694608228033,55.30542425788491,57.03207552048404
30354,69.66735664462823,69.7266827290493,70.41195377653607,69.38499100951529,69.86976134672175,69.81214910129012
30713,58.67209670136923,57.23886605022553,57.7847963467217,58.187607174300055,58.68531617654876,58.11373648983306
31040,70.85020952030303,70.73891427144936,70.39122050214792,70.48625449159682,69.84101079420131,70.4615219159397
31207,67.349854276868,67.08808587619511,66.79322833100527,66.49496042596617,64.48719904906841,66.44266559182059
13725,86.56292150365702,86.8721282755408,85.02571455240208,85.87633348744112,85.74542962468236,86.01650548874467
14949,64.47780504441411,66.3064028882312,68.91487427032463,66.34151108988098,60.99136489046957,65.4063916366641
8485,82.37235729477895,81.70170058147511,82.01553130837686,81.67498189235145,81.64589210731937,81.88209263686035
12555,68.95287462326972,69.57902057674761,72.02487877073393,69.96340558246112,69.08290923408788,69.92061775746006
24629,89.37981723854216,89.86069919513366,89.71752664764888,88.60767729500537,88.84328072037844,89.2818002193417
20420,60.04882663246497,60.02492011957674,59.66040571290915,59.60903966014283,58.651968721665,59.59903216935173
9438,85.34368878712698,84.9297599554661,85.20502618123096,85.07081996441502,83.96147098517619,84.90215317468305
17420,88.21156932115417,88.2526634788426,87.36834710308622,87.65085695124425,87.44967072346546,87.78662151555855
15022,64.07437605950365,63.359622651028346,64.09856916049667,63.664679110427635,64.15361150647058,63.87017169758538
7101,83.69425450147527,83.4520488213451,81.63726571579573,83.1513320634263,83.80519154008914,83.1480185284263
28980,86.94321374712976,86.29305279769619,85.13783393540564,86.08534380661709,86.05454602678914,86.10279806272756
27014,83.50977958138859,83.88764108991694,82.51838421908087,83.6659394162942,84.30072914768323,83.57649469087276
8660,83.5993222930382,82.00525185559759,80.99947525027866,82.94890200064438,83.0790226576775,82.52639481144726
20090,69.17759218841314,68.68434867559252,67.91006698484149,68.85263597818673,68.3851673369737,68.60196223280153
5120,56.31209088459825,58.3024331718971,55.59026792185384,57.1899169203991,56.98990961255606,56.87692370226087
21967,83.87293367165165,81.8815212753967,81.53327854618422,83.01970125831181,82.22946048491274,82.50737904729144
20094,82.70299934679358,83.35686740514511,82.85388422145863,82.6372604569838,83.03058068586446,82.91631842324912
10805,84.97881807031979,84.32652650213063,84.31770536685858,84.65004289809214,83.69322146494474,84.39326286046916
922,84.30972143191975,85.74682653647567,83.73154983467633,84.02155450949645,83.31974178963495,84.22587882044063
2293,75.77862696059789,75.55989100464409,76.0073858707937,72.07033188627014,76.00467152692178,75.08418144984553
17325,85.89016866011028,85.58003498053642,86.01110801282923,85.86168508458073,84.54734976770565,85.57806930115245
23990,78.63903401732856,76.71548656406938,77.02389771252689,78.49029083121883,78.72877788840186,77.9194974027091
26700,81.48764957250957,82.40285550555876,80.71894834680911,81.71655243668636,81.71669955645876,81.6085410836045
1387,85.5302880701896,85.49845981871731,84.0171031848853,85.13823955586304,85.72137248298603,85.18109262252827
9814,87.08976342169082,85.54172616727395,84.15567113222141,86.30751112347092,85.75883106116338,85.7707005811641
15604,71.04160018207662,70.43184589708892,69.77861064490136,71.20083186267023,69.07002243603088,70.3045822045536
8165,84.46692218884507,83.46527378400712,83.57978405736071,84.05958449052508,83.65863047252213,83.84603899865202
27547,82.56433951562684,81.4846680709119,82.20615073028311,80.95950219064632,80.7370438968359,81.59034088086082
21870,83.28303557121865,80.94399819030343,79.84946704542337,82.13837208260145,81.1914004800667,81.48125467392272
414,83.92466476441179,83.80908123293504,84.98929076592572,84.31198336916154,83.65445747813892,84.13789552211459
29202,83.36857293763521,83.41599121664713,83.04089410100545,83.55266037034148,83.87857491506368,83.45133870813859
6313,70.43680443546634,70.79005523698879,71.12827919598486,70.9539893476027,71.4002071886535,70.94186708093925
15575,84.20032787756973,84.00819309270409,83.16525411114206,85.38240604199902,85.34030554901462,84.41929733448589
9804,86.51820311852966,85.97328551342513,86.2355367695236,86.24873318147446,85.51706903527635,86.09856552364583
8751,84.09437535436552,83.19316518657749,82.75732369384569,83.4251237913118,83.25540483283034,83.34507857178616
30265,83.70687902456726,84.00179107770467,83.42513655705856,82.89759143049518,83.08083597876194,83.42244681371753
29286,82.93078938976734,82.40453263727372,82.04186394642042,82.32599256376267,78.46992892001747,81.63462149144833
1220,83.4385175938376,82.51238794499302,82.08278587091968,83.18949580972561,82.97974761641585,82.84058696717835
6036,84.68083828211654,84.31943802499683,84.52080024475133,86.41562433662706,84.95819404077841,84.97897898585404
606,81.81398071143558,81.46187925262973,81.59938091809312,81.14303979671266,81.9542321847232,81.59450257271885
15380,83.92330012613319,84.52935727289642,83.28579863506219,83.87097500458717,84.3631332075144,83.99451284923867
25287,72.5590123851084,73.51457776079252,72.39474217198905,71.24567808075851,72.39266270449797,72.4213346206293
12153,85.19133993053035,85.17602317486308,85.4226021126208,83.92222085910154,84.47785144880292,84.83800750518375
16042,78.06679614336171,77.76211891719397,79.45883453212369,78.01517175873755,78.49480427510613,78.3595451253046
1839,87.71608483154233,87.566260873742,87.22588750285432,88.95613785141967,88.03176956798428,87.89922812550853
14388,71.56982629621128,70.01343598167473,69.6267719860232,70.71850765305365,70.67043736782259,70.5197958569571
2645,85.13473086287347,83.61531535477295,83.2131952275233,83.90368914471581,83.24264049494158,83.82191421696541
29724,84.25818504729322,83.43691744762901,83.12772271962903,84.69931787248214,83.7629952647896,83.8570276703646
30434,85.52958054850711,85.14384845291848,85.43662684043538,85.50985924583883,85.03350606703955,85.33068423094787
11631,87.11294508451769,86.40645919900182,85.36844308947207,87.26252285673232,85.79555973708767,86.3891859933623
21966,85.68807849956306,85.21403953532423,85.19883204880321,85.54264324358454,84.43320031857091,85.21535872916918
1726,64.80310783828907,65.0744567998667,64.6335456254575,64.66182980275016,64.06986755809874,64.64856152489243
22012,84.43153358597127,83.09224806524472,82.70636251435165,82.77082609735093,82.68634179477678,83.13746241153908
845,57.891256638700995,57.895888231286456,57.74852328291382,57.99122044166753,58.117356252384965,57.92884896939076
21981,84.17105525982291,81.66185159900479,83.26914725948235,82.9926171092935,81.46437293914865,82.71180883335043
22374,88.25937361963172,87.92540318292443,89.9958240897894,89.08255644604861,88.06113452978023,88.66485837363487
16450,83.95163430326546,83.75431753970476,82.34728139083862,82.92008259879191,83.71751598110627,83.3381663627414
22001,85.95618812135663,86.96712324239797,85.97926962769519,86.30823366556804,85.43802031582798,86.12976699456917
22543,90.2177067539484,89.52698768370742,90.41711392517516,89.9316399359201,89.64592650215694,89.94787496018161
28478,83.27972257911374,83.52289767776158,82.39635510969221,83.03358090899908,83.32683275134356,83.11187780538202
22572,86.98905311486772,86.24634484084619,85.47279507181595,86.40596766605736,85.87189156121266,86.19721045095999
6383,82.9507132130787,83.0771405542173,82.66403494558848,82.92040204109409,83.25360756513317,82.97317966382234
2637,69.21233343924777,69.6010336255825,64.41516650244496,67.39801048847633,66.91340353158219,67.50798951746674
5415,74.60438142797689,75.42279846626181,75.20050996100312,73.76684632258964,73.24763303706982,74.44843384298026
16146,86.74877645705568,87.04538446166984,87.04367472890998,87.46126123354614,87.0957238471901,87.07896414567435
30880,65.51223932283798,64.62520757573729,64.05040825636904,64.29240100523185,64.15640364892155,64.52733196181956
7616,84.20713769167469,84.67488297453401,82.79434301097103,83.89852550214232,83.18764909065317,83.75250765399504
7806,85.62455594074996,85.177924133642,85.55947328420858,85.71229378850842,84.83819378678679,85.38248818677916
22513,88.14449420505439,87.42318921126136,86.22453424618178,88.06332353709267,86.54228584338169,87.27956540859438
6168,85.75105043459524,85.4108604658427,86.48038516882472,84.81612510459809,85.35183258177388,85.56205075112692
17464,71.18526876498856,70.742629991119,70.31080465624304,70.86533812684281,71.14742643357008,70.85029359455271
9145,52.81627510835271,52.640019496637755,52.8741372467827,52.783819867826864,52.54814191321524,52.73247872656306
16041,85.20558269931999,83.84010800932697,83.76904236826186,84.46073660431408,84.3938535830425,84.33386465285307
209,83.2596670138045,83.28659566799442,81.939411832333,83.13015830810791,82.70108604528276,82.86338377350452
20351,87.61404885791174,86.12645293992126,84.80880579489127,86.20055028230364,85.93275812165513,86.13652319933661
29934,83.09496229590334,82.68739133387102,82.71135029806746,82.62117361129991,82.15821976164122,82.6546194601566
13666,66.66836924583096,66.06984743959123,64.29952663354047,65.9690815625465,63.409366656216854,65.28323830754519
8611,71.68542536975256,71.40200218869225,70.3289905305459,71.20146657846298,71.33990385655942,71.19155770480262
1686,83.75714934103164,83.47323333809184,84.29596423867461,83.27799313453221,82.97224049710104,83.55531610988626
30380,82.82547852225527,82.10934274588384,80.9299775295632,82.05630530318597,81.94030184933615,81.97228119004488
9426,84.57668090002043,83.23299520343551,82.58289708117147,83.42685840088161,83.01797688774558,83.36748169465093
7973,83.69454688848504,83.16057297074865,82.08595300887193,82.5756009357871,83.45031849990441,82.99339846075942
29526,73.09388748029826,73.78592778658958,72.64516953950775,71.91256190302151,72.29373417744493,72.74625617737242
1993,84.24315463418371,85.55625866924088,84.34949692999346,83.87396126636797,84.1225210796489,84.42907851588699
13599,84.84553021801185,85.09224248395125,84.84635232099897,85.54990931884826,85.90862616613695,85.24853210158946
20342,88.33904370204334,87.64099775353503,87.82726636748782,88.32558325092215,87.77879605164708,87.98233742512708
15527,81.89601446541766,81.65904900472032,80.44676124876516,81.37624509881836,80.5055178887377,81.17671754129184
31096,82.65225630842302,82.58638255091327,82.5202188250583,82.78863433779976,82.59188340693362,82.6278750858256
7595,70.89772717798905,71.29113892730787,70.78811108124067,70.57865798352103,71.39564236601402,70.99025550721453
21728,85.313367419636,83.53430486308142,83.47681481782642,83.73617541871916,83.86639615320362,83.98541173449333
21605,87.4452602610905,86.5895414481073,87.69712574582697,86.02216874040913,87.94278567522765,87.1393763741323
4599,85.30108511731572,83.85393030445924,83.12177441366981,84.89864017083627,83.79586036070138,84.1942580733965
29217,86.5932190295927,86.13222482328509,85.89465821265055,86.20620131140232,86.7630978386504,86.3178802431162
11856,86.44003410215015,86.33506654001302,88.57422141953529,86.46051454333656,86.8750595347103,86.93697922794907
8580,84.24857012507651,82.80421313492285,82.89254894178127,84.81764810233804,85.4018681594449,84.03296969271271
9815,80.69564155747116,80.20385526907825,81.36956113470241,79.13246266591393,79.02201718590547,80.08470756261424
7568,84.3550787428969,82.75623802464196,83.3941550754425,84.67012238671344,83.12669797905636,83.66045844175024
24703,83.07426316912259,82.50406980787592,82.94726041970593,83.06533473620313,82.51937214243569,82.82206005506865
20151,86.55791657457544,86.2604887966289,83.40635750822834,86.10528505431182,85.00151581367356,85.4663127494836
1956,84.37488113796027,83.10275810259645,82.52622657174334,83.51654247031706,83.58261175476633,83.4206040074767
28677,69.57426844099274,68.81838191205841,67.92151164098843,68.17570980602645,68.66767678904303,68.6315097178218
8156,71.30504445893853,72.02973584415825,72.6303953131017,69.62158258046738,69.76550497637147,71.07045263460746
20002,83.85085185785725,83.87059078994814,83.26483299572479,83.27587712045958,84.5660509122983,83.76564073525762
9247,69.97649497827312,69.78489627880464,71.06203252819755,69.42473114804623,67.98002119008342,69.645635224681
31276,71.79901515951197,72.11343798380508,72.06233746550691,72.06425392357879,72.04819777985267,72.01744846245109
30365,81.88724891043998,79.42162969925414,80.33252173993219,80.93848051315024,79.81500447920382,80.47897706839608
29552,72.29167626669913,71.8556930111374,71.08480605105152,71.56601144876991,70.64524348322718,71.48868605217703
1617,83.87643123736964,82.7660458948248,83.38801876110479,83.56893401812093,83.02656994086534,83.3251999704571
21803,82.69014157757206,82.27209011324425,81.62690612029036,81.87635543184541,81.84502749500115,82.06210414759065
25111,84.85436805004085,85.47908405160052,84.61898992285462,83.95035133272687,84.90467513617176,84.76149369867893
2467,83.16374248136235,82.60453366540911,82.23978688968859,82.86796318703239,83.53136061492049,82.88147736768258
22273,85.73638048510561,86.7773219780254,87.03814174731649,85.91669270019122,85.54946156166949,86.20359969446164
19910,69.09938501157637,68.55160645271665,68.18906513586255,69.32966333135113,69.38438010987528,68.9108200082764
19226,85.10054519175206,85.55676344627294,84.09037994824773,85.10087745827828,84.88255979586275,84.94622516808275
20104,82.20401107759946,80.75877745237838,82.22937993765323,82.53153790286903,82.68197763028718,82.08113680015745
30419,82.85109912996653,82.76866151814399,81.64538713458298,82.85101402438279,81.95307470058118,82.41384730153149
22334,84.18297976817958,81.54152156186872,81.30431580758619,83.52171685722391,81.96688442602454,82.50348368417659
14777,70.95060435945155,71.98195211309158,70.8961805217234,72.09815249434976,72.06259904388037,71.59789770649934
10143,70.35016820729916,69.56429893988351,69.47170024343188,69.88468091360744,68.04050464695389,69.46227059023518
7344,83.43741342145793,83.36279871707126,82.38993298831409,82.68079832758497,83.36895902389415,83.04798049566448
1343,80.35728042784346,78.36748913533448,77.80119826339141,78.23850940409284,78.20386753907101,78.59366895394665
10522,85.35089707096913,83.10379618177502,83.76917164322538,83.9943377563187,82.89905513960237,83.82345155837812
29794,81.89625506024494,81.50159710370075,80.55864059381975,81.31889744216268,81.31258484773416,81.31759500953245
14760,84.19579098549666,83.81389605650767,84.46586229233561,83.68391889166323,84.11777985365666,84.05544961593196
29511,84.1179023025802,85.06278185649839,85.2786433492602,84.20088483458807,83.28765217933963,84.3895729044533
14971,82.42896491959212,81.81658970395226,82.60905528340362,82.65864444607571,82.01021409407147,82.30469368941904
16487,84.33626880474971,83.95640276061562,83.47347315824562,84.65968969930753,82.97761833035199,83.8806905506541
21916,83.78815810893012,81.75433085981366,82.74184311844725,82.4122292765601,82.87140751034705,82.71359377481964
5954,79.81340751707177,79.8159778554198,80.27340862013993,78.86605982837648,76.93269618801774,79.14031000180515
5385,86.14856842596238,83.94319361007108,83.60017102604786,84.89611298650551,84.55293897242954,84.62819700420327
2387,70.28178073084909,69.95849966404818,71.05378726756248,70.6926315737102,69.94727511555354,70.38679487034469
28969,85.18343821570136,83.86805167325844,82.8690166423151,84.52637695392728,83.83342265103792,84.05606122724802
31258,84.17988416564556,84.09385033988062,83.61179042531812,83.63022133913518,83.05767591545029,83.71468443708595
28957,71.86780779204607,72.32971436509526,71.54478577247372,72.16646112411284,70.92812275293299,71.76737836133218
27446,88.24895169038905,88.76852921685148,88.32412659788801,89.58701486583689,88.01631028137562,88.5889865304682
14927,84.03141780597682,84.63369335499928,84.44892503045538,83.2623485284049,84.00714030413322,84.07670500479392
10280,83.86562378047705,82.35799976412024,81.876307189483,82.87668038467876,82.65543271816253,82.7264087673843
11324,83.82511466230163,82.86692707112266,82.50886116971974,82.86651274440484,83.51183979160932,83.11585108783163
8164,85.82293129124399,84.46150628039922,83.84138573787746,84.07309034127348,84.76799554234145,84.59338183862711
20446,77.20984723934627,74.92153105039894,75.78731340924674,76.90623210878077,74.94507451246619,75.95399966404779
2148,73.92830609090797,73.86534994869092,73.11972579861529,74.29694492973091,74.3528586628172,73.91263708615246
14220,85.20999988032251,82.90830361680864,82.79269190938724,84.17521829911641,82.95541609643263,83.60832596041348
30949,83.58334266045772,84.46938440689073,84.36686196146195,83.6028977295769,83.71944621421905,83.94838659452127
26432,83.81578088006624,82.78808501572648,82.00440253716066,84.25986986422294,83.27535958332655,83.22869957610058
7757,83.9369302158314,80.35539363569585,81.56088031638717,82.61746305626922,81.70751195811371,82.03563583645946
7488,81.14943305130369,79.1329604500679,81.37933585012296,81.35043997228877,79.40617458999154,80.48366878275496
8397,81.87317396008633,79.68658091432756,83.49959265982835,79.93980553219365,81.94997140450431,81.38982489418804
7270,88.89401641874748,88.72726531288906,90.26179356013634,91.57329138843764,89.77772421013826,89.84681817806975
21954,85.89112766916676,85.64582057074949,86.5048091866993,86.06386519729529,86.84326986838343,86.18977849845885
3205,82.08624565440914,81.93364412860522,80.52911166680644,82.11130030536975,81.48688801727569,81.62943795449326
2760,85.88221713111415,85.00150725522299,85.04734292493511,85.76921646563129,84.67923823417578,85.27590440221586
7785,86.03770786267064,85.11045123941923,83.85466911911537,86.2858238913563,84.20234028459045,85.09819847943041
28682,87.84831403692637,86.83831203090239,87.29738964606747,87.44681027792011,86.9618104595591,87.2785272902751
29468,85.4708189123025,82.46000136071294,83.54426618997537,84.0306097448181,83.61459023936749,83.82405728943527
21610,81.85998720132292,82.47036871117695,83.06697935134041,81.79573260115211,83.15889635027509,82.47039284305349
8540,86.54265427716223,85.81126438250026,86.59602227803612,85.88072101254927,86.92147011843602,86.35042641373677
23659,85.71607028165987,84.49461039928275,83.87694746840177,85.185194187888,84.54297233669145,84.76315893478477
14782,85.8567463593864,85.33748693883068,85.47451084964133,85.27195712873409,85.6665039567789,85.52144104667428
30868,85.5122265558303,84.01521560498833,85.0960899344032,83.45480200385906,84.3997039906285,84.49560761794189
29276,83.22590523073126,81.38524793047995,81.04915671188414,84.66066406775589,81.9038710753604,82.44496900324232
6996,84.4457535990805,84.19620558832503,85.62371721130555,84.31481963700311,84.92698607585704,84.70149642231425
31018,85.68785080963046,84.99524509402046,84.00177279536103,85.54772507695563,84.63285060071465,84.97308887533646
10580,86.03923535037526,85.00937325289571,85.55701438030873,84.01072694281713,83.93538908622318,84.910347802524
9373,83.03207029870107,83.06206777923057,82.51974614650196,82.75110558659418,82.45926425267122,82.76485081273981
21895,86.03688169342087,84.0713832514263,82.99047204443261,85.09940465385701,84.88797551545217,84.6172234317178
14404,87.51455944010887,86.59271584505568,85.14865562284058,88.20716894249352,86.1363766726776,86.71989530463524
12828,83.14859018397959,83.02880888525813,82.47988092678249,82.63351980205101,82.90971128299226,82.84010221621268
1544,61.48321131428798,60.61972891251446,64.19135336225615,59.50481696476355,62.1898515057228,61.597792411909
10858,84.52067244749037,83.61028926279826,81.30975367724797,83.4849356589571,83.68545103354958,83.32222041600866
15294,86.28676016249682,86.84768120571403,86.4812738401871,85.26870194850954,84.35539974032831,85.84796337944717
10480,83.10423604950005,82.6654161332837,82.15272700326403,82.01371756307897,81.50739751639668,82.28869885310469
7386,78.44581542742094,77.51410126681353,74.57547697806335,75.41930155235934,78.14454894325094,76.81984883358162
11860,84.17845450300939,83.83379678316676,82.73782616196877,84.12840998136139,83.97770557844555,83.77123860159038
9040,62.227190713855265,62.20976268457498,60.74658996812014,60.414427992580855,62.379691200684825,61.59553251196321
8451,84.29992219028556,84.26089006775116,83.1181633966125,83.60343669298021,84.03473755314725,83.86342998015533
22455,88.17500062688586,88.47319133863098,89.12797613511651,88.99410368534011,88.2890486399867,88.61186408519204
8390,86.19290919488486,84.72509779659943,86.38652334286019,85.74953697075529,85.08422080565597,85.62765762215115
29310,88.02547035938909,88.18107953493171,89.49511483930353,88.30314963445257,88.32641185641988,88.46624524489935
19802,81.47809880427249,81.04905770233341,81.78903673369695,81.40745609154823,80.75853550145041,81.29643696666031
22566,88.07563716445898,87.32696914031017,86.69440030845222,87.63350452551792,87.53384957574211,87.45287214289628
11277,85.92439618494173,84.97054509381518,85.23659085831555,85.47143872130675,84.97160415755289,85.31491500318641
10524,83.89239111237748,84.0291383683897,84.12874303660564,83.89266316192834,85.63886733784872,84.31636060342998
13177,83.71562020028047,84.04527626671391,82.27938108252239,83.16893700345527,84.19431121151905,83.48070515289821
21733,84.83418036239557,84.07789752448961,83.5739741156056,84.21192559776848,83.93777830926462,84.12715118190478
13607,87.77889429829037,87.22881740551618,86.75593525021903,87.19807017072469,86.33487732194328,87.0593188893387
15061,83.83187808301814,82.55577155872705,84.46853909380116,84.28581289768067,83.48889070295083,83.72617846723556
2224,86.86883883872275,87.71360275976801,87.1246143802313,86.71764060914816,86.80216087926965,87.04537149342798
9353,86.69070689382039,86.9878504219792,88.51969887562959,86.8676707391693,86.50382017778391,87.11394942167648
4321,85.97749016762921,82.90391928248118,81.1232573533966,83.50553904825853,84.00897691103147,83.5038365525594
21962,81.93774182283707,81.35588874712816,81.9293115644592,81.470163757091,81.99761904674936,81.73814498765296
20552,84.16851993424412,84.77220234767206,83.21268688073353,84.09220044111946,84.22125526655935,84.09337297406572
13937,87.72038346580177,87.06060925478961,87.4930074917494,87.51245879055502,87.49422975704752,87.45613775198865
21454,84.2714615616374,82.64898738016832,83.13213609603648,83.53225221345286,81.99254510897268,83.11547647205354
21572,76.79762488318386,76.32149411533727,77.65685841252032,75.89875209761256,74.44268380069522,76.22348266186984
8162,84.04367923512534,83.4557276970333,83.15225480582593,83.37060489279105,83.75532947521687,83.5555192211985
5101,71.98135277191514,72.43255396634336,71.89550805190969,71.07367196166376,70.98981023429435,71.67457939722526
7308,85.66885558753945,84.58357610323223,85.19412715162723,85.49820926355038,85.66966759100316,85.32288713939049
21906,89.53517901953477,89.4781011039786,89.0226369957357,88.37773072167688,88.97689227431795,89.07810802304877
5046,77.19382774145139,77.09639512094626,77.93794180899309,76.97889790090825,76.59697530866092,77.16080757619197
10933,85.5436974637553,83.57286890431372,83.27261259942554,84.73231203945328,84.17295849948695,84.25888990128696
9134,80.98823003399208,81.08104774203511,80.69303337280218,80.82874377221236,81.19776739212824,80.957764462634
11888,83.91748813018744,84.1905955239314,83.57547696662259,83.15752050151669,84.15741439523448,83.79969910349851
86,54.61956100217099,54.5340794478405,54.814670711617,55.06865023556549,54.534210117483305,54.71423430293546
105,57.64742735603119,58.12521927519223,57.59947920530488,58.06620212278981,56.402845535037166,57.56823469887105
112,53.537504652943305,52.95415354621078,53.437158222354775,53.28356110049898,53.89512253833353,53.42150001206827
133,58.28028490809629,58.5397400508557,57.644796518465725,58.35655282090264,57.541051505285495,58.07248516072117
137,54.06187104041774,54.20723705212236,53.906305405197365,53.64571720506198,53.91118408663581,53.94646295788705
150,59.038343553617125,58.59523178055663,57.48572173089091,57.79816631435132,58.44554134508277,58.27260094489975
155,58.65722524793257,58.575263321581616,57.72768253581327,58.21395237060137,57.529363991829925,58.14069749355175
160,54.666633441311006,54.62256639531135,55.52955165925965,54.83546416356941,54.93915462801178,54.91867405749264
161,58.00690663041767,58.20803529839243,57.301409218996625,57.68232841705772,57.09581271289357,57.65889845555161
162,56.32283881848648,56.7343586670317,57.06358595451427,56.32895447938583,56.629908187392694,56.615929221362194
168,52.45756933382914,52.615858761713184,53.62029312039794,52.68577123288628,52.625481374694985,52.800994764704306
170,54.95780685683924,54.941469728772574,54.81926571234226,54.661515801170935,54.75907687822449,54.8278269954699
179,52.268328964538874,52.34688985101652,52.2543445672554,52.36173195160986,52.35622192579083,52.317503452042295
184,56.92551312159924,56.982191938198866,56.06728734285296,57.48100987361555,55.703730010454116,56.63194645734414
223,52.87892466197981,52.96430914598519,53.4247854587435,53.0417314797123,53.53052772408793,53.168055694101746
241,55.452689013604115,55.1716085115259,56.86553969256495,55.68052454174423,54.819426128477296,55.5979575775833
253,60.670585061757166,60.69839841473278,59.519330165232105,60.80529574228942,60.68777960364366,60.47627779753102
264,61.868992847185865,61.77324526009758,61.84203451733095,61.77333279980617,60.44103040021423,61.53972716492696
284,54.15596394433343,54.020560755960645,54.148938950798026,54.65012380580436,54.7119742250673,54.33751233639275
299,52.78573264674868,52.9220790408926,53.35668196641025,52.99229286287221,53.24184554670033,53.05972641272482
301,52.718758025130114,52.6915874582606,52.235723479209994,53.15042559220516,52.64808646359174,52.68891620367951
310,54.098190650694036,54.716199808023475,54.5335712980112,54.08994377612064,53.29810821575531,54.14720274972093
361,52.99650138281651,53.44285991660643,52.966922269727036,52.46798417382968,53.031267660015,52.98110708059893
377,55.62690968596065,56.18730354798263,56.464568592562856,56.01454781963636,55.21066481258045,55.90079889174459
404,53.99403962104576,55.131612520274615,55.80941271449522,55.29981567231707,55.38740740271115,55.12445758616876
419,54.36236662569364,54.98578247469097,54.28469801857193,53.837572389722986,54.11165267933349,54.3164144376026
449,53.23316350647625,53.470638323440156,52.54603618675142,52.72280314199829,52.78464557065079,52.95145734586339
454,54.87672939613797,54.6053209482768,53.87023035576926,54.70903933149248,54.9083489472527,54.59393379578584
495,54.254882083482755,54.0826298477071,53.94249328672182,53.71086920039623,54.09461576539962,54.0170980367415
496,53.58223427757647,54.54267871928025,55.64937305582166,54.349667942227526,54.52480036563124,54.52975087210742
519,52.134351098696996,51.91882189330319,51.841072898278505,52.52516762508673,52.44028820976202,52.17194034502548
529,55.77739279309047,56.15851738770195,55.991000103511034,55.72069548793633,55.8367003351953,55.896861221487015
534,53.263973195747255,53.406919773182736,52.603303902036075,53.64472792434163,53.05333745688535,53.19445245043861
542,54.419474348544405,54.420442066789555,54.383857898083946,54.63026000783879,54.0783415315562,54.386475170562576
566,53.96558936452094,54.68313951685216,53.906074970229994,54.171077881937414,53.82210969072387,54.10959828485287
567,53.18283200288762,53.31979923068839,53.592380476811805,53.358730513601756,52.85137375047319,53.26102319489255
582,55.040006550943495,55.83333008417009,54.570791327028495,55.40236791032401,54.71848767801444,55.112996710096105
584,54.93147577126683,54.41863566727174,55.52687007987588,54.72061249915975,55.27489584957237,54.97449797342931
600,55.53189517104409,55.96165746511208,56.59494821910529,55.96262313287545,55.97874254270874,56.00597330616913
610,56.234620238216536,56.07159037042373,55.04965271342696,55.87517808704709,56.09615231234683,55.86543874429223
611,53.16647495877913,53.25993692973844,53.512777583050884,53.47195013793343,53.15690844534805,53.31360961096999
617,57.07680575044759,57.45658086169473,56.493550449554284,56.989511217147104,58.59272830193867,57.32183531615648
651,54.46533528088704,54.61561282238685,55.30258042831541,54.346705313493636,53.64881084189977,54.475808937396536
664,53.261149168748766,52.89744082368879,53.30556879085665,52.98169792953198,52.70942962702603,53.031057267970446
698,54.08412353140156,54.245875839640256,53.65923737888217,53.974674046495096,53.91089561237542,53.974961281758894
715,56.58805031853696,57.271976264277455,56.98916606313403,57.02787683967998,55.83102133999326,56.741618165124336
731,51.88852590100876,51.60672695286318,52.21669604826368,51.919325195040926,52.09591611153226,51.94543804174176
735,55.90901275803144,56.12980410431561,55.526150902753834,55.27054728445224,55.84880420996781,55.73686385190418
736,52.87414468567735,52.88541221516722,52.6491260919432,52.920027469295974,52.69624486375369,52.804991065167485
772,52.32244649210958,52.78769573406766,52.65982472709404,52.7117387825024,52.59806229843377,52.615953606841494
775,55.4349432741566,55.77875018107032,56.26735686318726,54.94206576907814,54.987592430483666,55.4821417035952
786,54.064098031418084,54.147751099717865,53.97918617990166,54.52096688687212,54.05685429422364,54.15377129842667
793,54.83603526205298,55.00647543632807,54.739944515815736,54.84761395456895,54.26840730716343,54.73969529518583
798,53.15095420876697,53.209543177991655,52.894847346259745,52.6761552295731,52.7441408445103,52.93512816142036
841,52.530962820883886,53.041202279291724,52.692533029951356,52.0689229619445,52.708814726870706,52.60848716378844
861,54.85420064799449,55.76854663165275,54.14653039741555,55.09790486771697,55.3267660460505,55.03878971816605
874,52.572069510259794,53.268832498822945,52.28056025872848,53.54085988085491,52.21739325412334,52.775943080557894
876,53.66542529653636,53.3493811257133,54.07578297064571,53.378180562575835,53.09236531822642,53.512227054739526
891,55.60566087197194,55.926692661718754,56.463860544193345,55.8560031255555,55.24864538541902,55.82017251777171
897,54.191544014862416,54.7211520514555,54.35193538221739,54.50868064751298,54.506912178771636,54.45604485496399
923,53.45978114340007,53.889326388676416,53.781226637516255,53.42764749914612,54.01712239308956,53.71502081236569
937,54.59329643868845,54.609432352035554,56.02505297052136,55.001693719569275,54.56090733028283,54.95807656221949
977,54.196796670594466,54.92804568093749,54.76165973430793,54.26130412755487,54.3819492889101,54.50595110046097
1154,53.757233201140885,54.176878243517145,54.17289395742162,53.64846526493666,53.0982412521611,53.770742383835476
1180,54.59622851997678,54.18347879509573,54.44634514429129,54.73401890847378,54.50573196820829,54.49316066720918
1194,54.578294599130494,54.6152694886748,54.62001003691836,54.050742945303575,54.3086245457096,54.434588323147366
1206,55.5422076413835,56.182976263147,56.22244642309865,55.99669882016642,55.18965159544195,55.82679614864751
1221,55.887903911941535,56.42240677706165,55.81642565834795,55.947410450804455,56.59035313433897,56.13289998649891
1228,53.23624951716296,52.81581028944126,53.35329240345878,52.97677566013437,53.06841984409574,53.09010954285863
1230,53.29138413930378,53.122863786941764,53.07907387971531,52.86765338073818,53.502728286277055,53.17274069459521
1233,52.96850512629409,53.07065882823224,52.990541196612064,53.28461047036751,53.300353207133746,53.12293376572793
1274,52.207180868138806,52.57222462932634,52.58465062612569,52.998018288997955,52.57296062732966,52.5870070079837
1280,54.81451155793303,55.77714092202741,54.46255116183542,54.842772833608066,54.49716303155842,54.87882790139247
1305,54.8051891374441,54.51054017553388,53.77750160702134,54.32288666590902,53.68192389977566,54.2196082971368
1315,54.51239609376887,53.87333476239918,53.38579287394215,53.650290413922306,53.650006933675215,53.814364215541545
1336,54.87173036837899,55.68643127056783,55.254805110485904,54.58514504588836,54.96825486879818,55.07327333282385
1382,54.77409228113819,54.48464516960413,54.660548605946204,54.674802297533624,54.71957187337097,54.662732045518624
1393,54.07088385440015,54.36125502135818,53.97365983833396,53.44371286123888,53.82311729728812,53.934525774523856
1470,54.929090594845555,54.735604821660964,54.42986622572479,54.46852662012731,54.90559771940872,54.69373719635346
1530,55.093889781980735,55.579391439035795,55.67968266093252,55.487053502103514,54.79291888499213,55.32658725380894
1546,53.36577395494738,53.291665521112414,53.163846736211624,53.181424318246115,53.620230757821695,53.32458825766785
1578,54.21344395217215,54.19937796519091,54.34783273954842,53.93780711481117,54.023252557069796,54.14434286575848
1580,54.33337481148437,55.210999646858184,54.678693064657544,54.544607232857814,54.43574273449004,54.640683498069585
1586,53.612720627605384,53.8636599939049,53.58445419848956,53.93883800635167,53.51321102416234,53.702576770102766
1599,53.64472832003784,52.847308121046,53.88236352352217,53.405302803342174,52.79776760903892,53.31549407539743
1607,54.39620436590795,54.716284285091305,53.7730604533738,53.86246102663499,54.314356912950274,54.21247340879167
1676,55.46894201792049,55.04011661998602,55.36214564672121,55.673646910043225,55.84235110930112,55.477440460794426
1717,54.48292145084876,54.55397089217428,55.42086570689079,54.43789854040838,55.10293418258335,54.799718154581115
1728,53.23010851984947,53.366885784077624,52.19018580944094,53.164462540379965,52.91344158762867,52.973016848275336
1739,56.32863698620955,56.417912099274844,56.83149686078172,57.52987655645188,55.22939975435957,56.467464451415516
1759,53.43848798434274,53.46100318435392,53.182755412186516,53.22403241174935,52.80555594722543,53.2223669879716
1768,54.49610002819755,54.88236425846524,54.15924290226308,54.2870203715136,54.48978700220637,54.462902912529174
1791,54.72886569265688,54.90524248436333,55.024061288485704,55.11973294750748,55.05089163399738,54.96575880940215
1796,54.711673133758566,54.94734691806401,55.92443509872062,55.075605794448116,55.47644014755667,55.2271002185096
1800,55.14740990669418,55.12648372629309,55.505593945580564,55.08790432141586,54.507571464123885,55.07499267282151
1809,54.67240824812231,54.65019886014079,54.28370621966374,54.89124209215275,54.21395157431014,54.54230139887795
1820,55.77058803611561,56.1539566296618,55.82065074518652,55.34879448194901,55.887860962601636,55.79637017110291
1827,52.55271343939464,52.56575113964966,52.26891077817033,52.57338587607595,52.504145229529136,52.49298129256395
1860,54.46547052136405,53.96711641091196,54.57223349531067,54.364694316603895,54.32602460158514,54.33910786915514
1882,52.29506203820918,52.311594021956935,51.92140926609561,52.773084596122516,52.32018422589789,52.32426682965642
1890,54.99993299561323,55.24415989822686,53.95128175854203,55.292440316421455,53.663570601256325,54.63027711401198
1900,53.599365382725324,53.75547711628673,52.90259862735524,53.06003070334332,53.24515270640567,53.312524907223256
1904,55.266059046394105,55.216962259319516,55.1968621306529,54.60613867636533,53.7533066075171,54.8078657440498
1907,52.48647108250078,52.59584143481493,52.25097922104925,51.34864496758601,52.394597758166384,52.21530689282347
1913,52.336582740335786,52.49534616271716,51.983855097638134,52.53083034620763,52.1047284137878,52.290268552137306
1938,54.217833513482,53.665625352524486,53.93475299125054,53.98583020759017,53.927210100763645,53.94625043312217
1981,56.64859494669384,56.5901900801315,55.23026081992216,55.18654292424618,55.23494598040895,55.77810695028053
2039,54.332075799292355,53.670021504028796,55.8908892171812,53.87730676716684,54.559058600714415,54.46587037767672
2089,53.61960702068415,53.299304970207935,53.82492133038893,53.469381428239174,53.61628616879162,53.56590018366237
2095,56.75673719966805,56.71868040099531,56.7150991156194,56.99680923825928,56.2958809169551,56.69664137429943
2171,54.727435768080824,55.21764988809215,55.55016188341479,55.70606728626137,55.212615452396555,55.28278605564914
2177,52.87907671116721,53.492512201495934,52.87693973759356,53.23350906910852,53.49512454115085,53.19543245210322
2298,53.42502580254322,53.765932065192565,54.01244549379533,53.43637131985424,53.56150511466781,53.64025595921063
2335,52.986170986717745,52.7511394996304,53.21452089710465,52.495154986082696,52.965650196732845,52.882527313253675
2346,52.53617556157972,52.51542367265476,52.8209700933815,52.869915161969345,52.67972386145783,52.68444167020864
2395,54.397870635486356,54.66364634657228,54.65139770659096,54.65266973574387,54.07079423955676,54.487275732790046
2412,53.56998588332422,53.55305290655554,53.47074708149553,53.742851407759076,53.7490509457311,53.61713764497309
2435,58.39837559090665,56.78307420328917,57.79256814988098,58.044640417420005,57.21549089510984,57.64682985132133
2455,55.12721448612465,55.01473480819951,54.88183340337336,55.39802909272003,54.98944825186364,55.08225200845624
2486,54.560956394200225,54.25344493441022,53.99090336954952,54.24678571942658,53.9800955123389,54.20643718598509
2491,53.77499773471637,53.71367892804545,53.82031628137135,53.89328414030405,54.30001965524424,53.90045934793629
2508,67.29511717828359,63.47223209388106,64.15687581975538,65.26560309991116,64.57271647043167,64.95250893245257
2526,53.94572383937268,53.98699704590123,54.32344062843906,54.05672694670575,53.909658356218785,54.044509363327506
2559,55.383765973040795,55.446769466273125,55.619915114732144,55.66715265503705,55.884871198404895,55.6004948814976
2567,60.768572541935605,57.68905560551677,61.35299806296913,59.27269400865284,58.90928400669576,59.59852084515402
2575,52.845148174583116,52.56858547357171,52.84781562040895,53.03718880769193,52.64926615890765,52.78960084703267
2665,56.95301286965189,56.475637993746375,56.623602729431404,56.30929683909038,55.496715863837956,56.37165325915161
2679,54.139829175894775,54.61175392545046,55.231340204447015,53.984062437164425,54.61583100610603,54.51656334981254
2688,53.63288861246496,53.47777884881014,53.436972286679975,53.70167185005216,53.571316760490156,53.56412567169948
2705,54.77326741798594,55.285544518181304,53.91307524139305,54.81838693055476,54.946001246380064,54.747255070899016
2713,53.20315081485212,53.068313484024365,54.513654030459826,53.503962580108634,53.524439484036016,53.5627040786962
2729,53.7361734277142,53.16444720727509,53.897685160933214,53.41009178812415,53.50918848695891,53.54351721420111
2731,54.378284095759966,54.82251856063282,54.874037094247626,54.36624924249726,54.884343107182914,54.66508642006412
2744,52.89163994736435,52.6184309531978,52.93046234622811,53.01485371480257,52.7407503492725,52.83922746217306
2790,52.53280344219928,52.53176526360936,52.59063309273053,52.65239467412798,52.815055104659706,52.62453031546537
2815,53.836919393690245,53.485011489743506,53.88513895249463,53.98090058143775,53.8099493316128,53.799583949795796
2816,54.222141059931516,54.47396890009963,54.21179052972068,54.190472675051495,54.30762057768486,54.28119874849764
2826,55.46456130544929,55.713437848001924,56.117678389846795,54.702005366737936,54.798969454283295,55.359330472863846
2845,54.63466237490489,54.96403407716126,55.325810973285094,54.428523607068826,54.99227092891169,54.86906039226635
2848,52.43727593516116,52.73029565783828,52.28296825610398,53.063145528835285,53.3390906449399,52.77055520457573
2855,52.73244154623962,53.04351899318781,52.622679497044295,52.920551339539266,52.91814861071299,52.8474679973448
2874,53.18073965547951,53.85191808669285,53.5266937939953,54.52760620468269,54.49266091001721,53.91592373017352
2902,54.34040299800642,54.240908200642615,54.2596348257247,54.105449741424515,53.8868377347548,54.166646700110604
2917,52.58080074390648,52.53701983223116,53.53709613471327,52.99212122989014,53.07908996473293,52.94522558109479
2941,53.533670895733756,53.626542138486414,53.14774153960578,53.45186832209991,52.09029510675724,53.170023600536624
2974,53.3015283545645,52.83925402199276,52.09965262834643,52.50687162412393,52.64646966471368,52.67875525874827
2981,52.36355792250474,52.39635292278294,52.1454526021998,52.427370777158664,52.17594757022211,52.301736358973656
2984,52.34152337929493,51.95048479766455,51.74454523770877,52.10134777787385,51.838243318144066,51.99522890213723
2999,52.49846627312035,52.553497665264494,52.00482784916245,52.42442376998079,52.62526006366068,52.42129512423776
3001,53.08097321901335,52.89992948816796,53.036081638026,52.978178294757555,52.35185279080766,52.8694030861545
3022,53.76005029407412,53.233370218657285,53.83910374867494,53.28282760911792,53.525355797636756,53.52814153363221
3047,54.036092547913405,54.21343905196883,53.93218803358053,54.15949446058564,53.867677628375496,54.04177834448478
3048,54.37608405269881,53.92647654853979,54.55191926268691,54.17382812411769,53.790879155262,54.16383742866104
3049,53.86008624625342,53.48865832315484,53.919180854774304,53.73034870986185,53.76494360017153,53.75264354684318
3050,55.65204130996089,55.74485214542389,55.80985647449861,55.59808320078016,54.735858301144354,55.50813828636158
3054,53.48773900227264,53.441045123857045,53.64903429386989,53.39703731577121,53.992763003819725,53.5935237479181
3066,54.090494579726624,53.883687772803526,54.39548357681803,53.91362164439476,53.2234155581822,53.90134062638502
3186,52.938521471229485,53.07804869094805,52.67963598602892,52.37942748050063,52.64663515421668,52.744453756584754
3197,53.577288430398895,53.91010777067804,53.72306236491106,53.78755858324235,54.12667617864184,53.824938665574436
3206,53.532014638689894,52.92518147334379,52.38376171225801,53.38383620191411,52.6496385117249,52.97488650758614
3220,53.337375764500564,52.80324373362311,52.48306293222395,52.96814249582727,52.485996579311426,52.81556430109727
3233,53.883550420072915,53.77782407286944,54.0758228762508,53.676760113639105,54.1445955048312,53.91171059753269
3239,54.518260452697255,54.162956732464856,53.63039611977512,54.54592557530912,54.17836451669619,54.207180679388514
3263,54.01811585108795,53.80333699225477,53.43949389393585,53.4349289957749,53.52739162684817,53.64465347198033
3269,53.0936517243725,53.0279264520242,53.344706099703785,52.92998860541875,52.81848184858427,53.042950946020696
3270,52.10286964674307,52.94922108820708,52.74986930185922,52.727789630854936,52.600034992887664,52.6259569321104
3292,52.86193247453239,53.12144004794146,53.389067860906486,52.89094048184056,52.986620829419365,53.050000338928044
3293,52.8061406284354,52.52480622198493,52.544440074083624,52.1840146911415,52.362338836430304,52.48434809041515
3350,54.25901221053484,53.60085918166068,53.40330873848202,54.06446569410727,53.752592066273834,53.81604757821172
3357,53.383437856606655,53.27254913631303,53.46839430422269,53.279219163869826,53.03087564762595,53.286895221727626
3380,57.27728488822156,57.939444747476514,58.97039063461926,58.24501651700474,58.120843068642955,58.11059597119301
3408,54.294506060212015,54.68054247945363,55.15514466512228,55.078640300192234,54.937376055958254,54.82924191218768
3437,53.53897489444924,53.16615600623445,53.84293067388924,53.33498756330035,53.06524988878516,53.38965980533169
3471,55.231628976448285,54.88192546669927,55.06908068882039,54.92643180867102,55.09054305276247,55.03992199868029
3480,52.407211309817306,52.88209503034603,52.45141831734256,52.13857379673941,52.461861238046126,52.46823193845829
3513,52.667794010655726,52.665537458477836,52.9049522108048,52.10578618543833,52.74659479138964,52.61813293135326
3515,53.39478149969609,52.76445038061144,53.23460355436559,53.399594525440456,53.24227938120072,53.20714186826285
3517,53.764432828753925,53.450994583193264,53.065149530706584,53.30834939668328,53.397390252657125,53.397263318398835
3534,54.86723956389139,54.47769229208027,56.07111620112816,54.7766343756082,55.275132964098624,55.09356307936133
3551,52.78896697176701,52.87397245538974,53.18229802566454,52.58231100766398,52.91651207589999,52.86881210727704
3563,54.977657953709674,55.85772261730939,55.61651535240487,56.03887821133884,55.26005347910627,55.55016552277381
3588,52.75329677717143,53.07559423740473,53.224341279087255,53.190542283045026,53.14375687714732,53.077506290771154
3599,53.46956193862334,53.333582759590996,53.5473599561208,53.14085924196211,53.46888430393917,53.39204964004729
3634,53.24756761625354,53.56169026069877,53.4210654897726,52.835669913477496,53.51461754434098,53.31612216490868
3717,53.74722533690841,53.687522559761824,54.02817386757188,53.937637705179355,54.210206588888944,53.92215321166208
3720,52.26244595221175,52.16005137227313,52.147359752166636,52.25427521277172,52.06406878084844,52.177640214054335
3740,52.68886892816988,52.91350940326358,52.496696426045325,53.45951219890551,52.811721907134405,52.87406177270375
3781,52.93346106383684,52.613627727954224,53.293672996628494,52.90034396604206,53.04959967748205,52.95814108638873
3807,53.16941221889186,53.5684792320659,53.59860861401257,53.34600476859236,53.30144709440651,53.39679038559384
3831,52.025232278179935,52.0595041595917,52.13213841080059,51.852543106160816,51.852527426712044,51.98438907628902
3836,54.49497237339357,53.929379337178524,53.49899835510742,54.16133843350034,54.06741868074332,54.030421435984636
3853,53.759650236804,53.92029310578468,54.138319238096095,53.90240273107748,54.07411105902777,53.95895527415801
3868,54.03187341793471,53.445765413976865,53.92331773897867,53.5527706401692,53.64199035466905,53.719143513145696
3889,52.868890824001575,52.67638256409416,52.4970357354312,53.00848437918614,52.713062437716964,52.752771188086015
3902,53.37111417126555,54.11933042298463,53.39679018392826,53.69531246242101,54.24802906156686,53.76611526043327
3919,52.77493555512594,52.93198702515315,53.706480015991986,53.20657490331251,52.88804336299589,53.1016041725159
3977,51.88496472939814,51.83013351932818,51.392117130691375,51.680735940940735,51.73011894478176,51.70361405302803
3983,52.53893749598216,52.40392208744863,52.3678882779944,52.603588573624066,52.52485903538042,52.48783909408594
3989,54.357028261276234,53.957564362596514,54.23066317293329,54.535530841467725,54.32300820170757,54.28075896799627
4119,54.95771629746786,54.38544421667316,54.671385338996835,54.31064232803867,54.26455712294097,54.517949060823504
4127,53.388272511447106,53.38019490647838,53.63912366027383,52.991742044123704,53.286632605769746,53.33719314561855
4136,52.435692395669804,52.389773239924445,52.54953720556942,52.58518383825437,52.00919462941638,52.39387626176689
4181,53.30999815944739,53.64224306168923,53.103470258962304,53.22737384222842,53.20113131117335,53.29684332670014
4247,53.08031611245936,52.83766509695029,52.361976004830396,52.99219053293366,52.95499411573919,52.84542837258257
4263,52.89163080457922,53.32170403503208,52.43127259179182,52.58271565416404,52.6181439454872,52.76909340621087
4272,53.34317766741984,53.822524121452375,54.42436123197973,54.11260075595976,54.56870504896638,54.05427376515562
4292,52.65769897468049,52.82197005118616,52.222607100934404,53.08334223243787,53.042918249993185,52.76570732184642
4311,53.318055749124845,53.20411675622529,53.224897217523015,53.09065986378464,53.198112437314116,53.20716840479439
4327,52.149694106914865,52.26810942367902,52.14962769038286,52.18244096435029,52.10898520845841,52.171771478757094
4457,51.871922664131134,52.08137364700183,52.407972700369214,52.207612157900385,51.89175052642364,52.09212633916525
4479,52.522840282362594,52.30609045962279,52.37674101511533,52.238639525951605,52.29705988519902,52.34827423365027
4488,52.831925979010265,52.73691828488982,52.113348914432756,52.99138897294456,52.370676040281104,52.608851638311705
4515,54.883890582190354,54.93469003766705,54.32876464314072,54.96360329594934,53.299467757456284,54.48208326328076
4520,52.93355291578338,53.21317774508415,52.797076389830075,53.20961904389527,53.22046866033688,53.07477895098596
4559,53.858005164800446,53.75663571375653,53.35259954396568,53.67859447463785,53.52239658289611,53.63364629601133
4585,57.37044344799773,59.24378645930914,59.24424734144879,58.80932429832089,55.91909565961269,58.117379441337846
4590,53.87011488364932,54.00920848389469,53.846941974498314,54.011888553420306,53.945040004487225,53.93663877998997
4697,53.67063812994381,53.28187395232771,53.48847642401792,53.04155537482144,53.16130871997124,53.32877052021642
4785,52.746676741920595,53.50302052182656,53.41087078948643,53.6161179577997,53.04465308752807,53.264267819712266
4786,52.561017395508,52.690531438016734,52.95229686015195,52.43757159705021,52.67142482039492,52.66256842222435
4792,53.21244865351802,53.49581106881711,54.147879172620705,53.32764241731309,53.21330952102406,53.47941816665859
4800,56.40990300198904,56.766742942423896,57.02371190415615,57.02191367869768,57.1053651886461,56.86552734318258
4818,52.025284731318315,52.511483977609295,51.91071589562297,52.323284719247226,52.22475606144241,52.199105077048046
4851,53.91352026641729,53.505166394724164,53.80129705415798,53.10512456156741,53.27185388990139,53.519392433353644
4854,64.64223527134732,65.41525272713572,63.240844590717955,64.79855924908564,64.64845930525414,64.54907022870816
4875,53.85060721341096,53.85390886291129,53.67329397231746,53.02392189861626,53.13227940937305,53.50680227132581
4879,57.805312957099254,58.41008124530593,57.860600788844195,57.52493828363936,56.00224077230746,57.520634809439244
4968,56.096372755795635,55.58417862681795,55.44320390186436,57.11951166712103,54.45508902600174,55.739671195520145
4992,51.6384309133601,51.410279103007106,51.798147452239284,51.77606410891996,51.5033807844079,51.62526047238687
4997,57.413754915265976,57.601293773994435,59.05483844570693,56.82063642053327,56.362887751493446,57.45068226139881
5034,55.265105290476995,54.89976868262701,54.34468915483371,55.12040062925661,53.792224399790136,54.6844376313969
5074,56.14596457437644,56.13095173621766,56.990839137443025,56.17527018031494,54.47290245236099,55.98318561614261
5081,54.57615666148234,54.89676404451074,55.753521289127704,54.72766182117053,54.052118629645655,54.80124448918739
5097,52.603075287995026,52.88123721912103,53.16531760683002,52.92659232046835,53.00161243787008,52.915566974456894
5271,54.354391254975795,53.33683542246249,54.29635861602035,54.03231063282408,53.79221030363129,53.962421245982796
5282,54.52803429756642,55.064458920482295,54.36342007510627,55.256461779243324,55.26976603173147,54.89642822082595
5299,54.087679912675775,54.63418113925056,54.43013252817033,54.5015295477798,54.25718124087695,54.382140873750686
5342,53.52775198504716,54.36513312578644,53.61430051799931,54.157365969290026,54.28099549434968,53.98910941849452
5345,54.761940460589685,54.74615621196657,54.92018635986321,54.867047568819075,54.92435506865329,54.84393713397837
5371,52.74024603287076,52.678650816390515,52.98895513152397,52.97021903148598,52.69998210884528,52.815610624223304
5447,54.79998791613579,54.76847395655751,55.279256936862566,54.81574374396447,54.677958959153116,54.86828430253469
5469,53.613122280208316,53.21063772951765,53.40321728545522,53.5549631441465,53.9199106387148,53.54037021560849
5534,52.41902003344523,52.50521475102913,52.48850874133267,52.4430172260353,52.41385885180509,52.45392392072948
5623,53.500986049444506,53.3544153018441,53.503120379409395,53.636844805835004,53.36052962858486,53.47117923302358
5624,53.91153158226496,52.632810765341944,52.58620114565672,52.952178329770305,53.315655020283394,53.07967536866347
5659,52.67859362881958,52.41590464893792,52.77402488566456,52.82729206753337,52.44647433225012,52.6284579126411
5662,51.86258286923567,52.594355694398,51.79876958170122,52.17917306079232,51.62120292949131,52.011216827123704
5664,53.91819685656022,53.90092558897819,53.03263705611036,53.66936887809917,53.23553470204003,53.55133261635759
5728,53.64074424780956,53.87187650628469,53.64518285727718,53.442092559585305,52.76138562907108,53.47225636000557
5734,52.08957611241026,52.062588082016994,52.10654650141262,52.438523364456444,52.39360899041559,52.21816861014238
5745,54.406126706458004,54.88054237949762,55.52107912469826,55.00747249884493,55.46712163042812,55.05646846798538
5748,53.61743907728983,53.420220034941444,54.36435426144565,53.381383371775094,53.413063854824784,53.63929212005536
5789,53.34491959865778,52.984537891826236,53.88399070733107,52.64742667420484,53.948956813363836,53.36196633707675
5843,52.29170335540987,52.37315327452471,52.69688866208367,52.85490466792248,52.13934410381291,52.47119881275073
5937,53.81987640181968,53.97621009829187,54.11858673151189,53.814107986987004,54.374782526856755,54.02071274909345
5986,55.29491687824401,56.0727717111841,55.1437557913486,54.850221311958094,55.47212986963646,55.366759112474256
6049,57.36656643081021,56.37126827714065,57.683660547686515,56.769293744894604,57.168445885183324,57.07184697714306
6065,54.69825459397425,55.53320501606579,55.5312637442747,55.33101860544973,54.523642333678744,55.12347685868865
6111,53.87188127715425,54.106820062553226,53.6971225754233,53.49353058167717,53.85126114637333,53.80412312863625
6148,54.55397511259707,53.63855868395499,53.56321577576027,53.85641027978514,54.561915567511,54.03481508392169
6149,53.50314013695723,52.46978476670949,53.376068909423374,53.273969155105924,53.13914325233599,53.15242124410641
6192,53.435480215268576,53.58712836861327,52.998884858246875,53.60381057967137,53.42880940031817,53.41082268442366
6230,53.75987416758442,53.53569004818595,54.76759418161707,53.828098771050996,53.58885844468448,53.896023122624584
6257,53.88723896636393,53.76546532568106,53.547512010990054,53.983273592727926,53.00558601379426,53.63781518191145
6269,54.148483084235224,53.56971060513294,54.23415459877192,54.29302314622755,53.478831566706255,53.944840600214775
6275,53.148407246757785,53.15988830663973,53.1445369692577,52.65798859743498,53.133436472060914,53.048851518430226
6281,53.4377458663101,53.29958951817085,52.92423167201248,53.02735984438576,53.20839132430646,53.17946364503713
6295,52.66785423575351,53.2683724342946,52.93896059978166,52.85723733260799,52.878823884720326,52.92224969743162
6300,52.73731970429429,52.43201481512077,52.035440871516755,52.37985147815202,52.60703109849483,52.43833159351573
6312,58.754150355836515,58.20206043207361,59.63977671294766,60.332476839554076,58.42975791970634,59.071644452023634
6319,53.92965675055002,53.63900866267332,53.77500366752393,53.07919198906941,53.720095293550195,53.628591272673376
6334,52.92075975751814,52.73917923350084,52.50564549004451,53.039543681047356,52.066730386142524,52.654371709650675
6346,52.6169757492817,52.13923624793434,52.035318373425184,52.8225390709764,52.48310622100813,52.41943513252515
6358,53.40054597294154,53.03093531405195,53.37107224236807,53.02470010422866,52.99892051601923,53.165234829921886
6368,53.91150058799789,53.748853400458735,53.13144794772583,53.08379932330166,53.60156541723422,53.49543333534367
6382,53.8123031704973,54.313349323188454,54.73482308024693,53.88956761144034,54.28011642087308,54.20603192124922
6395,52.73880242508131,53.77937512055051,54.00631377546798,53.67978020161836,53.65709383963135,53.5722730724699
6419,52.89345396247545,52.95703930725541,52.21052510998177,52.37313647776827,52.95753239503759,52.678337450503705
6426,54.05872874065352,53.859197797302585,54.09720649024221,54.18617657554244,54.708989345567396,54.182059789861626
6456,52.88323561164254,53.68176042991659,54.31345619943872,53.98615696564331,53.65010726310121,53.70294329394848
6478,53.36893528436399,53.823268502692535,53.683701063726986,53.752917025352545,53.771997534946834,53.680163882216576
6545,53.14830171048431,53.20308475713198,52.74600701909911,52.74321560514921,52.97152327560408,52.962426473493736
6584,53.45817073185559,53.567003568421995,53.15332561908537,53.144706905939714,53.35390795588646,53.335422956237835
6587,53.22962781821995,52.32424485545241,52.45021853317486,52.65462961683213,52.82278273799544,52.69630071233496
6599,52.30693709775915,52.32284954171671,51.97710931475792,52.25340180753376,52.17166296530283,52.206392145414064
6625,58.61119607610746,58.40725091009226,58.51599658575208,58.294625631163285,57.28782958607174,58.22337975783736
6671,53.03800696946002,53.27111355027018,53.30438420543181,52.94135096248684,53.08007017484282,53.12698517249834
6704,54.51804561595606,54.46778360986066,54.13379288565664,53.41217784453027,53.95453407049337,54.09726680529941
6811,53.62598593608054,53.11144781217644,52.074273855328585,53.299085035814244,52.92918667385623,53.00799586265121
6817,54.273763557177254,54.34172814166843,53.99560368589524,54.25665561305531,53.628450251705836,54.09924024990041
6845,53.56475156024819,53.707530737394464,53.49496861682417,53.16277831393307,52.798586233107066,53.345723092301384
6954,52.96847182585036,52.9591400564415,52.461882284267176,53.71460782629868,53.82437210186179,53.1856948189439
6957,52.65354285121106,52.49423015492955,52.992561504702635,52.67428382124055,52.1543455805719,52.59379278253114
7035,61.16079713141416,61.30235201279936,60.22531772779488,61.38866705990054,61.57441239505533,61.13030926539286
7052,55.2997863398538,55.72777868771336,54.96240002616605,54.72653908184136,54.62008380038771,55.06731758719246
7145,53.23461161413683,53.146891567196135,52.72163176879633,53.24110681959231,53.601507107246746,53.18914977539367
7160,55.17505052046295,56.566039096560935,55.10532694499593,56.24560868469425,56.008965992552525,55.82019824785332
7185,61.617663374898136,61.39097094128545,60.606971712296826,60.70730123102373,60.25030018823664,60.91464148954816
7206,54.69910369481673,55.28043019596499,55.47838857796515,55.16076238018053,54.98430919128815,55.12059880804311
7231,53.37411510410225,53.161317067414004,53.290581340059646,52.740536790183285,53.313785998764246,53.17606726010469
7247,56.606971052262516,55.96468953455304,54.238512258056176,55.96890612769438,55.68746824999259,55.69330944451174
7258,52.81529731641111,53.08405009435402,52.643498793386165,52.621350933941144,52.944576044809665,52.82175463658042
7260,54.33033254548906,54.74812509025785,54.171107765912964,54.85222242354547,54.39382524959095,54.49912261495926
7263,53.56837010988581,53.4226326038392,53.031581567835396,53.16822021961546,53.41457319624461,53.32107553948409
7353,53.009113211479445,52.945419316597636,52.53960049027412,52.52917899006017,53.286417555426205,52.86194591276751
7364,52.625125127913954,52.86697386704627,52.587264074136094,52.77902257316762,52.91581414460053,52.754839957372894
7382,53.1819946684251,53.31165682811926,53.58993829977014,53.36767654939455,53.970541076823395,53.484361484506486
7405,52.76487024608937,52.400440246074055,52.02259449197682,52.69438963147728,52.40542917929864,52.45754475898324
7477,56.56203033959412,56.017890567152094,56.16103455977034,56.5976806637962,54.81977417811643,56.03168206168584
7503,52.2757569046653,52.47919196636658,52.5062252385029,52.431262022179574,52.30349190063734,52.39918560647034
7516,57.16983852454224,54.64137838547437,55.655789992197,55.729491651697046,55.29302288654948,55.697904288092026
7550,54.468513648941446,54.782092080466086,55.67440450693311,54.83333947858763,54.820255432881716,54.91572102956199
7625,56.2379248455095,56.36876001375736,58.748839603453575,57.094749900115055,57.29744231194783,57.14954333495666
7626,53.032392543035755,53.29712703219256,52.691478246458075,52.97565693137996,52.72172780199692,52.943676511012654
7647,53.51578829607724,53.42586945302624,53.608945825213894,54.03559895925464,53.4554750990134,53.60833552651709
7716,54.914363652438766,53.45843379128491,54.23681076798411,55.23407665873023,54.91999372630705,54.552735719349016
7813,54.35291504844238,54.18918593840684,53.83339687621394,53.693753362768526,54.188913899104364,54.05163302498721
7822,53.90326068953945,53.90314767813092,54.34931639257473,54.213929522480264,53.87854001631302,54.04963885980768
7840,53.02201097521781,52.12576541693555,52.8601121780887,52.907689289599546,52.7073632441057,52.724588220789464
7854,55.10177508509133,54.79680834007338,55.202405776002806,55.79281936514725,54.75362547320569,55.129486807904094
7862,53.61642810243259,52.81561306958309,53.03702871055641,53.641548222513926,52.982350415870314,53.218593704191264
7872,52.472435998430164,52.11768556356834,52.53486700604302,51.803808724677936,52.28147570225324,52.242054598994535
7896,53.100942906564185,53.62033180767864,54.26165139863055,53.36406698347525,53.7265414980613,53.614706918881986
7930,55.12157689401408,55.21557863235133,57.17456800157581,55.78665173646628,56.28872999072599,55.9174210510267
7949,53.43296652093421,53.29628021896878,53.27172294494538,53.14031727166378,52.90948640337817,53.21015467197806
7968,55.4120639891228,55.64371202635429,54.907249846593785,55.067338636282756,54.63577049267305,55.13322699820534
7995,53.068616245919266,52.84052924203766,52.554776323078,52.81694985513941,52.77601548161219,52.81137742955731
8062,53.70782970850692,53.93517766411661,53.52972639664465,53.87342019859379,53.41914816018852,53.6930604256101
8065,53.4012773011174,53.02397368848693,53.828124659115296,52.99364371597321,52.93522535695797,53.236448944330164
8085,53.07914168455382,52.9934581439014,52.77390277860367,53.01394378504898,53.583926903854845,53.08887465919254
8134,53.941124682543276,53.52513318015439,53.28276982510329,53.433198009334134,53.32172802846041,53.500790745119104
8147,52.70453444909816,53.02988300586558,52.76849485732539,52.59049945085147,52.34443899148751,52.68757015092562
8186,53.59226066180643,53.524496464268516,54.127991917159406,53.498221039779246,53.79980101217954,53.708554219038625
8267,52.129371017719826,52.55017336178708,52.80089673203466,53.07740716003408,52.81092453942835,52.67375456220079
8269,52.48957109815948,53.129795207956874,52.60115149751351,52.918781052580435,53.12390547399193,52.85264086604045
8288,55.19348229753035,54.689967882581136,55.55927782889099,55.58859086667991,55.64848357650555,55.335960490437586
8290,52.528754668443796,52.50364547890824,51.58747777559966,52.68097170023435,52.291309326565624,52.31843178995034
8310,53.306799340769345,53.592781649473714,53.30020859981162,53.41605085812974,52.99452389803373,53.32207286924363
8318,53.25303692009413,53.416111899928865,52.448880691337386,53.63677415603026,53.771597250725506,53.30528018362323
8421,52.4064742682581,51.97603598536896,52.4802545667151,52.28006395588421,52.23521775892406,52.27560930703008
8458,52.8417772718421,52.66264199732108,53.096588356188356,52.9061756007319,52.58083473794949,52.817603592806584
8462,52.78683707560953,52.840531054807556,52.83423851014858,54.16663185623656,52.69453679797944,53.06455505895633
8490,53.30586888173292,52.17727246657817,52.1525391622515,52.18392951470545,53.188940298563374,52.60171006476628
8553,53.47795227794436,53.49983780812106,53.31190405601052,53.381931696986946,53.391486425254406,53.41262245286346
8599,53.2330904125246,52.739129869314965,52.22480800743206,52.77905634659862,52.884587838002155,52.77213449477448
8625,53.42856033838192,53.62693823231294,54.226735587138144,53.454858913614466,53.47366418673419,53.64215145163632
8663,53.315297791046525,52.73377868579482,52.446922658287505,52.27348656183212,53.23259873063883,52.800416885519965
8742,52.59235187221187,52.607624829158965,52.26544179162039,52.3122032898894,52.55313626340527,52.46615160925718
8744,53.334197285831955,53.306722249554234,52.68989884728526,52.91823801412507,53.09880655758779,53.06957259087686
8752,52.77114486116565,52.21309286982321,51.284159480214974,51.61953278986478,52.522876602028404,52.08216132061941
8802,52.69410810461965,52.36661058569023,52.59466295844713,52.72679650613355,52.8870573798974,52.6538471069576
8877,54.42624163838517,54.452428150357605,54.07728494724979,54.06681192637441,54.58984750571768,54.32252283361693
8899,53.184252342236796,53.63266886005304,53.28483468120185,52.99955168263504,53.346806097072836,53.289622732639906
8936,54.87103994578205,54.36640473633628,55.101137756441744,54.39294566454031,54.60389965231303,54.667085551082685
8957,53.48508327077554,54.15145727010689,53.93778652217523,53.950082653816935,53.892111329344324,53.88330420924378
9005,52.56801995945258,53.00969873196977,52.600363460947214,53.04400193357182,52.63059579081377,52.770535975351024
9057,52.78844964240042,52.60781616479713,52.89196266922336,52.60267780952415,52.50501257255805,52.679183771700615
9062,53.8558232649541,53.688046593247066,53.32489611848707,53.45265073424328,53.59844255610964,53.58397185340823
9094,53.44424889027803,52.99260094201284,52.7933004024696,53.31921353868877,53.45869976772176,53.2016127082342
9101,53.60007560392169,53.430405700813694,53.5703361460376,53.05461298171257,53.01471971530454,53.334030029558015
9138,57.425751260659204,57.4956737899113,58.04903038772867,56.39046249118212,57.96115268412878,57.46441412272202
9230,53.559572234564975,53.954841915673676,53.55895014358259,53.81027356316838,53.4208114179176,53.66088985498144
9251,60.166443348791255,60.26540561540883,59.43848228033211,59.8655467579214,59.12579287842997,59.77233417617672
9283,61.14821674118508,58.27644658147003,59.03621092061428,58.359210155589864,57.27278933361331,58.81857474649452
9306,54.5826307201099,54.30678794029824,53.79059487758719,54.185308317136034,53.6852712224064,54.11011861550755
9335,54.794537347584324,54.32405921802197,52.98428045196008,53.799552191642285,54.49855167556711,54.080196176955155
9351,53.93067214720803,53.49342668308522,54.11945920985394,54.31206134092936,53.786263696589536,53.92837661553322
9386,53.9420770088432,53.71970501418591,53.169988121001694,53.95931883793401,53.24768826545123,53.60775544948321
9397,53.541910681286275,53.92051529646904,53.76783715639089,53.32538590651632,54.14824893301407,53.740779594735315
9412,53.65059632539574,52.64040498951293,54.380338253497506,53.59288484977775,53.10166819930658,53.4731785234981
9421,53.37430253123891,53.56866616408108,53.99404645396644,53.302947720110836,53.50632085676881,53.54925674523322
9469,54.432991786303646,54.47920697056282,54.19046772266852,53.984501431774845,54.47925830918322,54.31328524409862
9478,54.387520052058925,53.933091773824216,54.70098863297075,53.64985949501299,54.04450587009207,54.14319316479178
9487,57.69263893327335,57.5534013671255,58.09048093368622,57.141981334485116,58.5246734301134,57.80063519973671
9525,53.8462617770521,53.31211102623442,53.20309845927874,53.48118913117501,53.29440893415952,53.42741386557996
9531,52.89310843489491,52.961860754129795,53.180720272206635,52.683977350497834,52.63838458523287,52.87161027939241
9538,53.43233450190609,53.640834072019246,53.31131431586197,53.35761803135999,53.306077965113424,53.40963577725215
9544,53.77985279451315,52.95140424880834,52.804727297982,52.91022205834681,53.79565161885039,53.248371603700136
9581,52.323873758197955,52.2874223671498,52.360496609397174,51.952266731619964,52.19837162189871,52.224486217652725
9623,53.191134004527555,53.26347071918204,54.00695668712743,53.031938093985595,53.42071118240928,53.38284213744638
9635,52.69576767796688,52.953098708827426,52.88666550242835,53.03067527490427,52.95741318908445,52.904724070642274
9641,53.496129082239584,53.571078629548445,53.2340420197484,53.35538148555969,53.805050059052114,53.492336255229645
9699,52.48602776943669,53.39728561046007,53.72932043443379,53.29415419250872,53.72668952898309,53.32669550716447
9722,53.94144357195814,53.67917984141146,53.49341122353266,53.44821234756107,53.802717832527016,53.67299296339807
9763,53.499885073887796,53.526410897840044,52.84644766817931,53.84953616414147,53.182938974878155,53.381043755785356
9764,52.95852438084232,53.00486670673435,53.17566000006819,52.29138350905284,52.80379854307709,52.84684662795496
9768,52.532520912771986,52.510527327514694,52.35563210982067,52.655270591719564,53.24861031247133,52.66051225085964
9788,59.28301401914516,59.31159744298499,56.75391401426429,58.963546416394564,59.20021757076599,58.702457892711
9831,56.50877586629731,56.51064180024489,56.11045702714782,57.44912654211969,55.83718486913917,56.48323722098978
10033,53.307814609478044,53.34616817537597,52.901744897682214,53.220387105801564,53.10927662054285,53.17707828177613
10053,53.23214059617354,53.3029348609218,52.50402938244261,52.850538611685515,52.686746560321026,52.9152780023089
10060,52.80955030289035,53.02968946550434,52.15182893150297,53.03345829603918,52.897650763844965,52.784435551956356
10116,53.73386945078725,54.33626878557612,54.101388887373695,53.59093517887009,53.77416693776819,53.907325848075075
10118,53.02638081025651,53.126330605963055,52.76454974919797,52.90930995727668,53.03078869020813,52.97147196258047
10120,53.28213195474311,53.67813339703691,53.498279710973826,53.4960254572838,53.100632646516175,53.41104063331077
10163,52.785737152862886,52.33012846144236,52.42499200093677,52.58154479898042,52.481129177180705,52.52070631828063
10195,55.38480656802141,56.080151547395836,56.50848654608138,56.23426748791715,55.79057091069824,55.999656612022804
10239,53.03158270127977,53.03699431450813,53.362148954318336,52.743923742757225,52.997334997703,53.03439694211329
10249,64.82145087115101,63.37289382751538,62.738800247868404,62.56721661435311,62.12437362577073,63.12494703733172
10259,53.958181050891646,53.50415340833347,52.84454470820628,53.54688661643637,52.621915674432024,53.29513629165996
10302,53.89981580135583,53.964029665495566,53.73499400344096,54.14322195423767,53.50958690510661,53.850329665927326
10310,69.84455319583824,70.04972202238804,69.23388674668348,69.63417487397919,69.38539946391569,69.62954726056093
10336,55.15766520840615,55.157798045949185,56.03173471817448,55.67205962031922,55.794025366116564,55.56265659179312
10478,56.070650547291194,56.35564175302117,56.14935179118489,56.53373250421572,56.34502974652983,56.29088126844856
10500,60.620933197801506,62.053083784492614,61.34466438870333,60.67380521623401,61.06479089519081,61.15145549648446
10516,52.02190647831492,51.939243331561826,52.02720381498735,52.13865424869434,51.83090206098134,51.99158198690795
10587,52.74942030726215,53.15492953929317,52.13973545066452,53.13703940898248,52.76160121862632,52.788545184965734
10600,53.528725086538174,53.88475184297716,54.03888682325216,53.64508650041422,53.32265844758705,53.68402174015375
10679,53.37739609596033,53.575876833456604,53.521843000038935,53.68256719299916,53.08793825363365,53.44912427521773
10702,53.347882077235816,53.965601696445574,53.85215264990026,53.89367741195819,53.05154242493337,53.622171252094645
10746,52.819937327176895,52.93522468535183,52.08056305854366,52.83608207235789,52.23579292207169,52.581520013100395
10753,59.394036929083185,61.11108531499798,61.126112364804726,59.06695089049936,60.107700145219674,60.16117712892098
10770,54.97918605041752,54.925398033209476,54.53197672899246,55.42231972405255,54.89617271981363,54.95101065129713
10786,52.08641764769677,52.18105179389961,51.727087033485965,52.18266077862172,52.11546195180035,52.05853584110088
10795,60.39665530750108,58.831332080001594,58.47874541584293,59.874907120426215,59.888794827076296,59.49408695016963
10797,52.60018199033298,52.35918780140296,52.63366389294595,52.515941653270204,51.921581261536275,52.406111319897676
10814,55.34160314766214,54.81873995575882,54.69579735350653,55.05586086893178,54.98977336463161,54.98035493809817
10826,55.991659071495874,55.95346057094413,58.74165266167084,57.207521019823076,57.681839185223104,57.1152265018314
10830,52.70132593974396,53.79277232897589,53.44100150618142,53.196727078732934,53.29363997032245,53.28509336479133
10868,53.00416086640929,52.9853661473647,52.46832303220421,52.59725786637582,52.706230570165815,52.752267696503964
10931,54.163707653245815,54.27643000992932,53.886040074882736,54.17132075404378,54.032691215901224,54.10603794160058
10946,52.73927313504763,52.736897493749126,53.11025330432366,53.62653504987844,53.07983699509313,53.0585591956184
11119,52.7532956840214,52.85712449304022,52.560642785521985,52.85188895667876,52.70908447885539,52.746407279623554
11205,52.40074880612664,52.23693147444141,52.08006263179176,52.22772973323251,52.347956188927185,52.25868576690391
11219,52.91001412637459,52.74135567701683,52.88800582776206,52.71560093769248,52.80710973082364,52.81241725993391
11239,53.103894359310104,51.95213364281047,53.4650254984686,53.258391256956614,53.11393031213628,52.97867501393641
11290,53.17670315997468,53.215353133995265,53.66814016209892,53.08222935234084,53.16862165636266,53.26220949295448
11309,53.88891941932718,53.95549861741445,53.48068959579213,53.54978252453242,53.160225329279925,53.60702309726922
11341,52.32602288483438,52.87896657176303,53.7825055615762,53.52682298590041,53.49578604398887,53.20202080961258
11473,54.80431474847798,54.73390711937997,54.16931938278118,54.08326271697891,54.31961263172262,54.42208331986812
11493,58.47557388216177,58.24718860327631,57.04136552580038,57.64719457818506,56.373780749520016,57.557020667788706
11511,52.362008462809264,52.23975222894358,52.42433255135458,52.54483096808397,52.367417186059164,52.38766827945011
11537,51.93316784408869,52.09966408601473,52.2595742130111,52.2047741838653,51.90786700469062,52.08100946633408
11542,54.04145089241143,54.452271760066196,55.60119706361238,55.03878436510757,53.89498314152393,54.605737444544296
11563,52.754450324057885,52.58459322682602,52.94689209460877,52.50662622408874,53.14945441185742,52.78840325628776
11564,52.40806478290472,52.638297603412525,51.90576772176717,52.37477130627321,52.121726314604786,52.28972554579248
11573,53.48585017646588,53.3873209115148,52.94544149192644,53.379219034541165,53.24830823093103,53.28922796907587
11580,53.27032213772735,54.139385282595846,54.08889327407879,53.9825706788771,53.80220435815758,53.85667514628733
11626,53.512462048645695,52.75999169786715,53.40016381792286,52.87752165786592,53.05959734103677,53.12194731266768
11658,53.53171943567413,54.068576757369186,53.6578729106115,53.8408568907775,53.83981605192901,53.78776840927227
11672,59.1338014016241,59.09921376339793,59.56176906946866,59.2914272806308,59.18513938667251,59.2542701803588
11692,53.43797246221572,53.99611344400224,53.53858724342286,53.989981444244265,54.20306932473803,53.83314478372462
11769,52.70079996306265,52.70320340653005,53.10150436565502,52.89215509553187,52.71793986659616,52.82312053947514
11831,53.73157610471871,53.74071652552186,53.875005674007525,53.65775215117605,54.41006447536037,53.8830229861569
11832,53.40363281401169,53.2919182091023,53.063599120503945,53.27797573714489,52.84892728137526,53.17721063242762
11847,52.45642500441494,52.43086827689803,52.091913228329425,52.40975776153085,52.98424440581718,52.47464173539809
11849,52.583356007565534,52.51117857372165,53.0093199368379,52.555353714939734,52.290076793542,52.58985700532137
11870,52.99606314113121,52.664883741680235,52.559518331087894,52.64008923181072,52.834706440614745,52.73905217726495
11885,53.37355160693909,53.3825133300537,52.93705068592234,53.5064970092624,53.0022210783509,53.240366742105685
11890,53.22017686354353,53.312886931052525,53.08483464445427,53.1750608873053,53.15081692922792,53.18875525111671
11941,54.30455330275015,54.49738553178609,54.81321623680583,54.119722382486934,54.79664492356696,54.50630447547919
11949,54.13488456818643,53.46993484427521,53.13978878328822,53.46021296577953,53.24891360053546,53.49074695241298
12009,53.72277043814361,53.53782464084504,54.15290846854861,53.530405866190144,53.24984723665252,53.638751330075976
12013,52.55923285183121,52.43908171880123,52.621612957743025,52.381886609615705,52.77791520430523,52.555945868459276
12033,55.63303913276959,55.803594323334586,54.18286060659366,54.879621417269604,54.718470015537065,55.0435170991009
12076,51.639731730580905,51.8091989969036,51.91584669749048,52.05426582045308,51.9410647593314,51.872021600951896
12089,61.51949739868448,61.63151024652959,60.564821131906236,62.05405290324471,62.3600363296543,61.62598360200386
12125,54.48731359143858,53.90301978316237,54.2079231162912,54.416918228986184,54.286855547200226,54.260406053415714
12128,53.96353422915101,54.55462377525178,53.48431945240115,54.42757786046533,54.21366348794036,54.128743761041925
12194,54.59269575272798,54.437412952570824,54.796095380385395,54.27477138896234,54.812964707544204,54.582788036438146
12209,52.56397773921086,53.04460218125539,53.57774096368352,53.01700015783341,53.10175971666017,53.06101615172868
12285,53.80804804575456,53.50482612127559,53.73851325554417,53.65105333420508,53.55144004237898,53.65077615983167
12306,56.21804813231048,56.788347704192475,57.137521150045345,56.459103990068165,55.32834918966107,56.3862740332555
12347,55.02493625478361,55.56685770567343,54.9988278559187,55.222245440021084,54.47237977784329,55.05704940684802
12372,52.843994803474715,52.56486173049122,52.87446258769829,52.82212219129521,52.912194239952335,52.80352711058235
12404,55.01465274697907,54.54470275706744,54.124846661170835,54.007321462070124,54.2767289983753,54.39365052513256
12423,52.621233418373585,52.896480169464354,53.2860372935563,52.95377058082211,53.08966217479359,52.96943672740199
12425,54.848355943565345,54.28551181955844,53.587305322854036,54.52973566093418,54.131487971632914,54.27647934370898
12436,57.29264668659917,56.640036933051526,56.288919482722626,57.37320238628829,56.72642164010789,56.86424542575391
12455,51.94554501432343,52.08571917676337,51.88754857637002,51.81160735995071,51.988866082468284,51.94385724197516
12490,57.459926095216986,57.68347431707736,57.01875306179908,57.624032581457385,58.094617897682426,57.57616079064665
12532,56.99048161775584,56.650093968424635,57.110899983587274,56.71277782777478,56.39297293278719,56.77144526606594
12549,55.481527924814564,55.820212812068746,55.510684511799916,55.561122093617804,55.42430944340773,55.55957135714175
12587,56.49176271240023,56.347968708199446,57.13415757299477,56.21938122059088,56.913503348739525,56.62135471258497
12739,56.882249331704514,55.93884097556546,56.82720481460014,57.79096071560909,56.71129926556407,56.83011102060865
12775,53.09694002508775,53.07822901535431,52.905472575975374,52.98631672100262,52.64301806567455,52.941995280618926
12785,71.54645191445826,71.48234915986498,71.58798606496634,71.09896055929254,70.2694043336518,71.19703040644679
12791,53.55057399936286,53.491679097230396,53.717191932313796,53.22518415494967,53.038131496229084,53.40455213601716
12793,53.978816237070326,53.46240262452412,53.92688144508029,53.987541101473916,53.9616387971935,53.86345604106843
12917,53.236188776011055,53.60734968769886,54.187203803933954,53.16492670187762,53.6712595340108,53.57338570070645
12947,53.75790556458367,53.20659953103626,53.36264849768763,53.49780013602908,53.42572003490859,53.450134752849046
13116,55.367716329103246,55.30749093836866,55.03700420709427,56.00656943516578,55.46118416415519,55.43599301477743
13140,63.32263634002619,64.31431179787953,62.49365670781133,62.47878813302143,60.51429889592978,62.62473837493364
13150,53.653781884515304,53.881821288570805,53.42356409203335,53.383831020868186,53.26775459437808,53.522150576073145
13172,55.08523128306751,55.61579356990579,53.922751043002194,55.37447948375056,54.41637590360376,54.88292625666596
13248,52.836697910098806,52.79232317960271,52.79692240927743,52.85027536821839,52.806540739826836,52.81655192140484
13263,56.274430674271514,55.792184790541576,54.628267808996455,54.80596242939488,56.39735839955576,55.57964082055203
13588,52.883007679274094,53.33600477696487,52.77464232037253,52.86906960057683,52.82249527280157,52.937043929997984
13704,53.86788999217203,53.6155623643347,53.79004462517872,53.76296110585358,53.729564569496425,53.75320453140709
13713,57.42022558731934,58.224023699745956,57.75937346444454,56.86252621705661,56.83128007739173,57.419485809191634
13730,54.7098456411764,54.77068314274861,53.42608577497003,54.40389993058127,54.98802688884636,54.45970827566454
13739,65.67037170966833,64.36556168386046,63.33962395836578,62.84987122804453,60.91526023028221,63.42813776204427
13904,57.854961637075654,58.41689636882529,56.46908032861832,58.86339438610006,58.62469272194838,58.045805088513546
13939,53.990060477765724,53.92141357036738,53.81461022000222,54.09591708084935,53.70664376140054,53.90572902207704
14013,52.834407973692045,52.948758455614865,53.56213937306731,52.87574942818496,53.17070199370479,53.078351444852785
14046,58.43896501431027,58.16409652934428,59.09617688995957,58.595579379898396,58.44189811718694,58.54734318613989
14361,54.924175335261275,55.64822296078836,55.43411002572665,55.516087003748176,55.372076656529366,55.37893439641076
14379,57.89550717170175,57.68403695444988,60.34144865523655,58.01495658828497,58.74151147094254,58.53549216812314
14409,52.32446476855034,52.46795139013501,52.84022477833538,53.1526068440365,52.11439222779682,52.57992800177082
14431,57.26063860338678,56.16980723655798,55.62290296600618,56.275115468028766,56.50892012044877,56.36747687888569
14460,53.53974520774753,52.99019382832551,53.37622286165843,52.92459883397725,53.38795628067125,53.24374340247599
14471,53.374307458933295,52.752366198124896,50.91491168067173,52.888852585938885,51.85970337842983,52.35802826041972
14514,53.157908733542456,53.765657811747474,54.0367039718994,54.57639770635841,53.74345046037826,53.8560237367852
14545,52.86875967489645,53.43592915416112,53.052487236628046,52.909386284536595,52.84795607646502,53.022903685337454
14580,52.49120231052937,52.44805418945238,52.41809292036361,51.90147662378121,52.65721647451114,52.383208503727545
14594,52.76584592914916,53.13779015514848,53.453025491831376,52.85193506795434,53.41584867531475,53.12488906387962
14712,57.097125659269835,56.813159991639175,56.38419259473252,56.62490912163969,56.935441047004026,56.770965682857046
14785,63.37797692123172,62.11720847439251,64.40048470102603,61.650410417444796,63.76212757385612,63.06164161759024
14832,61.96626788146156,61.87326123596574,60.718332728059245,60.66162429992282,61.690821746069126,61.38206157829569
14840,52.56273320711144,52.82389071466701,52.91269645578162,52.71647510635657,52.49157771964532,52.70147464071239
14841,68.56406336753146,69.96529733567063,69.41081950444514,68.9227429847711,68.602695450299,69.09312372854347
14943,52.27282487545221,52.69892976026578,52.58290784757408,52.80357583032078,52.59347097195034,52.59034185711264
14953,53.24145264698682,53.65421511664974,54.053936354962225,53.82503889943959,53.97616022802939,53.750160649213555
14983,55.85671952068947,55.95937770059087,57.30622564840253,56.09566728424797,55.35935464257153,56.115468959300486
15056,53.035553576808276,52.3650062407546,52.63849488428399,53.10532055956169,53.0759301935037,52.844061090982464
15140,52.268694893991004,52.37532692188509,52.0719038314177,52.47983943071408,52.45866094081063,52.33088520376371
15182,54.02869161683284,54.64083793700435,55.48256024842037,54.59763819857574,54.57658279670404,54.66526215950746
15216,53.80512046579348,53.502226498724255,54.66690165479589,54.142440060621006,53.15451035543691,53.85423980707431
15271,53.41049473227153,53.45911861543239,53.15636825285593,52.905640326265704,52.911469834444,53.16861835225391
15283,54.84033869926265,54.14316522710696,54.583202052331366,54.916294490354915,54.17963921232073,54.53252793627532
15303,52.55849718702253,52.56750503650463,52.42455884904794,52.592267212271906,52.645521985667344,52.55767005410287
15305,53.79405084182561,54.71088701354044,55.385495808882304,54.5540980101548,54.651535914602924,54.619213517801214
15332,59.54541114004822,60.188280873539156,59.69729048979806,60.277993265947686,60.63520285659845,60.06883572518632
15399,52.483726708952304,52.770967709033435,51.995732888885975,52.55336095817545,52.112363759439546,52.38323040489735
15463,55.45842051621922,56.09009386342427,55.97220505531925,56.03755479281287,54.38995541284289,55.58964592812371
15470,54.153923438010715,54.74317579889945,54.618698879543516,54.31576516468767,54.36660136018693,54.43963292826565
15535,53.46746560733532,53.16962399823251,53.021227805406056,53.31583600926716,52.4073148410504,53.076293652258286
15542,55.33612931936301,55.75438569697042,55.59894522525522,55.10171631078216,55.117811388450384,55.38179758816424
15557,52.9566704590056,53.06685128781683,53.029488528648706,53.11513506091452,52.93233754948298,53.02009657717373
15584,55.81947690992577,55.09379006170988,55.71472305943699,55.81924304307961,54.90474877290466,55.470396369411375
15608,55.578629110943886,55.578795829525916,55.75415460504977,55.46033763825657,55.50973574701063,55.57633058615735
15609,57.63914744290959,55.91907204962486,55.48644332202782,56.116387805216185,55.926137904523074,56.2174377048603
15641,61.04403374341276,61.47247391903499,61.35628467670377,60.43484370253801,62.10097268294318,61.28172174492654
15658,52.32931775441829,52.75635987985965,52.39655412531149,52.478863390877,52.330295795603064,52.4582781892139
15668,52.69637768173821,52.7833891146732,52.64218788863162,52.66881799637436,52.95176549241107,52.74850763476569
15885,53.184279880744796,52.98316683930112,52.38389343707493,52.736582257123544,52.9068692500041,52.8389583328497
15904,53.124786132647195,53.321689732934594,52.90046288310898,53.23453804641833,52.72105697716684,53.06050675445518
15917,53.11786366388543,53.4063321551896,52.888947368837684,53.2876396986384,53.10397375899189,53.160951329108606
15922,54.38511887382999,54.334369979888706,54.15396409766263,54.154359711270395,54.50711040733157,54.306984613996654
15978,53.361878643528314,53.98556968098909,54.18612539895221,54.294714314039005,54.82386799255777,54.13043120601327
15996,58.70127156693404,57.48654142581068,59.81660610639998,59.20613576213337,59.074687577269735,58.85704848770956
16099,54.027506172745866,53.397279540377,52.76839004684478,53.99945217710445,53.22517930536219,53.48356144848685
16116,52.90275558028612,52.749418232568026,52.88293031639161,53.372334979579215,51.99919562894847,52.78132694755469
16123,53.417170307576676,52.90922101266504,52.90558655459577,52.60766833067153,53.56405152579529,53.08073954626086
16252,53.57833211408449,53.45498562857264,53.65338779046689,53.244712138750664,52.784857407552536,53.34325501588544
16327,52.343671271494394,52.441325040606934,51.897822416104795,52.30662357010122,52.195517627649714,52.23699198519141
16384,53.521477124869804,53.353106604017036,53.18822353551872,53.06803768108995,53.719658501383556,53.37010068937582
16403,52.727947957954946,52.62323738658907,52.840470783597205,52.7411388292068,53.22137312677494,52.83083361682459
16507,54.16071544910063,54.450655234440255,54.08851898801467,54.44843127419612,54.355035518540824,54.300671292858496
16524,52.991556081612146,52.977301320967904,52.28459073651919,53.0173908472202,52.92795657856137,52.83975911297616
16530,53.38129636244664,53.6152508562106,52.98792563726616,53.919319849581285,52.42419665995144,53.265597873091224
17328,53.00921944352144,54.24650630692612,54.249391730231935,54.18761762084726,54.12733094943755,53.96401321019287
17330,56.94133721007385,57.31227191285522,56.7545553399849,56.80780672777626,55.20538089217544,56.60427041657314
17347,52.143358289281636,52.64834306559412,52.836794380275464,52.48539707020499,52.53320548482024,52.52941965803528
17355,55.54010563593618,55.67116200550015,56.10205207429932,55.52155896285481,55.58783978117619,55.68454369195333
17359,54.95014885984463,55.86888065799547,55.74720087547697,56.03689378303492,54.96133776515923,55.51289238830225
17397,52.541956544114825,52.28797921998954,52.35600896922186,52.231117945960044,52.553430942784566,52.394098724414164
17402,54.43139219864241,54.09967120008863,53.981161152832996,53.59225117522243,54.04304566543556,54.029504278444406
17413,52.656754173175145,52.721445910515286,52.561099973650904,52.21971767084363,52.28047324286012,52.487898194209016
17466,62.81233452410693,61.99388654428076,62.58491474607568,61.88789390206393,58.180877521766924,61.49198144765885
17675,54.48975397199117,55.134459379002905,55.76573099136445,54.852824304209214,54.56154089065037,54.96086190744362
17686,56.245209793735945,56.31876840773567,56.007238856106405,56.88245338843657,56.22031341651455,56.33479677250583
17687,54.97086728068465,55.369312739941705,54.94607359219469,55.28050553526098,55.49284409894911,55.211920649406224
17720,55.69455651507175,55.480306342279874,55.92752599902707,55.88883545658286,54.473221182446146,55.49288909908154
17737,53.56362275895278,53.34066706140592,53.84025358952353,53.09552116812488,52.508997504986525,53.26981241659873
17910,60.57444680635,61.20530949303549,60.313046497819784,60.462569130515206,61.28128644955905,60.76733167545591
18012,54.276423231068705,54.44325868853186,53.9930108417367,54.65711680031627,53.21862740297427,54.11768739292555
18039,52.37677652964084,52.256168851781666,52.1363884881014,52.55148249350727,52.5455649321086,52.37327625902795
18068,52.56511300997196,52.50094370410294,52.391310379118686,52.26966814145699,52.33976934774904,52.41336091647993
18096,53.76955907689624,53.78283305949151,53.78468674222745,53.46343127581961,53.5399566323352,53.66809335735401
18206,53.62525945968304,53.55861646650983,53.23841782581459,53.220394492248936,53.187009486351,53.36593954612149
18224,53.42695703536424,53.18995061010154,53.85536583769544,53.39039617288251,53.45016938869939,53.46256780894862
18256,53.320980896487995,53.207880268878775,53.81896155362637,53.28352803573946,53.26537949975476,53.37934605089747
18284,56.372694472703806,55.82054249456169,54.9591660770493,55.1173923652931,57.38253566651551,55.93046621522469
18291,60.17326877759535,59.36202151861355,57.51557460492402,59.529737210129284,60.66831879016967,59.44978418028637
19108,53.60492980234412,53.486044768182474,53.46761605055603,53.811956986644304,54.13350656859476,53.700810835264335
19147,53.14218638839073,52.85477882301859,53.30353482847966,53.05091094232381,53.087081503465804,53.08769849713572
19157,54.75041315986986,54.64266825756985,55.727780317024255,55.09871136189824,54.930498470711015,55.03001431341464
19271,54.6641728397316,54.20772364818967,55.07127295297101,54.94377074790577,54.93527348406275,54.764442734572164
19350,56.852543336867576,57.91764248899909,58.6728436473566,57.0703435020481,55.46972312472335,57.196619219998944
19353,55.24571947689444,56.63667364173146,55.689383003283304,54.98591774740505,55.31785502487241,55.57510977883733
19364,55.430991674946036,55.92229370971334,55.261262955229974,55.70416046499888,54.93733863280215,55.45120948753807
19366,56.141621280042344,55.462166670702594,55.84138897217944,56.263704162311306,54.646553121529564,55.67108684135305
19424,53.81066429295288,53.49566802355025,53.78340697060806,53.32834307872426,53.631439516714934,53.60990437651007
19707,54.356036762377016,54.95815048905512,55.26196148763705,54.5357717135225,54.8604667973968,54.7944774499977
19714,55.0981781152633,56.43200784960155,55.62310790045007,57.28668597453386,55.738718373972205,56.0357396427642
19747,54.39757367774684,53.507718316255,54.01248930468918,53.810986813433786,53.66046405317698,53.877846433060355
19761,54.712418747174496,53.50696397011589,54.61270632573802,54.81907299349436,54.61682777533333,54.45359796237123
19811,56.060644785052176,56.00162959654356,56.553395807664344,56.565920216862786,55.93417222766101,56.22315252675678
19931,53.12332733986354,53.3525804645432,53.297125357971815,53.14374804230187,52.80407058553899,53.14417035804388
19938,53.46809584665342,53.089893589169,53.70531808734605,53.10145947249701,53.220663991931595,53.317086197519416
19957,59.22777278100968,58.24932307956528,59.77736015340394,59.35183879395606,58.16218005773813,58.953694973134624
20007,52.58513504615566,52.93523214967014,52.62678929591157,53.243104760755834,52.7159804211676,52.82124833473216
20038,52.314965881202475,52.48526753811253,51.96349514104075,52.296894213087235,52.338555080928174,52.279835570874226
20088,53.098841121079616,52.92027669896804,52.60576915943407,53.06923661635547,52.50973041700311,52.840770802568066
20089,53.31248838131586,53.3617375667161,52.8737411803473,53.26767395243805,53.339389813328374,53.23100617882913
20115,53.58993746223927,53.14398128515795,53.67146779674008,53.277911373162844,52.94570334703849,53.32580025286772
20319,52.925538665599056,52.82704745409006,53.354084879336455,53.22627731136477,53.06510230706746,53.079610123491555
20374,52.937520441818414,53.3197986717231,52.58395918251488,52.89299327741644,52.977181725925035,52.942290659879575
20376,62.53104119805533,61.170343473568,61.017052479182006,60.5637478083538,62.676957880843986,61.59182856800062
20402,52.3345138485984,52.892543762686095,52.450867379442016,52.79416858966688,52.46283177186353,52.586985070451384
20422,64.02097451103045,61.99459885883806,63.11243055427391,62.980286282748295,62.06108588550091,62.83387521847832
20426,52.80951529787627,52.75937330307206,53.33972010588271,53.0659947933855,52.92636755971524,52.98019421198636
20473,54.21176926885177,54.173927888984245,52.70072979301019,54.232893541231846,54.53165544382225,53.97019518718006
20499,53.321900643228425,53.3245884683118,53.46776497420393,53.22229538936388,52.80273557540327,53.22785701010226
20505,52.07401580248435,52.21141775595162,52.12480145985358,52.38755008211682,52.278178540979326,52.21519272827713
20539,53.08020512303396,52.73510151990854,53.428346609764304,53.13605721362017,53.0564831547277,53.087238724210934
20699,53.12925122494743,53.199190840532,53.310483124955525,53.764293758091206,53.76115523047239,53.432874835799716
20701,53.467028824244906,53.60856206563411,53.82219212644804,53.365804096557916,53.66908988026447,53.58653539862989
20712,53.92583511055292,52.78707673246546,52.672394886089414,53.07611194168386,53.571449879616125,53.20657371008156
20741,53.326740078787175,53.70092520946673,52.28729406235366,53.268081147768065,53.222673204131986,53.16114274050152
20822,53.8823916356453,53.761858013679024,52.931511600680416,53.59857963041409,54.3528553653171,53.70543924914718
20857,55.21697399109757,54.82064378572776,56.80915913184781,54.75866535255094,55.94668949689972,55.51042635162476
20892,54.48989666948757,54.83756688196261,54.518512784859496,56.17120069278443,53.85183015058119,54.773801435935056
20963,53.801007465732894,54.506523911077096,54.21208231082928,54.364991178610936,54.30659913808765,54.23824080086756
20970,53.682971886303996,53.68477789906221,53.77774807105174,53.258812041428065,53.49497388674201,53.57985675691761
20980,52.655985260470935,52.524164295971325,52.579755723521295,52.59267925412576,52.57950265561223,52.586417437940305
21004,53.316964133303856,53.1721659067099,53.81166116237979,52.764536905307274,53.042854846654016,53.22163659087097
21017,55.329120666493964,55.522648902792305,56.72574366035283,56.196052868329744,54.64441417288466,55.6835960541707
21153,52.71743379379086,52.592794819348725,52.13313320924326,52.8123706301592,52.97832926280729,52.64681234306987
21166,53.59441850355841,52.8640002717789,53.39568362972622,53.38764643941332,53.02126559112903,53.25260288712118
21284,55.69840090519595,55.69101192440045,55.77825994550068,56.00744877196195,56.0269011787074,55.840404545153284
21317,52.888946496376775,53.11879248578472,52.44925017671362,52.89146320648005,52.86520814292135,52.842732101655294
21346,56.704654334218496,56.3354718891512,57.52333741949215,56.70051938867807,55.46020190202378,56.544836986712745
21458,53.07629985228028,52.99074540362228,52.73812481986414,52.97848915623246,53.01289589298465,52.95931102499676
21544,53.53206559992518,54.302713180642016,53.507788000257946,53.74137006423195,53.56106956609895,53.72900128223121
21546,53.19008207176686,52.86665591047153,53.70189753315212,54.011541591866425,53.36991464117812,53.42801834968701
21571,53.36221168438113,53.39488399795006,53.41106773594555,53.280442185270196,53.19513082972965,53.32874728665532
21588,53.583525802576716,53.35904747701484,53.424227236012236,53.35075104783356,53.12809398308019,53.3691291093035
21652,53.4223839932132,53.410548982201924,53.92701696335763,53.36733543611545,53.80518332562313,53.58649374010226
21730,58.57910319049661,59.225715494285,58.33776746393529,57.37907399924832,59.50552009912459,58.60543604941796
21874,67.8055158191894,67.7197124709265,68.35543357749394,67.98911987808822,66.92725294205233,67.75940693755008
21887,55.190584240566224,54.80727489944368,54.9251657046225,55.62000886664956,54.81517005319366,55.07164075289512
21892,52.11914451991405,52.00792685385661,51.86358993890476,52.22744149691904,52.343272323638914,52.112275026646685
21919,55.62587747502667,55.70340127623263,56.61047134942274,55.726559684365206,55.5151885483256,55.83629966667456
21947,55.60636917011834,56.51328930031259,56.11656029784959,56.54667944903951,57.01285248861865,56.35915014118774
21950,55.0576558442191,55.20603674551603,54.452985220145656,55.52306007130457,54.52702606083431,54.95335278840393
22042,53.74728401023649,53.78817326463859,53.81606857750301,53.66753372038909,54.02704939722409,53.809221793998255
22383,57.26240252050383,56.91964836857322,57.65301565996432,57.10361137185194,55.46070413522151,56.87987641122296
22491,55.53214833318894,56.474939876866415,56.64312335269222,56.30531473313337,55.53230610664632,56.09756648050545
22514,54.21327402973108,53.93692759431119,54.618410510899636,54.11546300178135,54.59997005229415,54.296809037803484
22598,53.88709247942211,52.67873475425694,52.09364601110524,52.275573834991114,53.02535117172901,52.79207965030089
22623,53.76380151959876,54.446248883260274,54.26432043622786,54.03999730692762,53.773091840967,54.0574919973963
22711,57.3048414637949,58.09478562509939,57.15515633384,57.18035136906115,57.887359226706444,57.524498803700375
22749,53.214487256617744,53.12654969789355,52.71702351221339,53.274979400980875,53.23268328784939,53.113144631110984
22757,53.411680396981936,52.410327761480765,52.74352362427824,52.724545009115104,52.636160292535784,52.78524741687837
22775,52.75348044227801,52.68203219589838,51.710402306724944,52.666300129590354,52.53679259909962,52.46980153471826
22795,52.83622769859418,53.09646849020722,52.07266122673262,52.77805192760014,52.93747148410501,52.74417616544783
22848,55.49115492483593,54.78791715819467,55.402537334569416,54.872840695539956,54.701085478148386,55.051107118257676
22934,52.96826573852328,53.237190193969425,52.860865361042585,53.33754962148562,52.60132824276471,53.001039831557115
22948,52.5071706873166,52.274321235618075,52.36448760618952,52.77873048603362,52.519029926941776,52.48874798841992
23007,53.28711799430281,53.42235635368998,53.25114931795096,52.788159796709785,53.42241940714339,53.23424057395938
23058,53.18253850065433,53.27041406194514,54.13152403620371,53.5131582641226,53.35503623397464,53.49053421938008
23063,52.32854031409525,52.34733827408319,52.36730392522531,52.580752819820574,52.25131909133617,52.37505088491209
23118,54.07553972838901,54.38281839116765,54.97472030171851,54.4025963013505,54.47786457432411,54.46270785938996
23119,55.574101613187516,56.10790338353959,56.85106766953827,56.35787048936456,53.828901365714735,55.74396890426893
23121,58.46336760103002,58.99431227208555,58.451543536029526,58.85662598922779,57.90438072654741,58.53404602498406
23160,53.768726983197645,54.559384501298645,55.13665255402876,55.272154577743635,54.29260378657516,54.60590448056877
23163,53.06386246142914,53.293592585231906,53.1709661239389,53.44995425681491,52.726646836014815,53.141004452685934
23189,53.59685464758809,53.55798644343757,54.000653411635156,53.09090191239857,53.36101954915436,53.52148319284275
23198,53.664814207287336,53.96851862914646,53.4641614218869,53.28601682115175,53.32681975455749,53.54206616680599
23202,52.55606703712772,52.738995900953896,52.82810267419164,52.77560242525038,52.58445690115311,52.696644987735354
23207,59.52798280587998,60.05480135708,62.510018674745695,61.21892210260895,62.043335207825805,61.07101202962808
23229,51.89674290042027,52.31473715510837,52.03265604753625,52.2660853886832,51.92989898754256,52.088024095858124
23232,53.087827479625446,53.14305547357712,53.37875412938489,53.31947322159905,52.684467133680904,53.12271548757349
23236,52.969687050121046,53.01636697525148,52.33104304383755,52.63471134704041,52.70869541216021,52.73210076568214
23248,52.70429085437426,53.231397763744624,53.191965276048286,53.367030634972714,53.112651665773754,53.121467238982724
23269,53.0935827886175,52.96905843231937,53.31964313708415,52.760777072021384,52.589557708107044,52.94652382762989
23291,54.080340707687014,54.047665460824284,53.48002915153333,54.1093255012662,53.841049793729994,53.91168212300816
23295,52.637974574033066,52.86138635227813,52.306565173901966,52.58812824126415,52.491823367825134,52.57717554186049
23334,51.874924556146254,52.22547162734437,51.93581359143185,51.838200909592935,52.36679449998454,52.048241036899995
23338,53.59761987296949,54.023672264887644,54.12759629135199,53.698892839187984,53.82539048738166,53.854634351155745
23357,58.03481085214774,57.73501716530016,57.51601231560078,56.96185190025632,56.92307040549449,57.434152527759906
23359,53.31764453572777,52.8008913175799,52.91235475947366,52.604911563471624,52.87711036595739,52.90258250844207
23386,52.81220839577906,52.198413463621094,52.728663540930114,52.55987589207138,52.64356457064085,52.5885451726085
23421,52.89882579469255,53.03733011490259,53.60815791291361,53.40517087275213,53.52296967056322,53.29449087316482
23566,56.45146673566317,56.0800519358105,56.858244842753756,56.72783350877645,55.74974302941126,56.37346801048302
23598,55.12201654257329,54.82325258819072,55.698072820007056,54.77472473021736,55.25254242218545,55.134121820634775
23638,55.05833586294551,54.6764614275005,54.56075879565137,55.69105026698484,54.81810487008937,54.96094224463432
23655,54.70177307132161,54.58980511396471,54.20216927114594,54.24283271733824,54.255994051735286,54.39851484510116
23697,53.63171254759968,53.65712721957861,53.49795483659323,53.30273357522694,53.43265727477245,53.50443709075419
23721,53.81085377880467,53.42002302643972,53.627111333750264,53.5286898408852,53.343505583913846,53.546036712758735
23747,53.16854828670706,52.824564873162885,53.35666847972777,52.83897532829518,53.03978595473179,53.04570858452494
23786,56.37219864981024,55.62785811529768,56.03836646394293,55.53757963903191,54.00175463989313,55.515551501595176
23790,53.841391973141796,53.677200748828646,54.284697997569744,53.86456683331155,53.37754624859691,53.809080760289724
23802,54.02577216091369,53.43777335744448,53.87670585769815,53.46539086503475,53.55861190065048,53.6728508283483
23803,53.40939239185837,53.53511063774185,53.5783341815808,53.39210207498102,53.87940719398664,53.55886929602973
23908,52.813884580028514,53.19130367490663,53.09264204479995,53.032638891271375,52.76614580333443,52.97932299886818
23920,52.72658503754236,52.73791522219345,51.648284153216004,52.746351561779754,52.9057256400954,52.55297232296539
23967,52.6185555656436,52.76030250237167,52.88266271900974,52.98061756229202,53.10648980178218,52.86972563021984
24047,53.538035042475244,53.794648260477516,54.081969619504896,53.787965989126384,53.60724955490219,53.76197369329725
24052,54.255021239119436,54.809419862157476,53.73674420289197,54.062707935017166,54.255238086229525,54.223826265083105
24076,52.42677836271532,52.67101838748793,53.07021927459066,53.03701433526879,52.27174032124764,52.695354136262075
24081,53.16756425657974,53.0929450636614,53.05696456157637,53.15766586007582,52.88165761649924,53.07135947167851
24096,54.26100091137826,54.988279397087126,54.6658111430222,53.77833203237711,54.41916573141161,54.42251784305525
24115,56.564216175860096,56.1804380587499,54.82875233717524,55.86413154124009,53.97165284256283,55.48183819111763
24143,56.68914575474944,58.462950818532846,57.543507933675315,56.14411774090586,55.680001366112016,56.903944722795096
24147,52.340357400779816,52.838838213071654,52.24100652589126,52.56804882571438,52.34035559896272,52.465721312883964
24185,56.60924714158508,56.342317386916086,57.5878179074696,56.808904127824064,54.50696016955377,56.37104934666972
24204,53.20549928658333,53.46058148409786,52.982601300919065,56.28276369890003,53.11551143626732,53.809391441353526
24213,53.1450404225951,53.47557811778,54.27916337417193,53.75808739341836,53.61172389507258,53.65391864060759
24303,64.83456926041512,61.726522715157245,62.61335711851321,63.21730571762589,63.49481718530693,63.17731439940368
24459,52.96132907423428,53.22555180797237,52.67323252417229,52.98978150678497,52.75299224252616,52.92057743113802
24495,52.42201853391842,52.33972551386121,52.62396091831931,52.15123509934082,52.20590024539016,52.34856806216599
24528,51.993329209077594,52.03286296564798,51.72886094880448,52.15842725022123,51.90652813799135,51.964001702348526
24569,58.53229302973457,58.24302434014054,54.36755093349129,57.8441409068843,57.015243870875054,57.200450616225154
24662,53.27413338544055,53.03736034693618,53.334898984414984,52.99458178099721,52.805162542478016,53.08922740805339
24666,53.88779996963467,53.75861915830272,53.9506961500913,53.70270340214778,53.457523278259224,53.75146839168714
24679,53.48685283238561,53.245852153864,51.65838187411436,52.299943918897156,53.33476283230799,52.80515872231382
24683,53.4175173098457,53.65437807807962,52.41788972926663,53.884247173901414,53.23272489363882,53.32135143694644
24717,53.11371949550281,52.97312155953687,52.58527892395959,52.95240599682736,53.14335626523288,52.953576448211905
24725,52.43364518896443,52.02082191756126,52.24230424207082,52.31629143220468,52.37688307107907,52.27798917037605
24760,55.750819267490954,55.771310476872564,57.15808417773634,54.917653477584444,55.633281579409456,55.84622979581876
24835,53.15090217619517,53.63485805085087,52.94279314934728,53.32219910829046,53.34393597241062,53.27893769141889
24848,52.12291176683124,52.41219702837006,51.77226058039172,52.157288899160505,52.21058664913251,52.135048984777214
24865,54.14222208581081,54.90131737131486,54.20159765215596,54.894038315732054,54.17621793150808,54.463078671304345
24951,53.26101261685109,53.15034076569547,53.44157796455775,53.08229247177448,53.32179758373692,53.25140428052314
24952,52.0547415781839,51.82312792773237,51.6461126262837,52.03822138284569,52.03810424175379,51.92006155135989
24955,53.95150414999556,53.32997377794707,53.32195938839584,53.34689717896664,53.92455385531699,53.57497767012442
24983,53.531043400872846,54.0864974725046,53.66315131560957,53.83635361607286,53.390364468291736,53.70148205467033
25039,54.28253344805362,53.964593725102496,54.67534822729931,54.278979585167875,54.00259306632813,54.240809610390286
25049,54.03512757194969,54.18607807342667,54.46498740461275,53.95251807332104,52.76493215807348,53.88072865627672
25097,54.26722660988101,53.85353930102052,55.07499336341322,54.20701502211694,54.524639800506485,54.38548281938763
25151,53.45738115837801,52.94596697732538,53.54712506597723,53.274419729018554,53.29789193697048,53.304556973533934
25152,54.00252433588136,54.503362073666146,54.78066228586112,54.52415790086706,54.5842306661808,54.478987452491296
25162,59.38995250798456,60.00647636162901,59.71344942146309,58.995824959130125,60.08839011747693,59.63881867353674
25208,55.25971525533011,55.03605529965934,55.36877143349062,54.93296370652421,54.9272730232662,55.1049557436541
25227,58.823106700363084,57.85055875071221,59.13317391182643,58.744128571092745,58.53631061666716,58.61745571013232
25235,53.88503652603903,53.64044489507849,53.739706129906956,53.37251087654475,53.76147645784742,53.67983497708333
25246,54.30782959118752,54.365922742531694,55.11187378061965,54.744034396681094,54.81430268544768,54.66879263929353
25258,52.32820155610128,52.405917879585495,52.23855132396308,52.076306554573,51.95455195136003,52.200705853116574
25316,52.83976893480368,52.81567391128069,52.176218789394916,52.623105840369256,52.75311309196217,52.641576113562145
25321,52.462491228254386,52.52781006837542,52.872332307590575,52.875853372154346,52.550528544461756,52.65780310416729
25374,54.28629561128009,53.063841320651726,52.036759405220906,53.06547072255777,53.32228152531335,53.15492971700477
25389,54.35900470022581,54.196222420715394,54.19883856213233,54.39259164576458,54.26822532470539,54.282976530708694
25398,52.989219964282995,53.154908682437906,53.0014647410436,53.1890761546672,53.104813288662875,53.08789656621891
25431,63.52422876977287,61.592583511657196,57.03069136106453,59.89545568543167,61.821767930074685,60.77294545160019
25457,52.89047791389429,52.76677475082878,52.91577019272119,52.61678944853283,52.901468702818185,52.81825620175906
25485,53.713250965199116,54.437600614607085,52.76724322160984,53.28862953831676,53.756548758859765,53.592654619718516
25516,53.17449521773471,53.38279789136304,53.04944251042503,53.372657525939765,53.42855850117903,53.28159032932831
25519,53.07685007437072,53.36475738428929,53.52266048562036,53.375186970811775,52.259554515489015,53.11980188611623
25547,53.64849457089729,53.680983260143535,54.00726404461303,53.74753530891692,53.533570019405566,53.723569440795266
25644,54.702809148388646,55.032834836669856,55.44293749078967,54.808563470301856,54.64313060944923,54.92605511111985
25654,54.13746860505697,54.98468756113047,53.72488849879652,54.40205930835763,54.02500705781506,54.254822206231324
25682,54.66259038819568,55.14437824319916,54.338112009005386,54.851241183198205,54.31033134329478,54.66133063337865
25683,52.14145389263817,52.14555463562501,51.99878463826869,51.83206951370668,52.163733185581336,52.05631917316398
25699,53.62032497974547,53.39998272989257,53.41604047400355,53.6095156425587,53.1290757078809,53.43498790681624
25754,52.23337016903661,52.118766465362384,51.877632072726875,52.15235258826746,52.647978010318035,52.20601986114227
25757,56.070022727198015,55.83839369479282,55.4138534821336,56.21542628452558,56.10204316263014,55.92794787025603
25801,53.25740466060624,53.51781432890116,54.11479942883337,53.434051503896605,53.30933655951372,53.52668129635022
25822,52.76655446672333,53.06327617551611,53.311781398557265,53.578464258878284,52.7895199549108,53.10191925091716
25828,52.70956220068507,53.170938933850124,52.72391459345281,53.04718437165587,53.24692192266694,52.97970440446217
25860,52.49917377081028,52.17229131898279,52.04753201925313,52.49052966356558,52.753156893237296,52.39253673316981
25871,53.251895827817656,53.031186315518006,52.49421659386389,53.34621800854346,52.8541403518424,52.99553141951708
25894,54.05610782693948,54.05825179959197,52.918001869291004,53.64830269167817,53.385339183016754,53.613200674103474
25902,54.21847619218703,53.597297727504895,54.57816371340379,54.48921420953846,54.03093624770807,54.182817618068455
26070,54.56811468248582,54.25153193245669,54.26454580051351,54.77876479408621,54.687264950536985,54.510044432015846
26138,52.1680132174256,51.99824952467867,51.89919087352286,52.29612827554813,51.81625113118193,52.035566604471434
26220,54.412654499777666,53.63896794661131,54.887690560332885,54.29405444116197,53.9538263490529,54.23743875938735
26239,52.62412762172113,52.40071969657923,52.2361918833491,52.15420924837508,52.41457533206787,52.36596475641848
26255,53.68540638904485,53.59728359691681,53.76853145931312,53.65490120653607,53.51719809114993,53.644664148592156
26282,53.31190527508083,53.12347277208541,52.93669242050683,52.90594448572979,53.44831410459496,53.145265811599565
26291,53.15046432082038,54.038897258161214,54.4687769380194,53.82048221295091,53.70628690409882,53.83698152681014
26297,52.53763886345702,52.433933882603235,52.52919517517024,52.63320843564424,52.40280455927581,52.5073561832301
26314,53.41067384285002,53.07212231077758,52.967274406992786,53.00920182006897,53.26626940751212,53.14510835764029
26320,52.93942038516089,52.71843011316601,53.01349714447743,52.64219294268417,52.22965295748808,52.70863870859532
26353,54.101082786297944,53.53628888548423,53.38532707393572,53.592693729626504,53.39496136246982,53.602070767562836
26392,52.16934829151784,53.362974158340556,52.1392042053451,53.051692385096956,52.96029116705033,52.73670204147017
26419,60.005131854373566,58.98319034011571,58.19983900233985,59.14803399938528,59.80457300482937,59.22815364020876
26464,54.940942048717915,55.45403339811891,53.72831099284755,54.6260790132902,55.0684160782245,54.763556306239806
26490,54.2476128503869,54.706856405898165,54.95813703487047,54.56410908952786,54.90093890852712,54.675530857842105
26511,53.039289550714386,53.18051118981264,52.98940791017011,53.06621293278821,53.16120535932126,53.08732538856132
26516,53.76865180136719,53.514845853127,53.70424948061584,53.06831409133825,53.52895187666468,53.5170026206226
26521,56.07303835604808,56.07776131374871,55.109873164245364,56.31333105750476,55.97335768535291,55.90947231537996
26533,54.47620837990755,53.91342789283937,54.23900418936165,53.91480953406597,54.43203670216303,54.19509733966752
26544,53.56608484159436,53.411754870095365,53.331908995155196,53.1891353222361,53.48724463780043,53.39722573337629
26626,52.99377375903152,53.23872236116004,53.51627973435615,53.24857260004622,53.75244555355868,53.34995880163052
26688,52.29057117054511,52.37407557874876,52.72410801018984,52.48141051604413,52.36448082142541,52.44692921939064
26694,52.12899666493131,52.23012259380251,51.60423119522975,52.19303256701934,51.834805892286155,51.99823778265382
26712,54.39840892812356,54.20988599541506,54.49018318265679,53.875559176537344,53.965532127794695,54.18791388210549
26722,54.556673527532645,55.411645210495784,55.02803575307424,54.87593627625056,55.59054674996337,55.092567503463314
26725,57.697008006074014,57.70930361112688,57.930522767013535,57.87995177141599,56.181240391068606,57.47960530933981
26810,54.13396146704049,53.8589293367814,53.62628199065219,53.79806291166867,54.40246132717347,53.96393940666324
26841,52.5463167715419,52.99614369994829,52.68381144587302,53.11324486022816,52.817450354451665,52.8313934264086
26891,54.62640168744154,54.16769233205282,54.726755942829385,54.74435293771561,54.978105432867665,54.648661666581404
27046,53.98329596598629,53.98359336069807,53.91970454531778,54.11226633375133,53.992681886087,53.9983084183681
27087,53.2150867925837,53.590659650360756,53.61118588629814,54.02360631557592,53.977247278478806,53.683557184659456
27094,53.56716478094477,53.414201339693726,53.76939830740408,53.53253049853004,53.28359125682855,53.51337723668023
27124,62.51536513854622,62.79294585026413,61.53298796474685,63.16405943144306,59.389050862515106,61.87888184950308
27150,53.50837867309644,53.270947878437866,53.36684155201686,53.058419252874614,53.063300686972525,53.25357760867966
27169,54.174942787060445,54.56341242138582,55.29358937391988,55.25202086389565,54.183520649885764,54.69349721922951
27182,54.45462053254791,55.237186729161955,53.934445269321394,55.885425842666415,54.35674455410774,54.77368458556109
27248,67.91957387748695,68.18212874493696,68.4293121413874,68.11407347271867,69.5676969283602,68.44255703297804
27255,54.18855312961774,54.38156244652974,54.98457894006886,54.90917474490393,55.07440069261547,54.70765399074715
27425,52.14977994300041,52.149046004131975,52.050501334035374,52.013312154849366,52.148160407981536,52.10215996879973
27456,55.244893847829275,55.38459318907234,55.330767951396794,55.21066874613485,54.640817316664865,55.162348210219626
27470,53.24559335034457,52.827982256037934,52.54672644656949,52.941980612710616,53.160689534292956,52.944594439991114
27522,52.06638182972162,52.278904059604784,52.386480878945235,52.27878682486966,51.935325496972844,52.18917581802283
27563,54.671705771126376,54.891238781882265,54.66736317755273,54.86162855609059,54.347558671453015,54.687898991621
27588,54.850204273352965,54.686604489803415,54.42877457318363,54.063504401286565,54.54485306082607,54.51478815969053
27664,53.61083166930967,53.32623200767903,53.95927021193101,54.32802514702635,54.143414434717876,53.87355469413279
27668,52.87435668290575,52.63873036692658,52.78060032982423,52.85408112133311,52.28568755120699,52.686691210439335
27679,53.447404309875836,53.190577974597915,53.198844126435134,52.74493987574214,53.355020766869444,53.18735741070409
27686,52.494640683784,52.55854492532532,52.73220624953286,52.34531100819865,52.58451332290171,52.54304323794851
27711,57.09628829985683,55.86619114901677,58.078744120909455,55.97199198501603,57.47159428941537,56.89696196884289
27752,53.978948612595865,54.09805988206863,53.968618269389296,53.32570184112256,53.66816110583825,53.80789794220292
27754,53.408877614718456,53.0162501689913,53.67583599786065,52.83343349070964,52.86913149276854,53.16070575300972
27792,54.47135289039247,53.187810715883636,53.32179770825803,53.13824947619605,53.64028841928276,53.55189984200259
27965,53.604744760824644,53.77612758951349,53.316612147635,53.46506700541747,53.39513018756226,53.51153633819057
27972,52.77167616858889,52.91457046395346,52.39307570945839,52.90778964103918,52.87971947933271,52.773366292474535
27978,53.972889228610846,53.661048518660046,53.70786766271141,54.278594736849534,53.51013285454601,53.826106600275565
28007,58.269922495003684,58.57708343680759,58.79049349083891,58.65773828393689,58.76739489409939,58.612526520137294
28012,53.63062446695962,53.14122875752659,53.13638092798075,52.786303229394356,53.20112222828217,53.179131922028695
28022,52.73285986632757,53.5525626153329,54.10716615476911,54.49964984994638,53.48444919313965,53.675337535903125
28029,54.37290514500524,54.81475430438205,53.49239642296071,54.346587600339085,53.890075708333804,54.18334383620419
28162,52.61810150470982,52.575619110537396,52.5468819607119,53.17642007159087,52.77601292110679,52.73860711373135
28179,58.4421859778513,56.67620990635956,57.12935095110349,58.787581365057434,55.558615262855135,57.31878869264538
28193,53.865892883084264,53.127147233879775,53.23179284967241,53.76194874400091,52.45226810922543,53.28780996397256
28199,54.99836741875466,55.942005109249365,53.26877976494727,55.41730511178633,55.0520380828759,54.93569909752271
28201,55.19156349365563,55.46249848348743,56.1300359755622,55.545752892416424,53.86394237715906,55.238758644456155
28248,54.794951737174664,53.95714763000174,54.97465381370015,54.606819865355966,54.04075632175755,54.47486587359801
28255,72.46184071658392,74.11748598375497,71.48576632219655,72.54087314739795,69.86642951342807,72.09447913667229
28289,52.62788960200823,52.437690576036516,52.83529998489349,52.45633106834523,52.31228106987162,52.533898460231015
28430,53.55777522395999,53.6167367396362,53.828972057756914,53.652526798687084,54.227951908370606,53.776792545682156
28455,53.256477256688626,53.690733061237395,54.565560245637926,52.84211230660412,53.22147791155724,53.51527215634506
28465,53.55877123297325,52.5485127572635,52.46454052591545,52.528259208203266,52.90749753966313,52.80151625280373
28496,53.21419117642456,53.207386831893636,53.29827925334006,52.6959750805857,53.17060737787145,53.11728794402309
28541,52.703175225368874,52.908751491060386,52.9424038293492,52.79633798085592,52.19125071921426,52.70838384916973
28574,52.7162017716206,52.32977740152042,52.61110397101274,52.1676782158034,52.65466651398719,52.49588557478886
28605,53.775582388205784,54.11087183727911,54.567620327712945,53.71910813442204,53.611075426380154,53.956851622800016
28765,53.40625268046516,53.46100186762836,53.842697600281355,53.21195243719747,53.18183797854412,53.420748512823295
28885,53.14556614263886,53.28290775597268,53.0957864075256,52.86593255265152,53.254874813067296,53.12901353437119
28893,52.83770931634597,52.42782253202587,52.514800862447316,52.433042863560246,52.41327992404143,52.52533109968417
28912,52.75899201822656,53.592177710769846,54.20344965416528,53.40698418268479,53.414635637692015,53.475247840707695
28973,51.924292839655116,52.60877995271648,52.01334200278819,52.40505524366149,52.37727636056073,52.2657492798764
28974,53.19850563413805,52.96413385330018,52.14324264310711,52.88092189700661,52.56255469555098,52.74987174462059
29004,53.29180234137689,52.95854573921533,53.67554457180424,53.40281423740073,53.463047331948104,53.35835084434907
29010,54.05470472633591,54.11550257740993,54.276823038008125,54.24655828080444,54.02665703277505,54.14404913106669
29021,52.45125892108071,52.25669394336791,52.66512946511937,52.3848646369225,52.44911734078101,52.441412861454296
29120,52.64842731981285,53.277190816561685,53.20945726751471,52.269011148418116,52.43920099792839,52.76865751004715
29149,62.73068998202036,62.16590959925149,63.36574262053344,63.198904612473754,61.63273638698516,62.618796640252846
29159,54.040197327237784,53.99163653817971,53.54069835785397,53.791498084435126,53.30567322546796,53.73394070663492
29169,54.630591549940206,54.0706633424337,54.641254464645066,54.466790030572746,53.654783985352594,54.292816674588856
29203,54.81947807607724,53.95807291304066,55.40439497091183,54.39114637266725,54.54341130980091,54.62330072849958
29209,55.02971954940569,53.93365065307548,53.83825060027521,53.89836010772151,54.20585179506121,54.18116654110783
29227,53.59226776485222,53.79483426367905,52.66245202237772,53.43182426638436,53.68144373473197,53.432564410405064
29249,53.35005920959341,53.32402053131613,53.55378440501522,53.55907160577631,52.68243958462943,53.29387506726611
29304,53.45759074337859,53.75126921190091,53.73988957670388,53.624796244807065,53.17856783772894,53.55042272290389
29376,54.683585437612145,54.66559689491726,55.22814025363689,55.68353437060637,54.497723034741185,54.95171599830277
29389,54.037409502097326,53.32463784734733,53.86214022871799,53.735038750977225,53.52565762384036,53.69697679059605
29449,52.50738228446392,52.36075612770605,52.31554090205663,52.28769437832977,52.335630546352796,52.36140084778183
29536,53.72768835494136,53.17887772595266,52.44802948416476,52.98621020872061,53.520153306603575,53.17219181607659
29549,53.23091373031982,53.40018548600006,53.74607197288456,54.54330928660903,54.37679896906465,53.85945588897562
29586,53.27268975416423,53.465811435482344,53.364001625955154,53.224813208089564,53.016987227098724,53.268860650158004
29600,54.279673860634574,54.67052357839547,55.137661567098775,56.89474194031467,56.50875436201133,55.49827106169096
29671,53.98465554839793,53.870873854584694,54.02350378630753,53.63458834777905,53.74758154273712,53.85224061596127
29720,55.735411574426315,55.95787333086628,55.93674034329594,55.86482145674682,55.95743060698591,55.89045546246425
29736,52.79406095507905,53.260540915570886,52.84309288501876,52.44400685359002,52.861988602367575,52.840738042325256
29773,55.172392057208526,55.09987275499432,55.63617300871421,55.258884879556454,57.20495967849139,55.67445647579299
29780,54.89274641775491,55.05297522906904,55.69002925539858,54.88370919858113,54.23961211776012,54.95181444371276
29781,55.38308426932749,56.13319868960199,56.143400742314995,55.397934828349925,56.21647288661535,55.854818283241954
29807,52.68203595100793,52.68417113963296,53.37198209661163,53.35258231485603,53.1732565605028,53.05280561252228
29815,53.34586964506364,53.33342529841634,52.58442021241451,52.644454848342114,53.068445388771366,52.9953230786016
29820,53.34343174588622,53.36090337638846,53.08878329530962,53.59622497826987,53.316253279001764,53.34111933497119
29825,57.65211650033657,57.2797591838274,57.41715153268949,57.37411421341993,56.73639494164593,57.29190727438387
29835,54.22788254790743,54.29296980057417,53.254364785453014,53.3674354333766,53.75438769085028,53.7794080516323
29880,55.10349192588839,55.01954531655585,54.76739713099142,55.336517278729126,54.32345925538067,54.9100821815091
29886,55.113765505846466,54.90555703198377,54.36221658191273,55.07500348081205,55.274694026096604,54.94624732533033
29931,55.0600342216098,55.417652157785774,54.80811152174204,54.92405369807351,55.24500490509469,55.090971300861156
29935,53.51480580180548,54.07035434157649,53.83534645249729,53.54299084859641,53.61074152543822,53.71484779398278
29973,54.57010323161862,54.468344236783004,54.74764300374421,54.66252303280272,54.89742483805418,54.66920766860054
29981,60.45513498449954,61.71286674923887,60.643086630834325,59.886731638007646,62.01084185179599,60.94173237087527
30005,54.220528135088166,54.01305407733455,53.683712799337556,54.279153693514615,53.290526473885436,53.89739503583206
30006,54.30504846953182,54.76628237493291,54.84215374981115,54.601000768519285,54.69574611314033,54.64204629518711
30052,54.86195521957773,54.96978436970143,53.799655815323305,54.62014464021351,54.71457760091358,54.59322352914592
30092,53.753378361753995,54.1787153821113,55.90359145689351,54.98102632263585,54.981140028035185,54.75957031028597
30126,54.38305552806391,54.55434240761904,54.3841001715067,54.09969426211949,54.613626289118436,54.406963731685515
30153,52.47816222170526,52.736902027964796,51.761706266972766,52.34776750862961,52.67361377993415,52.39963036104132
30170,53.380213165479894,53.792254975972455,52.845761155603164,53.21175805017362,53.14606634183597,53.27521073781302
30188,55.111263594174524,54.89345186246879,53.50369422022866,54.32874396141009,53.752579687216624,54.31794666509974
30197,53.974111057915735,53.79476743660305,54.603280376119926,53.42492300371511,54.01943898592606,53.96330417205597
30249,54.84154285810237,55.08021632129212,55.75564937021732,54.306986110276156,55.012180596670426,54.99931505131168
30271,52.844770278426864,52.59928250371695,52.78024164174049,52.58756371480703,52.60755162100467,52.6838819519392
30320,52.69787568809033,52.83433673775071,53.151494484150206,52.878954173019146,53.07619613538428,52.927771443678935
30324,52.94954907292017,52.75986578301786,53.28484043652503,53.39718872464906,52.60738295154911,52.99976539373224
30330,54.21706737382703,53.60513890638974,54.25715633216447,53.43262932201187,54.16744230475975,53.93588684783057
30367,54.11840950678751,54.1170102288764,54.06434237033897,53.6515255769199,54.452450079214024,54.08074755242736
30399,53.067581887262314,53.65163168285474,53.69147962737715,53.56078281247686,52.917884975837076,53.37787219716163
30448,52.70047939879877,52.354654012380806,52.740957816780465,52.16697236055776,52.454544069920544,52.48352153168768
30467,55.8924630926654,56.80030843685749,56.39649158503843,56.26848035435821,56.14853419169687,56.301255532123285
30471,52.65507355032653,52.56347467047731,52.026026967796604,52.765921581108174,52.4178841894189,52.4856761918255
30483,59.989904258056896,60.02342351992952,57.580520053488286,59.38627925916798,59.12365148900952,59.22075571593043
30514,51.99311040872441,52.01874281301231,52.741143869178146,52.858522683737675,52.57425644294845,52.437155243520195
30534,53.45712241847641,53.56650557552311,52.53807329234317,53.67431108010315,53.59323625260076,53.36584972380932
30548,53.7167297871307,53.73481273852799,53.46909854044466,53.65178090479948,53.08319553050267,53.531123500281105
30563,53.635167034439974,53.70711345304557,53.965997711223764,53.64642924108012,54.221794372696785,53.83530036249724
30568,53.45180827739665,53.4619168616819,53.5504789177333,52.653674428365186,53.24605165138809,53.27278602731303
30585,52.59919115432194,53.00348167923694,53.010367109113965,53.36097952776458,53.26292124105766,53.04738814229902
30590,52.43872718797188,52.492218645027535,51.82164081572747,52.246003315996276,52.38220778574184,52.276159550093006
30596,53.82569950216502,53.820386079335904,53.64680778463851,53.80467051473146,54.77759811713475,53.975032399601126
30614,53.84439588170441,53.53807553878834,53.91894904366854,53.61880579507144,53.925427458274015,53.76913074350134
30620,53.10907351733051,53.016406640888185,53.45180006607046,53.04554750581428,52.46890298684928,53.018346143390545
30628,54.416927415856016,54.05646978287093,54.327582921328286,53.691756039536145,54.17972190321103,54.134491612560474
30661,53.221707160454486,52.85623207592399,53.425917596600435,52.78806869744254,53.48434130286562,53.15525336665742
30672,54.86391630982543,55.86063241466795,54.95733427527869,55.165700188396755,55.48867154158925,55.267250945951616
30675,55.57475506389349,55.959683566671195,56.43227569066417,56.25912746789501,56.549850978901326,56.155138553605035
30700,52.813389614025034,53.03006867051604,52.50446339630491,52.83642277676422,52.42668852818032,52.722206597158106
30712,53.12549875889011,53.25427966551739,52.69321997012073,53.284536259572604,53.50967756642138,53.173442444104445
30728,55.24437415114186,55.25531877568459,55.470428486285364,54.675354338993095,55.22566300432264,55.174227751285514
30752,54.508887193682156,54.863230664514404,54.75848099208978,54.46268964131859,54.3375524042361,54.586168179168205
30791,52.930005318183674,52.7578219431559,52.50780102921922,53.15123017262747,52.40432295489977,52.75023628361721
30839,55.660153901167845,55.795667190034,55.588955898022874,55.583107443078255,55.6245917398901,55.65049523443862
30859,53.277117532631436,53.83482092880304,53.33928324511931,53.39265253847086,53.19500905320287,53.407776659645506
30866,53.423751066727384,53.58035880715104,53.99485886808256,53.76584721058509,53.75856369030459,53.70467592857013
30883,52.94238607950499,53.09828254113322,53.542400120141245,53.149228256412016,53.07912527137312,53.162284453712914
30894,52.804225415640225,52.48706936308261,53.177029963701735,52.436761215009994,52.889180616457566,52.75885331477842
30911,53.622174935587964,53.56222400968268,54.44691561293698,53.793319751686646,53.71107108335771,53.8271410786504
30916,54.70429223871051,54.270799004412375,53.78736143158613,54.49914944542724,53.87337668999925,54.2269957620271
30938,51.86788349840478,51.8669490737857,51.81428631125313,51.77587474775153,52.008338073346685,51.86666634090837
30950,54.36369444801467,54.25065311242904,53.56508807811402,53.62285561800811,54.04385474784519,53.969229200882204
30956,54.31018782994725,54.51161815460208,53.181703256059805,54.069891560530536,54.07172806487811,54.02902577320357
30965,54.073238018890486,54.10696458542433,54.5616272979977,54.690828995272355,53.88005502465578,54.26254278444814
30979,53.40869803748049,54.75682260763191,53.782675628267505,54.438725022753474,54.490200447986766,54.17542434882402
31011,53.687523166493364,54.169720825001015,53.872182436935276,54.02042485578205,54.084850569428205,53.96694037072799
31076,54.426417372728395,54.35371096663354,54.28327382124976,53.63476347423456,53.801883996025225,54.10000992617429
31081,56.73763505310683,57.7966175617358,58.078987717332,57.97262704826839,57.838768425639635,57.68492716121652
31104,53.01243332134984,52.90556334179173,52.34788777046095,53.12853491488172,53.506853826742535,52.980254635045355
31120,53.501656256865495,54.40094944561275,54.61936237782413,54.36789555345494,53.81430865472241,54.14083445769595
31124,57.80686502427188,58.08144362404091,57.82917640303764,58.043069948749746,56.89088171573868,57.73028734316777
31137,61.44081348564869,62.630428497864344,61.16056009561431,63.131006278809046,61.84890035087049,62.042341741761376
31152,55.59614304223719,55.36593029305556,55.29580963865249,54.81270249930105,54.27019734963633,55.06815656457652
31175,53.041303122958084,52.949189917153056,52.49950986673063,52.76866494524067,52.41113770484959,52.73396111138641
31219,55.16542060651221,54.96017293934648,54.95883918769606,55.737593575547706,55.32896694984638,55.23019865178977
31230,53.87026659519912,54.15468500698924,53.84202146822591,53.796745913796016,53.97873949027888,53.92849169489783
31231,54.972018998427934,54.33283315896044,55.06296915712855,54.13494002504201,54.516978596713514,54.60394798725449
31237,54.59168901309202,54.62888052158022,53.228172160157975,53.86319814094777,54.30732326099266,54.123852619354125
31239,53.25385721704793,53.16657040413499,53.749566881089464,53.19051915255988,53.28362589002644,53.328827908971746
31242,52.55167176055445,52.679408252737964,52.95192517003354,53.09335570045165,52.76321807682517,52.80791579212056
31243,55.22760387129793,54.58313305861593,54.83929788276562,54.55258348217044,54.27992770726963,54.696509200423904
31265,55.3224431739967,54.94143366693108,55.606223201840805,55.28320351699917,55.09914315448793,55.25048934285114
31270,53.62569263378036,53.966848381148864,53.67662147914503,53.675867448502515,53.63905761376142,53.71681751126764
31271,53.109819904311856,53.15808171427455,53.40847294744729,53.46669540495033,53.72631161203112,53.373876316603024
31286,56.16475521868781,56.59851556711736,57.333294769094074,55.2964086962309,55.98609517167841,56.27581388456171
31292,53.39983571967117,53.15309618977081,52.97641188058595,53.719606555860274,52.472034881029266,53.1441970453835
31325,54.54113583081464,55.38129149029176,54.461590368766544,54.437321970658,54.77361350827003,54.718990633760185
31344,54.346491818442345,54.71484723360077,54.31911050390659,53.88543586430096,54.300840802816545,54.31334524461344
31370,53.570609760144215,53.98506345012463,53.28816644185475,52.698494819012254,53.52824277546292,53.41411544931975
791,59.67876248095203,59.84077506880497,58.668409961689584,60.056337455487714,59.422731890209654,59.53340337142879
5457,53.49043846720341,55.0314990896352,53.9908239249771,53.83196072515556,53.57850634106446,53.98464570960715
29775,57.99051633153798,57.789587450795445,58.25462157818907,57.801829860055264,56.74274450931159,57.71585994597787
15483,85.88607136362945,85.66468250826252,85.91470285279455,85.3521105991037,86.65675449864861,85.89486436448776
