uniprot_id,seed_42,seed_123,seed_456,seed_789,seed_1011,mean_pred
9278,61.242939599395605,63.009297185659555,61.645908098332214,61.84187156115383,58.30769106152662,61.209541501213565
21397,53.37112675494543,53.08967329819371,53.51163520082727,53.366285727087515,53.35921566998392,53.33958733020758
2320,64.53070393246115,63.6526453424601,62.11385015374665,61.49107491984014,64.72119888805044,63.3018946473117
8404,60.23048049879734,60.25667628190334,59.16551700206042,59.800158540664114,59.18227110742111,59.72702068616926
19255,71.51622140313533,70.80225630512464,70.6337409693697,71.46848799681516,70.1442727695363,70.91299588879623
12298,71.34257235066606,71.31861326431576,70.99816039324178,70.13405291514492,70.04891138519602,70.76846206171292
1793,59.39794098499687,59.06266965835241,59.018949184757346,59.24992714804649,58.36636376470325,59.01917014817127
25308,65.84116348772017,65.29878215639248,67.49865784239721,65.19943377260174,68.72124012149982,66.51185547612229
25620,55.18556682796845,55.185269241941995,55.30095815601906,55.388191754523135,53.90205482736315,54.99240816156315
28429,53.567633683629516,53.27933128710192,53.421650044700925,53.600066581761055,53.20900865345187,53.41553805012906
1418,54.3908806777156,54.321127805553594,54.19918748040878,54.359354553927005,53.805861307134634,54.215282364947925
9118,72.1014888201417,71.61435125737277,72.10953509824122,71.46262994085752,69.71203687319347,71.40000839796134
15366,70.8784895335959,70.19246729583745,69.91302229297015,70.29487108245735,69.16369048486916,70.088508137946
19930,68.44609943130949,68.11632842693481,66.90650774574418,68.50692581603889,70.19629596886462,68.4344314777784
23,58.956247696424875,60.30251144747172,61.68966513189137,59.19712984053745,62.68580857663851,60.566272538592784
1754,54.70478316263822,56.015221003803,55.44795159318921,55.1307972562985,55.510249605356364,55.361800524257056
797,62.23039372384312,62.08002985129474,60.92924149069955,62.293409299841834,62.66910967085469,62.04043680730679
25217,55.16793508276229,55.119280795635866,55.163844755465306,54.85930982658287,56.07758603403105,55.27759129889548
6536,53.58196111883536,53.34675940254007,53.40304797757618,53.92193733404502,53.22146186285871,53.49503353917106
539,53.99215669093244,54.034353652933106,53.647535782840755,53.84718398115772,54.689503283823115,54.04214667833742
28879,53.283078236454635,53.27842582997651,52.952846276119914,53.27352597939612,52.88648738963098,53.134872742315636
19395,54.21865629367761,53.44792658238085,53.644119816643894,54.422032120999084,54.415208051093146,54.029588572958914
4673,69.67315908237943,71.0971917623068,70.9775910733751,70.20313643531973,70.3751068013318,70.46523703094257
14552,59.413066366843765,59.73365672157145,59.857852361888,58.423579809612406,58.61058963682957,59.207748979349034
294,57.51901491507077,57.697583259835596,56.78662012653177,57.54242469802728,56.65939457322095,57.24100751453727
23219,53.496702647635345,53.319574648118305,53.85200170591758,53.41420597485249,54.106155210151705,53.637728037335094
22602,53.49560984411521,53.80854332650367,53.22658067905352,53.5625981061468,53.53669207203119,53.526004805570075
9450,53.45188412226482,53.12920823362327,53.49584938627137,53.352925959278416,53.10421675260757,53.30681689080909
21807,60.66769048767093,60.35242208613171,59.99976392964454,60.82048303849875,63.963054658484715,61.16068284008613
30632,55.96232616891408,55.8272189343879,55.7171326818195,56.11324341161698,53.333297972956046,55.39064383393891
7476,67.89705525075746,67.64416279372507,65.54543213338619,66.85847637456817,66.86758867068548,66.96254304462448
7,60.34422867238712,59.72301634089446,61.22480081086288,60.24553237139082,63.64026890883101,61.03556942087325
29127,61.73691624531293,61.81039990930774,61.55649703879241,62.7647375186848,58.71687312688962,61.317084767797496
7596,72.53361555135857,72.53335885617182,72.34197141166638,72.70634244436084,72.81675548588667,72.58640874988886
12922,69.98826779840624,68.5949180220259,69.49463274882481,68.66117350861411,69.58015628229771,69.26382967203375
23944,69.86586320965036,69.15190901659876,69.13427595043636,69.0693503891427,66.84144176692917,68.81256806655146
5844,59.858742645989636,59.952565073850245,61.13797835635991,59.805885183619104,60.940662405434765,60.33916673305073
13171,67.71033529354726,66.82380020937224,66.93555595479995,66.54945507493773,67.54377893226922,67.11258509298527
22000,73.75794861428155,71.28033435439875,71.27574144297145,73.29218906372299,70.27980509519412,71.97720371411376
11902,58.15993715566336,58.01544677035441,58.41897352572643,58.45642315540335,57.67478232145147,58.1451125857198
21007,60.121767531415934,57.56799968616708,58.72736451645801,59.875704267270955,61.28754613694731,59.51607642765185
11287,66.46667302188493,63.84234670834658,68.13294032797248,66.09514569858291,67.52264997072722,66.41195114550283
751,55.203292470940596,56.005499108081715,55.5285619706269,56.19133424699949,54.461174018266,55.47797236298294
5042,69.7701710145432,69.77932548304668,70.08487702844926,69.25987945327499,68.78670511577027,69.53619161901688
8929,71.91009675131302,71.31052265394864,72.18770257537625,71.78401628492263,71.2886416055062,71.69619597421334
27326,67.00216958711356,62.90082759735155,63.789730200883646,63.63449508558266,65.05552652124932,64.47654979843614
17467,59.97515924772117,59.34276231311663,59.857470019881774,59.98489867313675,63.74741966723274,60.581541984217814
20803,56.34678620179267,57.64616998946913,57.27205676915912,57.33112619955412,57.1996643265246,57.159160697299924
12924,71.0780118192299,71.16078653109034,71.32659528998002,71.38530825038755,70.11424632831341,71.01298964380024
17434,69.87712757371041,70.47308698885043,70.39810969097194,69.71375555912917,68.81106517315648,69.85462899716369
27473,77.19330873691395,76.00245338097805,76.66400998194754,76.12401897594957,80.11408113551046,77.21957444225991
2017,53.217323463383806,52.99910940196782,53.26351653206455,53.29431282702271,53.06236226194411,53.1673248972766
17480,59.49824551224172,59.02768415088966,57.557507336088015,58.58545623895877,55.92755007302778,58.11928866224118
11561,53.66296442393624,53.36751936417923,53.76959337939301,53.982010024774056,53.252258159863075,53.60686907042911
15985,71.32682459589137,71.45328800749681,72.17317308047824,71.56242880552743,72.543008874118,71.81174467270236
12439,63.048301439821444,62.72016158764199,63.95285495958236,62.52301143659378,60.66358078014308,62.58158204075653
29266,70.69363800166485,69.6149924689624,69.83954187599505,69.14399152283787,70.0664729000845,69.87172735390894
12767,64.94984182960292,64.91278566765556,64.51088783479071,65.53500216318952,65.50484365562608,65.08267223017296
1977,54.96365391355183,55.86373954906266,55.25762566460183,55.068267609771844,54.128439133359215,55.05634517406948
24070,59.75571605723026,59.490517273526365,60.378246859775956,58.58838493944313,59.31453845766891,59.505480717528926
22519,56.22077813903228,57.28558780196853,56.117153328783026,56.17597122201166,56.168225385842796,56.393543175527654
21286,57.643704255699035,57.9226017447646,58.24674797126262,58.16884437143858,56.00777154365548,57.59793397736407
23042,61.08892970260591,58.965144271512074,62.52726759178893,61.223165443636624,58.500166174995606,60.46093463690782
25348,54.92201179417409,54.81447572705235,54.98268433470572,54.619599695131846,54.352431915496375,54.73824069331208
8636,68.28712570544835,67.1545907736382,68.40760595092348,67.45340625407013,67.34075570540752,67.72869687789753
20334,63.47940261712104,62.714347167386464,62.88725474902096,61.866297950625636,66.91469791357608,63.572400079546036
43,56.44350260795194,54.787945917457655,54.598748803956504,55.46773824671356,55.99145321254825,55.45787775772559
935,53.274080658132675,53.369831697675494,53.203430920665305,53.42209534308907,54.23164147742165,53.50021601939684
11638,68.42989165033556,67.36590909230902,68.24305625480369,65.87046817679624,67.57580731702357,67.49702649825362
9038,66.38740979946633,64.93371855690248,65.06014187818468,66.84076227480621,65.02650038873053,65.64970657961804
25182,52.40865439328533,52.2286030044838,52.43723993963869,52.26547536376586,51.878668471062184,52.24372823444717
29138,60.360914015689005,59.48365856614193,58.63501986178459,60.06777551080816,61.71372448161443,60.05221848720762
30000,55.91877631126181,56.56179830875041,56.96993595755958,55.72990593476126,58.19989443021536,56.67606218850968
2454,68.2355468809154,68.29733702406074,69.20150084930827,69.13189608485106,70.68128665939133,69.10951349970536
9810,53.39349799941927,53.50991383098616,53.36438992669458,53.48057391314535,52.34043059133399,53.21776125231587
17697,60.60979969109162,59.994598965691985,60.269601485289236,60.14337919108627,57.95230005497665,59.793935877627156
19906,72.02031189170732,71.38175480512358,72.9689410641058,70.81364476354972,69.32013633403479,71.30095777170423
22619,54.330186798110276,53.95150658466339,54.237795583527074,54.264759158607916,54.85710330188849,54.32827028535943
12873,66.27297391520545,64.40131792841288,65.84338372302338,64.31637423687555,69.63430273356687,66.09367050741682
28397,55.67510565199844,55.29121966801307,55.4397075163488,54.45971613619572,54.08368805490264,54.98988740549173
12394,61.6109616283851,60.22218509959693,59.549556908016406,60.740686233362126,60.022056503737396,60.42908927461959
28961,57.54834356293283,55.53734443694384,56.99849792463189,56.8848176702105,55.56042133642007,56.50588498622783
16004,72.47251719739057,72.46943850704345,73.00024068581104,72.32652694488254,74.00097705125647,72.8539400772768
9229,69.88686870525413,68.10297351031312,71.38790995466579,70.69345373320526,69.01673943681784,69.81758906805122
20905,66.71560031770657,67.1561555634348,67.332195358424,67.58387657562646,67.33377385540862,67.22432033412011
20207,55.74633624754652,56.05097963121387,56.36211567771735,55.581940937294064,55.71908594546548,55.89209168784746
25296,59.40107065689185,59.35095321657499,59.26634013353451,59.21320673128408,57.67051505626391,58.98041715890987
31105,55.79208025355063,56.13774126200101,56.12754810276832,56.103936045891075,56.22965477286161,56.07819208741453
12494,70.86598002331158,71.29945039484211,70.74534586669553,69.81856472177314,69.40751066902254,70.42737033512898
29837,54.59491302576286,55.10182857139771,54.557052483426055,54.42188621388102,55.06855189483299,54.74884643786013
28394,69.27472149829951,70.11835346285626,68.58255936599646,69.34858304537548,69.29227307791021,69.32329809008759
7450,56.8997744761054,55.464394359600895,55.953473870096694,55.824560556269574,55.10384836598503,55.84921032561152
13188,65.95057999668074,64.90771828583686,65.64936437012727,66.5319094661695,68.38624920341313,66.2851642644455
9384,71.83322457543021,70.88808586635118,70.74904897622714,70.68273341596003,70.49525558535804,70.92966968386533
26612,53.44317344519954,53.41428740814737,53.65059963243503,53.52208598761499,53.24888845896051,53.45580698647149
11893,69.6239189974249,69.85652887853655,69.67705508567934,69.48584622637344,70.86334421075284,69.90133867975342
23837,63.109641369480734,63.49907904819108,62.648860072909805,62.68238764845755,64.237612938083,63.235516215424425
557,66.71836496466742,65.62675787295662,65.754217352567,65.02197381449977,67.16314793133063,66.05689238720429
24608,70.55371756132267,70.57224487272633,70.88229737195802,69.80993657930053,69.83898806539702,70.3314368901409
25144,55.54027980226347,55.43308511224172,55.43239317497659,55.291340410899245,54.788821573635055,55.297184014803214
28146,72.69721857584894,73.10749035704592,73.31295257553944,72.32259906632672,72.26707073715676,72.74146626238357
21470,70.63985733355092,70.64339405720004,70.54763958771923,70.62903151250516,70.83301695990552,70.65858789017618
24648,54.48245418818581,53.62106370088838,54.38352055903386,54.966003445981556,55.14101585041007,54.51881154889993
5479,60.17592916268447,59.81065910588173,60.43274682299621,60.4233061884404,59.72170279492451,60.11286881498546
2360,63.564353231098,62.94379970196534,62.71638893561678,64.54825630397615,64.09167207030875,63.572894048593
9549,67.36989535503795,68.89770205165695,66.20128805421581,68.50763345650917,72.80061766959149,68.75542731740227
30180,55.864446802182655,54.87228887679394,54.886488924084226,55.715017962831666,56.1417529351685,55.4959991002122
10312,71.19651338151358,71.3114595918882,70.31300918139424,71.1328162176536,70.5349940469913,70.89775848388818
14406,54.242794718272,54.001532939083766,54.39658150303225,54.475956439195514,54.274863566086935,54.2783458331341
21171,56.686983869711426,56.82598074012655,55.85859016363522,56.474114398523405,54.2059452088055,56.01032287616042
10436,72.15415560189335,72.57169657951643,73.03701475453403,71.15618124881672,74.4160933066352,72.66702829827915
27660,53.180691133557566,53.51417972449361,53.20773213492131,52.8587703989031,53.29709032591958,53.21169274355903
12489,62.9636360589767,61.29518894882913,61.743393828999494,61.03726619432796,61.120597874217644,61.63201658107018
9264,72.58441315669269,71.84778505663152,73.41171839405837,71.84735825686757,71.4257414387302,72.22340326059607
14334,56.50675879742757,56.41301512018687,57.13956626194406,56.44822235898526,56.284218942636585,56.55835629623607
14809,68.07125328106177,68.32739858681867,66.6192868586655,66.44930604635954,65.77423248374848,67.0482954513308
21265,52.709049448305336,55.04144384592253,54.68130265613105,52.62107703463615,56.594406494050055,54.32945589580903
10292,71.29812416499628,71.23381292771528,71.32164603681156,70.47856511648108,71.64900747590666,71.19623114438217
17694,60.43281252544203,61.30467484357265,61.96559664963298,60.26384417991006,62.37793130699599,61.26897190111074
15489,69.61135828361628,69.53600199331552,69.01408558062512,69.45052584655825,69.18823321379034,69.36004098358111
28523,56.47620691301219,57.29800720841363,57.54056862629066,56.174624206458915,59.104226113653674,57.31872661356581
16463,67.24996873472573,66.86589711857793,66.22781945266489,64.78306615947963,65.84716224191291,66.19478274147222
7555,71.9456913975484,72.80692384290145,72.19454680756878,72.37018281969577,73.0375678431414,72.47098254217116
12462,69.56792906819402,68.95153604038565,66.62688687557257,68.86802982594487,67.05107087614681,68.21309053724877
10846,53.00770119395736,52.4263130116628,52.564917519465986,52.56993275205451,52.9221254459821,52.69819798462455
22075,60.95079076011342,61.550415786437085,60.90112860514893,62.87504023168761,61.54614241853917,61.56470356038525
21911,71.57749759709196,72.10472652161235,72.78704620852884,71.95738185530521,71.15154808538303,71.91564005358427
5787,53.204905853720426,53.10626533810072,53.61095045130195,53.25354929281984,53.09545881281892,53.25422594975237
31304,68.99750583731283,68.50621222569912,68.5044811401237,67.27774300988195,65.11665677055667,67.68051979671485
7873,62.0569545502843,63.095137877234244,62.227834372814904,61.27866301521443,62.4931655297524,62.230351069060056
18122,56.048126922606826,56.93262290014341,57.45456181045251,55.65232448909082,59.76463591723656,57.17045440790603
7801,52.902193407936295,53.44845247894544,52.902171856817795,53.174000075725345,53.15787559825458,53.116938683535885
5276,55.90763404641689,56.176503517623644,55.75303853958337,56.381420481083524,54.19697488693083,55.68311429432765
6895,55.552204834265666,55.297594339297085,55.316187893234286,55.84072916539693,53.5313270869921,55.10760866383722
15471,59.861830774506345,58.517134658861764,60.10272475364268,57.97049090795439,62.43702836783913,59.777841892560865
9284,54.202681047243765,53.77723995620575,54.53516416755057,54.56550817507889,54.30875132290557,54.2778689337969
29251,71.4454082659344,72.10176905874364,72.62132691742244,71.83351117717325,71.53560670342057,71.90752442453886
12616,60.89110392060153,60.07583988023253,61.76589942259335,61.91698176656876,59.44787911893164,60.819540821785566
28675,70.95220092133829,69.44763461555675,71.4726527629892,70.07301330389991,69.55267289451025,70.29963489965888
11760,72.38969702851229,72.43896505843219,73.19155966133559,71.32973715382626,71.36910321745854,72.14381242391298
2476,56.26305370565707,57.75003366298303,58.165971084467365,55.76433211955537,56.319365202323844,56.85255115499734
25703,58.0079372660188,59.4985848574737,60.62452468245583,59.59083749958062,59.90704977879431,59.52578681686465
571,66.7851709155248,64.5931829779299,65.02439896309252,65.04645003302335,66.84251109802284,65.65834279751867
29647,73.46504522111611,73.87223855621706,74.42367640925556,71.79886082753397,75.43769689338524,73.79950358150158
13227,71.76742772584645,72.04903948927826,71.96823855387171,71.94660609680582,72.16385836612396,71.97903404638524
7146,54.9973487645083,55.174452274133,54.89799438153734,55.375028292886945,55.05023692232228,55.09901212707757
6693,52.697794394222825,53.087408200257904,52.82475094936697,52.73984196379521,52.423325255845995,52.75462415269779
20658,53.651416374909964,54.006438844523636,53.95814688522417,53.41833905554974,53.47663256700938,53.70219474544338
25808,59.10879880786029,59.79811644565833,59.64279520120469,59.77231158838077,60.508219958714406,59.766048400363694
10044,60.04457629743226,59.83310488740553,59.092848531012095,58.414250678824814,56.27324599576564,58.73160527808807
51,56.964113188605126,56.909438049454224,57.28201988453052,57.337564515985626,56.337375463235595,56.966102220362224
13877,60.54306465490384,59.43146070183862,59.4288245465706,61.776522804071085,60.02706245512959,60.24138703250274
15350,54.11481207155403,54.37083399837251,54.21805799420506,53.89865378812788,54.68775938582706,54.258023447617305
20336,52.634377403643256,53.302966783117625,52.63117427401581,52.66760863592043,52.58041834678146,52.76330908869571
11452,68.6613212280156,69.35507467386738,66.84111144585319,69.0916215173491,71.27125878529017,69.04407753007509
27451,70.48317064313257,70.07487659777675,71.24644702713962,71.21575869918001,70.68475282277693,70.74100115800118
14076,69.63836009958665,69.53884726877439,69.05338979562175,68.68995455327976,68.15561626366312,69.01523359618514
157,59.07358971633282,58.60690463947963,58.762546951730144,59.30713863055614,58.54056550634875,58.85814908888949
9380,71.95629380482303,71.98739599741083,71.92538794432376,72.08348564031368,73.04186630993861,72.19888593936197
13176,72.38914982297014,72.27872944327126,72.95212535660185,72.18620305486334,73.44682825276813,72.65060718609496
9766,56.932675824913815,58.16404009895305,59.664003609245086,56.40018123663247,59.91630553087832,58.21544126012456
4872,70.17087065338978,70.25000254548986,70.3833019570785,70.04103988692472,66.42845530937835,69.45473407045225
8932,71.60050426166528,71.47108727118385,70.976418118368,71.07233591894061,69.58935627036468,70.94194036810447
29466,73.0706328818669,72.56375130687947,72.72244200560185,72.3623006828329,74.81564067965071,73.10695351136636
21823,71.0207699334952,71.64192640125178,70.99436812922191,71.1885110590528,70.00673234170556,70.97046157294545
20897,70.53730956294886,70.25538715558069,70.59738436337355,70.3881960856264,70.39518689628191,70.43469281276228
21599,69.18577646220731,68.19762987482014,68.10324353791611,67.94372962921697,69.01132469818585,68.48834084046928
7773,71.21044523795918,71.29330188891929,71.67245384685708,71.10847790465928,68.92226967170711,70.8413897100204
14125,71.60385846180702,71.47327073066342,71.4717168796328,70.51692505150675,72.23159836048531,71.45947389681905
21505,70.32385664802412,69.5318857606376,69.475713305824,69.42875696906512,68.2311133582071,69.3982652083516
5564,55.893324821493856,55.685533152013555,56.44779654997748,56.49738810583569,56.63104606043931,56.23101773795198
11472,53.71502224952565,53.113709435328076,52.85009246478781,53.03712600293274,53.05830360660342,53.15485075183553
28966,70.73868841234824,71.37064987901263,70.06656778132158,71.33162970065214,68.63040174026999,70.42758750272091
29275,69.66736226835977,70.37995440524303,69.00562510854374,69.53508088974708,69.81495663275044,69.68059586092882
14363,60.75299965920402,58.82054883561509,60.94453653683812,59.78398058224029,55.63296088613832,59.18700530000717
23771,59.80475371461984,61.04058744135625,60.836133784725256,61.85272968109237,61.209911058362806,60.94882313603131
18064,69.62796620366268,69.79898512279458,69.51892350811444,70.3754875650162,69.06472958671401,69.67721839726038
12074,71.56353193968438,71.40224557687436,71.24646734786131,70.90752737910978,70.23753261469064,71.07146097164409
28225,70.88843576183247,70.65170426651298,69.89578623528078,70.92367030867032,74.17404394667899,71.30672810379511
4440,69.34472636690558,70.85085351818648,71.12801955521918,69.83018821518067,71.07173530616262,70.4451045923309
1698,55.02280288662945,54.82211909484109,54.99183305827851,54.90553725064407,57.14869310577118,55.37819707923286
14884,63.26343770629846,63.406264269874114,63.630059881836885,64.01270710026628,63.29200685577233,63.52089516280961
22035,74.52743504861637,73.77124039698977,74.35986519113146,73.6387714635845,73.14030329132382,73.88752307832917
7541,70.6154208313285,69.52626970977767,70.88075794029646,70.72999316336862,70.9001337151489,70.53051507198403
4260,53.62281993312093,53.84272331531672,53.88937981093905,53.30606251916103,53.2719912477122,53.58659536524998
26,59.68920639494905,59.70533982119344,60.416508518095576,59.252287251349145,59.21409431404237,59.65548725992592
15671,71.66745629991445,70.96986694315288,71.19643361072774,71.57647165923562,71.35950345367417,71.35394639334098
20883,69.51023310700134,69.55913669898904,70.14277812092675,69.41046784612172,70.40823280922552,69.80616971645289
192,60.04630225587603,61.19389768759226,59.09898682277966,59.735947856802575,59.983200139029115,60.01166695241593
1261,52.62894780381161,52.586568564333945,52.51273321134902,52.57286902364604,52.21040182482425,52.50230408559297
19337,69.65194953619509,70.1928062055271,69.13331254331878,69.16446834966976,68.56266685110472,69.3410406971631
234,70.0592055541022,69.71625895288433,70.83491626745909,70.1711134544205,69.42679824168921,70.04165849411106
26412,67.75772954104458,66.54708507049064,65.77954889258848,66.9289860848018,65.75842617777026,66.55435515333916
23690,56.6161103812145,55.73549915833559,54.360574030216924,53.54363793155528,53.276392376585996,54.706442775581664
20273,72.2683353070893,70.35715664861634,71.81461120904636,72.23796980460396,74.7798570385042,72.29158600157203
713,54.453755355904974,54.55917972026221,54.25339790187098,54.00906425808425,54.91375233755872,54.437829914736234
7691,72.03909450960401,72.07387740152119,72.51464317859792,72.08560259539064,71.46291002905068,72.03522554283288
7458,70.26658762018755,70.27850802619979,70.5672803973689,69.5371013375023,70.72149618041686,70.27419471233507
24664,61.364223647246355,60.99712496913767,62.06119272134821,59.189794466655975,57.4487841294848,60.212223986774596
25345,64.91512776124368,65.69656329566375,64.19877905776205,66.67634766897933,66.0139943226948,65.50016242126871
28656,70.45318500139894,70.38616644141096,70.35667193896126,70.19019540583203,69.34558463421132,70.1463606843629
313,56.80251487280039,56.489368119719806,57.2729663418065,57.67200674729867,57.98607901266749,57.24458701885857
11984,57.68858805402375,56.02066214012312,56.01661453938788,55.743234747878496,55.79049282932206,56.25191846214707
10193,68.86610115484909,68.49845185752599,66.05867081724267,66.28513238197169,68.6082494077347,67.66332112386485
30373,69.82036156006859,71.57214027192266,70.13134252273082,70.32859783057415,72.67192494919927,70.9048734268991
8128,64.49286240813102,64.01755230602038,63.27166330476701,63.33957351542164,61.08169370682186,63.240669048232384
4268,69.74192794002938,68.7675810636272,70.71124248283877,68.47737589412101,66.06098106742878,68.75182168960903
0,85.16399621924548,84.27515561855428,84.56301263659947,84.7758628129538,84.1207365006628,84.57975275760317
193,71.82988972456154,71.4847780979726,72.16603684727404,71.23970230199747,72.98064985928045,71.94021136621721
412,64.12177309859932,64.68857738963118,64.41548631407294,64.72336443959269,65.74929539178395,64.73969932673602
681,58.96667082703519,59.54695177426696,60.24186426625332,58.11922194997188,58.22321545618722,59.01958485474292
815,58.34934483652071,58.28842358710581,58.769647629810514,57.72580628489184,58.95570673562834,58.41778581479144
1334,73.53931919287142,73.26084677074591,73.67681760462568,73.22331463469384,74.44566832075151,73.62919330473767
1342,66.08111033395986,64.84571490424847,63.80309409411095,64.59457324989036,67.69080467386254,65.40305945121443
1568,86.95345312025805,86.30374879673528,86.6474594555192,87.5331594155641,88.18615815403899,87.12479578842313
1720,70.8606243515528,70.43031342661989,70.89910600780195,70.41112321658295,70.68213218957658,70.65665983842683
1727,70.16078100880746,69.72670912940168,71.03691969951018,70.31094483040809,70.62725029044304,70.3725209917141
2185,70.35717615219053,69.85852149141499,69.84803283802121,70.04358726638611,67.11997407752942,69.44545836510846
2212,66.0702468916853,65.74492708916837,66.15542258791787,64.89888912324324,62.074209387823934,64.98873901596775
2266,66.69477011334,64.507558679302,65.0942285860442,65.46647988514745,66.42363033769375,65.63733352030548
2268,63.75762431566956,65.9722125380709,65.88156409839286,65.04981960157535,68.00689216536944,65.73362254381563
2635,67.11776996507628,66.98196505817171,70.05542811035141,69.33822137124423,68.12868727399406,68.32441435576754
4022,52.58314281250122,52.34540490533442,52.4158775998192,52.56276979759646,52.78020187041659,52.53747939713357
4135,71.51403792475489,71.5564483334854,71.40605844802097,72.13379452921357,69.96467934026197,71.31500371514736
4668,58.89799595043155,60.613549934095424,58.786512620323435,59.05628524103903,59.36690218803933,59.34424918678576
4730,87.26435177698185,86.21021571528104,86.60102295233445,86.08878924772439,88.51974316011956,86.93682457048826
5375,61.32685914991269,62.93349466193992,62.60384181866296,61.65917814781925,65.14744595547891,62.73416394676275
5504,60.014600681465524,60.3141487069615,63.609747529149416,61.110131350477324,62.60826390524569,61.53137843465989
5557,70.68795781593127,70.5826103675915,69.59488609804205,70.65396551628382,69.42877479781895,70.18963891913351
5995,67.66713640166873,66.62254903556304,66.58666290331378,66.70936686103481,64.47256757972856,66.41165655626178
6215,55.55028636578744,55.74575563551488,55.745876402975206,56.87430616128694,55.242226297987884,55.83169017271048
6512,73.1898062926959,73.03096256506609,73.64113997035736,72.8898003653536,72.12397854176966,72.97513754704852
7279,70.88494029532171,69.4350301731775,71.78701964934724,70.52519210482414,71.06898871669684,70.74023418787348
7454,69.81804590962768,69.95071528093713,70.0391239789044,69.98651208295267,69.3514501660435,69.82916948369308
7698,70.19907422675108,70.43437702268602,70.24209852587452,70.40500849802984,71.12994526891859,70.48210070845201
7700,74.50451623352687,75.96186607202311,74.1416702538165,75.24485001536425,71.72274573136731,74.3151296612196
7753,60.324679377927026,60.71514832736232,62.0233288361279,61.512979980784905,60.831205611615594,61.08146842676355
7779,66.2193204560246,66.02395743400274,65.471526915228,66.69497617316397,65.81022504176906,66.04400120403767
7792,72.07064373001391,71.66175650068799,72.14963366027372,71.8839404604364,74.31090149789657,72.41537516986172
7816,57.754548602967496,59.070517191122306,59.27687284696238,57.62121368488662,61.970054876195064,59.138641440426774
7918,66.30778718760165,66.16150185492958,65.85013320880853,67.69387562565836,67.45241116047575,66.69314180749477
7920,71.08320660409346,70.99783765562222,69.89893661309873,71.2920532000905,68.3998546442148,70.33437774342394
8168,65.15107201993273,65.22752029411272,64.3602305035802,63.18404073469075,65.24727940113495,64.63402859069028
8292,69.78701353819514,70.2334453665305,69.60965735462335,69.71108459812723,70.38717071699382,69.945674314894
8299,73.01295100774453,73.01288098672173,71.52917035640358,72.61260417615861,72.58495923973308,72.55051315335231
8305,68.66983494636195,70.08374928706915,68.60236007017195,68.52443197237749,68.2769846426506,68.83147218372623
8426,70.88430263290346,70.9863786424794,70.9502859113782,71.11209380689328,71.08960470201244,71.00453313913334
8446,72.90107834983978,73.14003809571265,73.40735623776456,72.77768243232875,73.03663866159742,73.05255875544863
8447,86.93660538441893,85.43491404759412,84.95422719406079,85.07348235497332,84.48886803189258,85.37761940258795
8448,72.2353496620166,71.7413792958523,71.37027879709616,71.9874371442841,71.63761520523013,71.79441202089586
8523,70.70661224223757,70.51177117069453,69.35223741637664,70.37708669265837,69.23729128366169,70.03699976112577
8883,68.8653353862411,69.14014359953416,68.8684062618634,68.32131971022879,69.24927561310102,68.8888961141937
9071,82.50308129068078,82.50314251047203,82.39355345282661,82.5251993665693,83.5510603619744,82.69520739650463
9084,73.60635089648137,73.7876934122287,72.67373837437606,73.29147111469486,73.44110025752424,73.36007081106104
9097,73.20214281306886,73.53582986314638,73.38670746456725,72.8269997923736,72.42934251304317,73.07620448923986
9116,70.70889312312026,70.5144378720922,70.01762706784277,70.07446022550961,68.36706593595113,69.93649684490319
9243,65.74596588920247,65.11707226371628,66.56210734100034,64.68152592125543,66.53333538033094,65.7280013591011
9270,67.95360554420625,68.02623980173207,68.2051815318785,70.12655842196865,71.18727332238262,69.09977172443362
9441,72.48757048372669,72.27182401732749,72.7726230797684,72.54048126137951,74.88374532422885,72.99124883328619
9536,66.88789701106143,67.58088476231681,66.28833106774591,67.27390018471142,63.570865162462475,66.32037563765961
9642,67.75010096357002,68.4628892000485,67.43550468803039,70.19125809383868,68.50776138270598,68.46950286563872
9756,69.80711461785961,68.69590830846086,68.70027251293624,69.42606858428816,67.60214215648737,68.84630123600644
9774,73.55413595256282,73.47055195418488,73.26217950054063,72.87089682335552,73.51375846160653,73.33430453845008
9775,71.94227490678149,72.5834091792026,72.04984272297747,71.13215385752521,72.17822971740168,71.9771820767777
9781,66.55759917842387,64.46267970439416,64.12957640489921,65.77240399636607,65.8659161516396,65.35763508714459
10094,71.8980406450862,71.5318623625271,70.9827512845779,71.71917880892636,71.79107011925315,71.58458064407414
10339,69.38160005830649,70.27294622200259,68.6405518796064,69.25539752218418,68.51246767080094,69.21259267058012
10443,71.07303959702043,70.26337236292186,71.5121355504114,71.89025439183963,70.18066894441024,70.9838941693207
10502,60.07886982226432,58.794231881419016,62.27262098806886,57.2890721314595,61.0901663101153,59.9049922266654
10631,71.53295329831762,70.47709178526902,70.64445475268434,70.16643910286638,69.91147552263884,70.54648289235524
10824,72.97746599785918,74.92722265988454,75.36941750843766,72.64497393913135,74.82776321213706,74.14936866348997
10848,71.54452202883978,70.58389980861119,71.42027216665079,70.16140872009845,70.65135347003994,70.87229123884802
11228,85.89922228601057,84.27732455462865,83.36793342010148,84.54856779355238,85.3141651264079,84.68144263614019
11244,75.97816232940191,77.3097331497351,78.03208208453232,76.10094691639232,82.25700971873374,77.93558683975908
11293,72.28333745839898,71.79159677028613,72.39555179044416,72.1981258593157,72.33268809129254,72.2002599939475
11339,82.63331249613152,82.53367359328742,84.46638031880933,82.75797864831586,83.90785943302463,83.25984089791373
11401,72.12087322050532,70.10257066252494,69.21409637364255,69.3661802425279,71.23943847038525,70.4086317939172
11602,85.81403879823284,86.49728463543228,86.29042985864407,85.13439176792707,86.25107883270994,85.99744477858924
11680,77.88540594632848,74.7544804551036,76.58559697213937,75.9848313355287,75.97265260534225,76.23659346288848
11782,87.48723463827663,85.44650295912616,86.83193266821407,86.49759208020527,85.93273224447485,86.43919891805939
11802,64.91953372010548,64.77649733763089,64.89013129471223,64.64865205830631,66.01232602881385,65.04942808791375
11862,69.70536949680623,71.29446858867108,71.55155415463658,68.54438707506336,69.66169423726727,70.1514947104889
12075,84.82875877913581,84.249150320224,85.25989226669314,84.62756323895378,85.09400203237938,84.81187332747723
12137,68.36970322688947,68.93321277236618,68.58862457528708,68.21247002673209,66.3415719167225,68.08911650359946
12154,71.90296599427913,70.73390928721791,71.62411779032902,72.35772299749787,70.5289866961443,71.42954055309364
12208,73.07625258855009,73.45657107484608,73.24830426397733,72.37879431844371,72.70975924195011,72.97393629755348
12381,69.45511412437348,68.9536371736939,68.58718168984765,69.70808697735038,70.73237065304562,69.48727812366221
12387,70.73065303128695,70.88124649946369,70.78677964614977,70.35940800822661,70.17829561240357,70.58727655950612
12414,71.22104083886232,70.5774407501833,70.58916413449623,70.42428493352634,70.12425052944512,70.58723623730266
12431,73.42165423939888,73.47303638247081,73.79137735273588,73.89565149147904,73.15383548733206,73.54711099068334
12432,68.81579528322392,67.05760747142843,65.93367152889013,67.33815003606365,66.79532234336367,67.18810933259397
12443,62.55519421520501,62.63689858641552,62.408438602255785,61.689711833982116,62.15116731711549,62.288282110994786
12486,65.5996252680473,64.49338638450041,64.56780875229393,65.5472127839579,65.87891228565131,65.21738909489018
12554,72.67870643216871,72.65046328680003,72.22458503283524,72.48202071860864,75.41766560274426,73.09068821463137
12556,74.27868455800493,74.27881647517242,73.23851157435547,74.91754338839557,74.23231454892398,74.18917410897048
12563,71.2148370645084,70.69538429917182,70.69681178447026,70.80388267813234,71.2429722777386,70.93077762080428
12579,71.6859250654377,71.7693580696784,71.0795141574175,71.71542995617872,70.4844661138344,71.34693867250935
12583,74.03029641859403,73.29795960057983,73.840148406794,72.47240074787888,73.21733652850583,73.37162834047051
12596,71.08312445952683,71.6845966582948,71.55716037925072,70.52558431451999,69.80316852872416,70.9307268680633
12600,70.79764315981163,70.0534704811815,69.99574771298398,69.76138520077397,69.606221234269,70.04289355780402
12621,72.27271172782858,72.10424087869205,71.67763958559011,71.59413642076353,72.29023085326354,71.98779189322757
12633,70.68108694020177,70.79576469350916,69.43578948975713,71.20062828370754,70.18856400893293,70.46036668322171
12734,71.37921087297056,71.19011483958407,70.98630118727218,71.47686491384977,70.69362070288747,71.14522250331281
12743,78.28361348985133,75.58947248431906,76.99260593148713,77.40231033177946,75.55187855226987,76.76397615794137
12820,69.8874362592446,70.97906207560895,68.40991507842905,71.15593954611019,72.45150844684412,70.57677228124737
12897,59.33462186548063,58.13968084425657,59.68549747336799,60.43949723684739,54.24516888956584,58.36889326190368
12898,73.58201166443263,73.5817892430723,74.09612558517306,72.96214709632437,75.82812493844125,74.01003970548872
12931,85.22410229221921,83.33009768212521,85.53602809274747,86.38366575691346,81.21915307131373,84.33860937906381
12938,67.62485692018531,66.12486357365974,65.88048935776436,67.99864359226494,68.9421350187979,67.31419769253445
13127,72.93770518758039,72.21325806263036,72.55396259352267,72.48854147103224,72.45527881786478,72.52974922652609
13147,66.43725123237984,65.30805441998812,65.18453146927767,65.38979740037037,64.58396111109349,65.3807191266219
13615,85.00237975329057,84.84621396315066,84.46131394994704,83.69264106391427,84.99947830462354,84.60040540698522
13652,70.65207781199062,69.10090569010605,69.76721549148408,68.88971818169804,67.3687403024228,69.15573149554032
13696,65.69756081508201,66.26447792587025,65.07964489755891,66.7659463092119,68.5622453456468,66.47397505867397
13930,69.46597145210218,68.95572257378899,69.49266120670752,69.48281349636733,70.30853802706004,69.5411413512052
14104,74.39741752655935,72.78024898288223,76.1625557084113,73.20765558166244,71.19928565445716,73.54943269079449
14725,70.11312207688239,69.33897387534742,70.20938553885209,70.32011966602079,68.85325691816603,69.76697161505373
14738,57.25858244352795,57.168008895701085,57.830549749264705,57.72978473711145,55.16447706868186,57.030280578857415
14839,60.82950318307281,61.75719256720627,62.55671466650498,62.35383485222153,59.865815191633544,61.472612092127825
14962,69.20276058180842,69.07812622959729,67.78967465872397,68.69171757381551,70.34859741045827,69.02217529088071
15116,70.43379828111819,68.17272552838325,66.0268825606772,66.13185835683127,69.76530160540479,68.10611326648294
15127,68.22328474431858,68.49387171219276,66.94131321248645,67.05557037877958,62.1288344131827,66.568574892192
15203,70.50190713866009,69.9219573303725,70.6497251044543,70.00229560624643,69.10473363654667,70.036123763256
15352,70.69498665750758,71.89345749908733,71.23245986964307,71.07457940102616,72.51732565463914,71.48256181638065
15357,72.8079894463756,71.1099377776466,73.31893626614233,72.23405799529134,74.16416259362983,72.72701681581714
15524,85.46779779477485,85.83717066519188,85.4255704101629,84.08010805765126,83.50392864170529,84.86291511389723
15674,71.01366733877269,68.72676484078467,68.76887307661087,69.03763874610038,68.28770953549231,69.16693070755218
15884,74.99808996198584,74.13116584520925,74.89375620719159,73.38757066113608,73.71417297381181,74.22495112986691
15994,74.69710964587557,74.7445246172426,74.6968670543917,74.61374963833573,73.78630800075732,74.50771179132059
16013,72.4338831488418,72.35057745404123,72.03231072499972,71.29848926454764,71.13107212215517,71.8492665429171
16460,77.9405323528102,77.98487016262233,77.63924067662687,78.76928701395306,79.13043980743994,78.29287400269048
17377,65.12036617504658,61.91788220983458,65.6058390062968,65.02244047407197,66.58121713381621,64.84954899981322
17711,72.55960350027904,72.99272415410051,72.9396719155799,71.23110640634128,75.64060784460558,73.07274276418126
17918,71.36158191766478,70.95874367599971,70.73572877265418,70.4828207316017,70.91203433247509,70.89018188607909
18082,72.395494121497,72.18532956942984,72.80516050791758,72.07032448890033,75.01802118420548,72.89486597439004
18121,62.99870536787107,62.37337612701235,63.51804252491492,63.15571271325915,63.804653351396496,63.170098016890805
18170,71.96972596472736,71.20018918031795,72.14034185351564,71.46721034693024,71.33528677309482,71.6225508237172
18245,73.15573134055909,72.65500778207932,72.99972788641497,72.64946313198675,74.09515059293274,73.11101614679457
19144,70.1886028746462,68.64522124380593,69.37112264550561,69.43351353019617,68.67503328246993,69.26269871532477
19184,65.98979756446697,64.75984407686684,65.1968311015488,67.14403362971501,61.98663305500552,65.01542788552064
19185,67.89319427495582,67.72347586246312,67.92516749855514,67.82488866621891,66.03246255883265,67.47983777220513
19291,86.46295690343331,85.31088322325067,85.42460374229866,86.13676410471756,84.1447163967729,85.49598487409462
19349,72.08794757842803,71.57118570730094,72.4349673436684,71.6913918923969,72.84565123406418,72.12622875117168
19436,83.82573279554607,82.89158992100796,83.28573053662116,83.51657864768573,83.5988885105308,83.42370408227835
19858,67.36781646528797,67.4180540808848,68.6844310853428,68.50055038687614,65.27083320976476,67.44833704563129
19894,60.1323059389671,58.41220575116781,59.767192452477744,59.64910903300068,65.04495404111618,60.6011534433459
19928,74.04351641786826,73.89340682221862,74.20057098752604,73.73901702727724,74.60654485680762,74.09661122233955
19948,72.30656969229116,70.74951714253885,71.83331130635496,71.90886870246948,71.30840143675023,71.62133365608094
19960,75.52445772601106,74.26065409709601,75.14407867281142,74.29634387655045,75.04078507431218,74.85326388935621
20147,69.5167829004977,68.7220508659324,67.9050929107577,68.54701358162558,67.99393847422677,68.53697574660802
20272,65.52697477835896,63.677682760824005,64.71979723023924,63.91693703709268,63.25679427050502,64.21963721540398
20363,72.86078414218652,71.90190224762156,71.00339281670098,70.68131754633352,72.03322265777707,71.69612388212393
20630,70.54998205566551,70.72980950109142,69.13910006459696,68.7623226190644,66.09401339490292,69.05504552706424
20910,71.57566009840001,70.90620982791276,71.18857689861406,71.04201287202149,71.27196486613505,71.19688491261668
21366,72.42053895956326,73.02244953339401,72.07694121837716,72.79174390729113,73.4801212726926,72.75835897826364
21455,84.42626178670767,83.84786082129516,83.70900239896288,84.63971305809949,84.87283084102233,84.29913378121749
21525,60.65768520778389,58.488217001665305,59.563695740202895,61.37621764175242,59.88095214659843,59.99335354760059
21584,72.23701297572639,72.78834068215342,71.48750931235134,72.84125308369612,70.85244262453709,72.04131173569287
21732,84.27662546238486,84.6857021221616,84.62013458472133,83.93961237008696,85.23188908753292,84.55079272537753
21741,72.39165236454204,71.72274851558716,72.65011309602475,72.09073238834043,72.01502522571604,72.1740543180421
21756,81.5840875241306,80.72501137424312,81.36434550229671,81.1983983859833,82.47050565820881,81.4684696889725
21821,68.10305900732462,68.52735560661651,68.69443089131283,66.48550740890029,66.56136773477179,67.67434412978521
21931,73.33599377167513,73.3666573714355,73.62493706538466,71.77054986082085,73.37984640469882,73.09559689480298
23041,71.15428007120562,71.47491063285528,71.14593047484884,71.73439176542325,70.42242497786177,71.18638758443895
23309,59.295752932126675,60.11717369117385,61.13285102820372,59.973087793129125,61.92192584861833,60.488158258650344
23600,72.1940855196153,70.05980118277769,72.48206798301837,71.94594776434515,73.17093334311127,71.97056715857357
23647,82.44778306343866,81.208979106272,81.21943797537938,81.94574974127288,82.88735356164244,81.94186068960107
23680,67.54365645089314,67.96895823204915,67.66707288935666,66.5943864991892,65.87996623907607,67.13080806211283
23739,71.0164528858265,71.08825938171819,70.72843523906505,70.04641070412029,71.1852369704971,70.81295903624542
24297,71.24166323826958,69.46662079810835,70.18532116093596,70.08649955558496,71.43548455357383,70.48311786129453
24871,71.44965878111911,73.1378907094524,73.19839478069956,73.59143899302366,74.91546391202526,73.258569435264
24920,63.60298653890651,64.45353722499071,62.27543722159139,64.0856088919183,60.67133153889553,63.01778028326048
25447,85.26454227330093,84.87676400026979,84.1572402057688,84.52437132894713,85.48640479598077,84.86186452085349
26409,72.86119779890862,72.86094202826723,72.23279328525815,71.83515024725926,72.65316431802361,72.48864953554337
26799,84.79285343977922,84.67988789406682,84.00604894171758,84.99685111335288,83.9959516072047,84.49431859922424
27145,87.65917464823002,87.25536390946615,87.86832804394486,87.9891739500034,85.4436701167924,87.24314213368737
27172,61.50238117117157,62.33366055397148,62.07495863748443,62.25860469101448,62.49436291707129,62.132793594142655
27484,63.28466092885849,61.43735044404135,63.30835840690566,61.70279377703061,58.87117266993382,61.720867245353986
28420,71.9774210972315,71.94068192755056,71.93310999853524,71.48475876125134,73.10754404131093,72.08870316517591
28487,71.0110501557496,70.71590606357452,70.4091876510019,71.8203372634329,69.11772219620194,70.61484066599218
28567,72.382715484422,73.20679959504129,72.25550983446745,71.77462112787997,71.53433712466479,72.2307966332951
28718,66.57801838418553,66.5606954742025,65.13696068716614,68.42155687614111,67.58737120836015,66.85692052601108
28902,68.6319122620387,66.21864447448867,68.40171270360179,66.81949134150321,70.42126545867939,68.09860524806236
29077,52.55885451159211,52.836510343699345,53.21791475546152,53.42976530118303,53.81436661719538,53.17148230582628
29377,77.14905886749935,75.67572511225303,76.39984152467075,76.69760841372633,78.56792735335289,76.89803225430047
29387,59.38628946792229,60.187648507506665,60.499864673277486,57.97764695051669,58.941934274642506,59.398676774773115
29401,72.64128820241322,72.37587293628772,71.56058165691337,72.14626643267403,71.53475124489728,72.05175209463712
29462,72.10987052940787,72.34855692348722,72.9325026300557,71.46751833584403,71.6554882859831,72.10278734095559
29497,73.61918662374468,73.60190097758509,74.07766706469198,73.73984200235797,73.92948149609961,73.79361563289588
29517,73.36850052658012,73.28741869343587,72.63043466129915,72.39938372372357,72.57644742130127,72.852437005268
29550,67.26309961129077,66.65246594504896,67.0397670599328,67.21473482874536,66.9558404340269,67.02518157580896
29936,62.64643907138501,63.038331355327124,62.812052826541276,63.26773921176378,63.20658663019685,62.994229819042815
30192,59.04496160078232,59.98919664918331,58.69148938543364,59.53944420919032,56.948841395262626,58.84278664797044
30354,72.50662684290005,71.98334275840388,73.48824465722703,72.08204500677871,72.15679536876375,72.44341092681469
30713,59.252281602949346,58.38825158312761,59.628548724210404,59.51444538589202,62.31485874206954,59.81967720764978
31040,72.5395592260879,72.4231116809123,72.5425614339633,72.77100240212071,71.92231373589726,72.4397096957963
31207,65.53894515938181,64.36614780765727,63.3696962327211,62.48754116942532,62.51788221295092,63.656042516427284
13725,81.38765176110475,81.5888092952628,81.67402898026673,81.05150678384652,81.89445890742145,81.51929114558044
14949,74.4224198031797,74.86951264614078,74.7813360449601,73.34713446326853,73.81629890474707,74.24734037245923
8485,81.8892595222325,82.46734264879667,82.20784081140542,81.7299468372862,81.4211450743256,81.94310697880927
12555,67.25916592029932,66.77371690992256,66.33193156232818,67.92144914721172,68.07857950768354,67.27296860948907
24629,88.09039505473054,86.30742594439585,85.69809250935909,86.7074293295461,90.28871356840172,87.41841128128665
20420,61.805148862763225,61.49293754990721,62.3258796483977,62.588423047709675,63.69764865497848,62.38200755275126
9438,83.70828629743517,83.67580070039001,84.7375612140085,83.70765795909453,84.10263882150201,83.98638899848605
17420,86.9969887212214,87.71455369073637,88.39052943099881,86.93509610159812,89.90828999655719,87.98909158822237
15022,65.25816536145669,64.91674580394083,64.42591302014534,65.1789430467988,64.7497562979984,64.90590470606801
7101,81.13823289288351,81.83554739242642,80.43884880526419,81.14176872771282,78.55231498756027,80.62134256116944
28980,85.62293213428848,84.88780078291474,84.54990417521809,86.50154006242981,85.95250897906287,85.50293722678279
27014,82.68686219296127,83.60484645670796,84.17128461325554,82.73620888419974,86.97163536549296,84.0341675025235
8660,83.87446763318258,81.81034178078836,83.464865409899,82.8548882698446,81.56055677363392,82.71302397346969
20090,71.3203104139459,71.16783267137137,71.1322222590387,70.69827495357819,71.6540863951489,71.19454533861662
5120,60.448230396515804,62.90281792726309,60.64214020419775,61.87908681345945,60.08708568045107,61.19187220437743
21967,86.05749348175846,85.1552287211639,85.59636234099995,85.59122934834814,84.03781496758869,85.28762577197182
20094,81.91163479670908,82.21492468746702,81.66618501479901,81.75426864196999,82.29214749092655,81.96783212637432
10805,86.59567910795431,86.31850186905358,85.36381293028687,86.24308281615367,87.18926179193721,86.34206770307713
922,84.60300044853477,85.43548276365735,84.70749506731737,84.05958335194694,83.65332253067334,84.49177683242594
2293,73.80138088381142,73.56403340789566,73.56432086217133,73.54890638180605,75.37540307769515,73.97080892267593
17325,85.47303939310369,84.41686920938795,84.80753171865807,83.7059900611731,84.83359826831771,84.6474057301281
23990,82.39288800317219,82.07649857357218,83.56359447550633,82.74729085536396,83.01822900794691,82.7597001831123
26700,83.95525475208791,83.44361263493188,83.94031575725029,83.57382109749904,82.49265659884513,83.48113216812285
1387,87.00721366086816,87.27593289943925,86.32724984267578,86.96237077939608,85.99430986859541,86.71341541019493
9814,86.50074255762937,84.55785985869683,84.96988206549037,86.25078879737504,85.00147327031083,85.4561493099005
15604,74.13676151435047,72.94415206677316,73.10684635704067,73.78896658477404,72.67386320608446,73.33011794580457
8165,83.18591754605985,82.64993122135937,82.44638757043982,82.7314923246801,83.1216102412581,82.82706778075945
27547,84.40739873781531,82.94919958285746,83.158061693243,83.69214812866213,83.5599040086953,83.55334243025463
21870,85.3642804459327,85.69052438111947,84.23382510442822,85.18550749147002,83.80311000440787,84.85544948547167
414,85.10521498948789,84.86744982075959,84.31427133569728,84.38866101485893,85.27403826193512,84.78992708454777
29202,83.7810694590717,83.63748841926898,83.63090145387802,83.6335388590826,83.25630183658095,83.58786000557646
6313,72.16486500583561,72.44187444210091,72.67232907080684,72.65904224740446,71.81029753779454,72.34968166078848
15575,85.22648216550685,84.88653972528361,85.69000640814434,85.83741996792091,84.8543599846477,85.2989616503007
9804,85.93168796285852,85.1977611588674,85.25689775525721,85.59338090319967,88.1099562500781,86.01793680605218
8751,86.3861968039427,84.71033926642626,85.19077760381703,85.94116437360407,86.48311060117216,85.74231772979243
30265,80.84363292792176,82.18157374726098,81.6512801165493,81.26114848352525,80.17344730593115,81.22221651623768
29286,85.15000329852623,86.00543133471324,82.42467158965484,85.07531107901808,80.25424444077734,83.78193234853795
1220,82.7762639508816,82.22037431553596,82.8406103599678,82.23201323402202,83.6136886333451,82.7365900987505
6036,82.36686377281312,83.78547798095903,83.83374919480359,84.54884875315108,79.93469781789172,82.8939275039237
606,83.1547555239006,83.03806350369183,82.6603147171442,81.6927727681304,83.37630011389827,82.78444132535306
15380,85.08708600343621,85.72979054641574,85.31303520295451,84.40557281085094,81.86480955136757,84.480058823005
25287,72.88726435140804,72.09917299004489,71.69212058576383,71.0891039846407,69.29150668269315,71.41183371891012
12153,87.54763397453837,87.13048737620662,85.9389334242688,87.0411176066724,85.31354065629054,86.59434260759535
16042,82.98979046030966,82.51525763999362,83.3957309582758,82.16971100878764,83.01251972515136,82.81660195850363
1839,88.0603772947863,87.64156470189967,86.26904406008897,88.75919517891349,88.67699446896478,87.88143514093065
14388,70.42561583886146,71.43242467488687,71.80484282614367,70.54775604865748,72.99400716230198,71.44092931017028
2645,83.29691039039986,82.49336895797249,82.60686509419405,82.37944195932256,82.12517301784371,82.58035188394653
29724,82.01163415798408,82.64383638404847,83.40024964410192,82.6985024351458,83.60575867802102,82.87199625986025
30434,86.91871174902448,85.24412146714813,87.02319128464936,85.3853715044551,87.9527335222408,86.50482590550357
11631,87.22991312685431,86.78183909881534,84.44137450324482,87.00769678520132,88.49919742855955,86.79200418853506
21966,83.77956868339562,84.92142185386689,83.29334794296128,83.43253805556374,82.81923215644821,83.64922173844715
1726,64.37403999689413,63.41632022299125,62.53955645209519,63.66008170616128,60.951680982137354,62.988335872055835
22012,85.8064145663224,84.6763850087327,84.79814926482318,84.67983183690657,85.7065875016547,85.13347363568789
845,68.32708449642016,66.45927439271162,66.02720020116345,66.66534242597646,67.15374022917112,66.92652834908856
21981,85.2215803384923,84.49200514574021,85.1714456965493,85.389089617246,84.64775801913417,84.9843757634324
22374,85.56708607785033,84.38570458177958,87.01770114632647,85.36723655917007,88.28062565553516,86.12367080413233
16450,83.63666892690316,83.65194393940347,83.7058955738246,83.60185423891505,83.04540414741949,83.52835336529316
22001,84.62671966167382,84.76799941558286,84.7545092774081,84.92910640209674,84.41756424705027,84.69917980076237
22543,85.94545523945911,85.88905920469975,86.63455119209534,86.46896471069942,84.00279257264269,85.78816458391927
28478,83.50550216869559,84.24759000606225,82.74692892798898,82.6010082725891,82.25522247124805,83.07125036931679
22572,85.52756974275367,85.48283796630326,83.59796493328888,85.53285987969798,85.64317081413249,85.15688066723526
6383,83.84398935115665,83.20716806217388,83.25161361074468,83.5061045034038,82.46887580399407,83.25555026629462
2637,68.49308769259457,67.37808248312234,68.37212393409567,67.98247663489454,64.91221376549517,67.42759690204045
5415,72.73448684199488,73.7355288355905,73.85069502731429,73.85284566998962,74.55057318950634,73.74482591287912
16146,86.56199628069965,88.48235367827066,86.16014620291699,86.97989719612629,89.62731022862374,87.56234071732746
30880,64.23454198640042,60.8428761989544,62.0355568703507,60.03993623272447,65.75952745347699,62.5824877483814
7616,83.79875082163922,84.65222188254015,83.83760950251782,83.62475256634283,82.68459977913831,83.71958691043565
7806,84.91159163647471,84.7055929726454,83.73977987741917,84.15595506509563,85.37992505063531,84.57856892045405
22513,87.33822655930811,87.33821513519496,85.82873510251629,87.46336850999052,86.15900393616737,86.82550984863545
6168,84.5117183202904,85.1241853123155,84.76960861588307,84.14617958339748,84.20489987908802,84.55131834219489
17464,70.06098877243696,69.95347939992398,70.33231120853358,70.22735301097305,70.35285755874087,70.18539799012169
9145,53.900834031150495,53.76959463761568,53.76949307018872,53.87380859691668,55.59500891402448,54.18174784997922
16041,83.41851959628934,82.76741865317896,82.84963676147984,82.57659094219046,79.56253013834798,82.23493921829733
209,83.71442344213663,84.72017098188513,84.54465222709477,83.83872524870962,83.58409737713484,84.08041385539221
20351,86.97995594268639,85.22215691797506,85.80761657222105,86.68137664498805,85.94175680252349,86.1265725760788
29934,84.12902255784749,83.47144287385609,84.40856706187101,83.7358290717396,84.21070339506952,83.99111299207674
13666,70.420378793507,67.90315085327177,68.56089859822042,69.50666437980195,70.65041653606,69.40830183217221
8611,70.43551983305873,70.58649684859219,70.15036745596397,70.03398629697476,73.13375945055039,70.86802597702801
1686,84.65962284154976,83.42183043071866,84.23407160016791,83.82010546209133,84.73690946519942,84.17450795994542
30380,83.87170228450466,83.60329987387915,83.93794443060287,82.70564092320828,84.37923493659864,83.69956448975873
9426,86.04469444418925,83.8792298979172,85.22878132558193,85.74801120929696,88.69094240689861,85.91833185677679
7973,84.00314177142245,83.42703096089572,82.8611886019579,82.93234954091628,84.99942226948357,83.64462662893519
29526,71.73151361427126,71.38287333807871,69.58616209528549,71.33113381461719,72.58734549006277,71.32380567046309
1993,84.7945553026563,85.94374598146705,85.09613624394576,84.3556758423456,84.12386661755086,84.86279599759311
13599,85.82985294460562,84.51332575492289,86.55197569645583,84.22066967708506,85.49331438935887,85.32182769248564
20342,87.32083700451209,86.08476092075324,85.94187688480429,86.73477323496346,87.00781827752868,86.61801326451237
15527,82.30799749233763,82.20011690312957,82.59565485728207,82.24392985787138,83.15297952111716,82.50013572634757
31096,85.10254418931186,83.88168194384592,84.4937003804929,84.63149978441854,85.68628312213885,84.75914188404161
7595,71.11126148550768,72.41642422047036,71.76118364910931,70.830711547791,73.35336498027428,71.89458917663053
21728,85.02030362143459,84.6437577551454,84.52870633078292,84.73819121432231,85.0305954344581,84.79231087122868
21605,83.77179344228516,82.64276540120065,83.36865733805458,84.19702619918881,83.11545628304879,83.4191397327556
4599,83.68480023864058,82.89865547061014,84.45728232670086,82.78617084001475,83.8341318062693,83.53220813644711
29217,85.14443897379863,84.55814798398298,84.05828449430234,84.4664464234375,84.46524958961083,84.53851349302644
11856,86.3249741073067,84.19077592716418,84.39115810937076,85.64255817835432,84.48435089397906,85.00676344323502
8580,85.81048028484065,85.05000666742514,85.35201163522086,86.8336417836113,88.81648466817592,86.37252500785476
9815,77.68204213411352,78.82896750322207,79.90117169995601,78.39630989694882,77.22184482647748,78.40606721214358
7568,82.44753232074319,81.27758180960485,80.54566682378018,82.41843274008981,83.13391675624018,81.96462609009164
24703,84.26844843734796,84.14152525372053,84.00375877942376,84.34137999666311,82.97128109539968,83.94527871251101
20151,85.43429278985006,83.62255617707135,83.29451208195776,84.59572491128152,86.49095148460971,84.68760748895407
1956,84.53685254181252,84.3425998148404,84.93807353646149,83.97857782897373,86.47613713284463,84.85444817098656
28677,66.17924470266942,66.17215977610931,65.36493318694893,63.884745596731655,63.124186389341546,64.94505393036017
8156,68.13866345711882,68.06296739781081,65.68970902081719,68.7683364685022,62.49025318790691,66.62998590643119
20002,86.58590950442009,84.94542601653241,85.81117156967744,85.62372949992704,86.01606778847825,85.79646087580706
9247,69.90071203728093,69.18111518491419,69.88537702106136,69.94314268952712,69.8240866641824,69.74688671939319
31276,70.85804673379391,70.79760627357614,70.73783458982248,70.33969160200938,71.5793417962142,70.86250419908322
30365,84.54294160374009,85.66905866533169,84.99650699755718,84.31758655201548,83.18908120577446,84.54303500488378
29552,71.34436445214564,70.52993114048043,71.99585968697525,71.01947251643382,67.4440724310146,70.46674004540995
1617,85.25915642244823,85.87012072479823,85.70550707960612,86.31033032954089,85.40942906784228,85.71090872484714
21803,85.09699246675933,84.95327916616327,85.45735508506489,83.50145010486611,85.17669263350325,84.83715389127136
25111,83.95932584360122,85.41100810678643,83.96571266403592,83.11275283325699,81.0146493894567,83.49268976742745
2467,83.03936052003475,82.5086518861776,83.3352602984336,83.20324317381467,84.2838436806561,83.27407191182334
22273,85.53776711742654,85.26293791979111,84.97963716486409,85.05140197820853,85.7883099283395,85.32401082172595
19910,64.28594122343932,64.52670693391522,64.42174994851132,65.74745449043681,67.20151328861266,65.23667317698307
19226,85.10816681025318,85.86545036750992,85.29984139035261,85.66354862436337,86.76165273805428,85.73973198610669
20104,87.17755999131722,87.7393060948845,87.3303750744158,87.45351263957726,86.88832687891316,87.31781613582157
30419,80.8310194236233,81.47735126155693,80.60078403310115,81.2653129218535,79.60565127082495,80.75602378219199
22334,85.80518964762553,84.4863574022023,83.74373150454363,84.78409513767808,83.82340584895232,84.52855590820039
14777,73.76758116233056,73.42761751261371,74.44056107616778,73.61767948548194,75.91212933474608,74.233113714268
10143,70.44678644819817,69.92037027727825,69.88152686850303,70.0665575980135,69.00419340862709,69.86388692012402
7344,85.86212621387155,84.28202758301451,85.26587376036467,85.14235084422855,84.91679745786568,85.09383517186899
1343,77.96770228809163,74.68455065309942,76.06469388152618,74.98319508597531,82.15763210292218,77.17155480232296
10522,83.25436767897655,83.808435974259,83.34331769063488,82.39302020057477,80.98654704485523,82.75713771786009
29794,83.4062235218063,83.88392286847694,84.3077260971876,83.3144322114207,83.15815152708203,83.61409124519471
14760,85.48724564316633,85.91533663226502,86.35388623991976,84.98865518049246,83.88976116244535,85.32697697165779
29511,84.49131671309263,85.42366589170341,84.84444907080484,84.61978366840947,84.2171473579056,84.71927254038319
14971,78.07802559573031,78.8523710629818,79.55424716722905,79.40567223983435,74.3298466843766,78.04403255003042
16487,87.50798224110126,85.26900532047728,84.7111386198613,86.7468708796989,84.28250410719708,85.70350023366717
21916,83.81643459215255,83.99327038260287,83.99032898341856,83.5822844274654,83.63543484216494,83.80355064556086
5954,82.65951761179537,82.94448086884377,83.20945217341617,83.40636086957943,82.68216819719842,82.98039594416662
5385,82.7002913950292,82.66042032825828,82.93678632124093,82.60394903726655,83.66861289157622,82.91401199467423
2387,68.95533608768046,69.52406040182261,69.23899229764838,69.5098643058835,67.74741025161299,68.99513266892959
28969,87.90047291873519,87.87983010255263,87.6461333714049,87.36883442824058,86.10655953013308,87.38036607021328
31258,87.05240835886757,85.26678502883055,85.25570928053912,85.39187324326781,86.78942876586241,85.95124093547349
28957,70.99694378711122,70.82147230895949,69.78670199738387,69.85965356775434,67.1086888672659,69.71469210569497
27446,87.01865961938658,85.6467452605491,85.25159817403588,86.01493374229551,86.52488042348651,86.09136344395071
14927,83.78668249434638,82.88383855850009,82.60827618267997,83.88064349893948,82.40829625100835,83.11354739709486
10280,85.66951091513567,85.53415578247409,84.20106851455272,85.74681367440064,87.67793701228658,85.76589717976995
11324,83.80499287273155,83.03734127462124,83.25112891301926,83.18689165453462,83.24849728118895,83.30577039921914
8164,88.62068341988648,87.58511981585987,86.56340312415122,87.33883247465982,86.4348284727884,87.30857346146917
20446,78.07699913553407,77.71567840419475,78.90221062925582,79.11761462795876,75.94588899475752,77.95167835834017
2148,70.142727658465,69.60108116066428,70.59276904177855,70.59639053238043,73.27019134963213,70.84063194858408
14220,86.37848944055293,86.53237378164884,86.17148728364567,85.7407530717427,84.65435153063493,85.89549102164501
30949,86.11386307101435,85.68953414983447,85.76252993901728,85.37753596080674,86.42421899282749,85.87353642270007
26432,83.95975120753185,82.98218075876913,83.19019096619911,82.05465044186182,82.98388353370471,83.03413138161332
7757,84.19288741398148,82.21320198278765,81.1263905634312,82.17227643041382,81.17466250100064,82.17588377832296
7488,82.42402301212257,79.54300321478587,81.4483464354292,79.66371402534998,80.17619622330987,80.6510565821995
8397,82.81224733199615,81.75353612421127,81.18575896128871,80.60435140674475,81.52030822032981,81.57524040891414
7270,89.34399315213318,88.68169399069517,89.00733746512103,90.8827190989702,87.42433122880468,89.06801498714485
21954,87.3127261162982,89.56065482149896,87.95361602550015,87.91786514486732,91.31179061136842,88.81133054390662
3205,86.23033041949687,85.65799799823772,84.64905160215892,85.04814292587697,85.08754565034582,85.33461371922326
2760,86.560134699183,86.55251899012812,86.90400196522843,86.9894607044987,89.86037117161659,87.37329750613097
7785,83.4574566829385,81.90993640042339,82.02657121928037,83.08118303628831,83.21101387856349,82.73723224349882
28682,88.6054899193058,88.70569248682895,88.02141932017305,88.86005757503568,88.12453136115101,88.46343813249891
29468,86.27487418762767,84.83919018123561,85.63504668511614,84.72266355103135,86.35462651760247,85.56528022452265
21610,84.40498103292387,83.57779765541592,84.68361260538448,84.31857975151732,86.48174197131964,84.69334260331226
8540,87.14110423355577,85.79108053312481,86.58738399074204,86.74679241039009,86.44079178601083,86.54143059076469
23659,87.74455151659775,86.96805141153973,86.75009137143314,87.1459710318851,86.06463291723169,86.93465964973748
14782,85.47875643576324,85.19414335642941,85.02573469319658,85.20860003632933,87.82671782648444,85.74679046964062
30868,82.06329279326536,82.05780028281623,82.75930800944201,82.79288486239832,85.91048351070455,83.11675389172531
29276,84.98158312992135,84.20754210720871,84.23448922984727,86.75947311209612,85.07028873756438,85.05067526332758
6996,81.44013185052574,82.25518431509825,82.22574333261637,81.35992431089765,83.98352339762825,82.25290144135326
31018,84.73960767008033,85.1943267869834,84.988473871939,85.46179643549686,85.68032378329053,85.21290570955803
10580,86.00896529266767,86.16900553930519,85.35336600917641,85.6638545410383,87.01478906658603,86.04199608975472
9373,85.28909628210901,85.10202503836057,84.46333252901425,85.37510423293726,84.6713220630514,84.9801760290945
21895,87.09316177604865,85.5842797386495,85.8567104749594,86.56039610493042,85.71635651852927,86.16218092262345
14404,85.11543497080496,85.1823811871995,82.85318141174331,84.60734274880068,86.25507214509945,84.80268249272959
12828,82.45209027972716,82.21949017600701,81.78830395562328,81.7071921424575,82.29145209543192,82.09170572984937
1544,64.97437518244307,62.25435564633313,65.96197142437772,61.988326097763704,69.56918474711283,64.9496426196061
10858,84.39184843315776,82.74481286891282,83.76830840589369,83.36268826213814,84.40159814747858,83.7338512235162
15294,83.10864353108339,82.1175378620519,82.3011239591498,79.28752126335742,79.23670668436786,81.21030666000208
10480,85.04153740307281,84.66534566255498,84.19000472697293,83.0635060716878,81.23229247961291,83.63853726878028
7386,83.10585644846526,82.1968838094146,82.00513229448161,80.54510945162208,78.7016503266034,81.31092646611738
11860,86.00673343787078,86.92257654281623,85.98126987306667,86.48767338096775,85.6959715980951,86.2188449665633
9040,64.57616571682777,66.84959247740701,63.63957970915871,65.63365339085745,64.53861733048429,65.04752172494705
8451,84.76946892295132,84.50073391771055,83.95410387363674,83.80103359342324,84.37479267659995,84.28002659686436
22455,86.86859242967367,86.65307086765235,86.8776405844787,87.51277673954915,86.80604853552614,86.94362583137601
8390,84.13629128364613,83.54052159524397,82.95145405573138,82.82283431932396,83.9099760090365,83.47221545259639
29310,84.5650433928741,85.10198391325002,84.54165803242117,85.14332058676625,83.77817330441658,84.62603584594562
19802,80.55847247559642,80.30246973163496,79.81950260322073,78.69210973840352,78.44797101300432,79.564105112372
22566,85.66841900165807,86.33645679600193,84.33912192573523,86.59349464230571,84.0622346089289,85.39994539492596
11277,84.40917969147701,84.12079424650314,84.503867545606,84.18597689285325,85.9741161010566,84.6387868954992
10524,84.0364867692656,84.99637951440148,84.97118625164238,84.15600688259161,87.01435328655023,85.03488254089027
13177,85.12394927232403,83.85006042067495,83.78342319428528,84.0047083863507,83.84173286150256,84.1207748270275
21733,84.75959883001545,83.24636567002923,84.18499536937489,83.32256064955205,85.44958399070458,84.19262090193524
13607,88.46714071469314,87.76283894500479,88.3876366549428,89.08101191561039,88.954313613426,88.53058836873541
15061,84.88525379409056,84.77607323250248,85.3515161322222,84.3096947381094,85.93021196336973,85.05054997205887
2224,78.33970284711012,76.86623121022346,79.55420053940895,74.61446505711834,74.21842410909122,76.71860475259041
9353,87.9357795927261,87.76712320791316,88.07406066526785,86.8792057482477,84.07076426908137,86.94538669664723
4321,88.08963237451992,87.12585180550431,86.55456587273548,87.57269009263305,87.50363808468313,87.36927564601518
21962,80.4772034634703,82.98953631178239,84.04022466887439,81.63217392579388,83.18451702275563,82.46473107853532
20552,88.24640770752772,87.93235725005486,88.06927930770011,88.98015336109384,89.68907137126924,88.58345379952915
13937,86.7107625154099,86.74867207119604,86.0860777089449,86.8410153635451,85.36688693887012,86.35068291959321
21454,83.44116003715617,81.94779296050879,84.18424264484895,82.75634607922025,81.17076376011548,82.70006109636992
21572,75.19971737380104,74.88609535902489,75.36374373250783,75.1196930901155,69.9085216442157,74.09555423993298
8162,87.6061909649903,86.90300877412598,87.79736711908389,85.73487927786147,89.48193251786631,87.50467573078559
5101,69.30516084738093,70.16910068079345,67.60862607825369,69.69789257809207,73.59887620066498,70.07593127703703
7308,85.45468741882219,85.36099484127642,85.49378741289873,84.92639655819963,87.7081000637955,85.78879325899848
21906,88.74258931191365,89.12438400458085,88.0968721373695,88.74846851879714,90.22251816365943,88.98696642726411
5046,79.35740068280633,78.76356200255717,80.34326934336009,78.64347451832217,76.5028640707318,78.7221141235555
10933,85.5983043857427,83.83977887711045,84.42567441632768,85.1829818450752,85.47924119603485,84.90519614405818
9134,82.18216350474498,82.9360000965914,82.27697329668844,82.37913357800416,84.1403475197634,82.78292359915847
11888,84.49594064525193,83.63364791785797,84.08068980590765,82.98695278935418,82.32023243432094,83.50349271853852
86,55.92309765473934,55.71846130401327,56.05452428987773,56.33804941986649,56.95187334664011,56.19720120302738
105,58.77096140923879,58.81334773999478,58.917366401176125,59.26028913189026,57.67549201651039,58.687491339762076
112,52.770345043440955,52.89774095336107,52.65145031533561,52.94816265629897,53.68206413047562,52.98995261978244
133,60.43250764681957,61.517836806014685,60.01844190475339,60.458839182013925,60.62564566428464,60.61065424077724
137,54.29153782379871,54.2353721115422,53.477186841695534,53.98543785727668,53.35708780097674,53.86932448705797
150,59.02801238064351,59.2042641002761,58.14124215563196,58.12321064946734,57.97199136457338,58.493744130118465
155,60.335273038209166,61.22252425293288,59.25937885982794,60.56383864008125,61.20708701986082,60.51762036218241
160,53.28429965271195,53.72209213441155,53.89123381195477,53.930589022846206,53.065979383624544,53.578838801109804
161,58.994445074346466,58.221520992032225,57.5093126012924,58.304300917784516,58.17601541393154,58.24111899987743
162,56.925916771288776,57.417642310534156,57.311664416007396,57.15338656118645,58.91373700694243,57.544469413191834
168,53.858573389848374,53.653565449350744,54.02135858635707,53.55364114927679,54.38588651806661,53.89460501857991
170,54.5402586259157,55.078054529549696,53.731831228015565,53.996880782788814,54.389699518178276,54.34734493688961
179,54.3588643269906,54.55721869043048,54.1788087697355,54.26258452170404,51.95865075302393,53.86322541237691
184,55.99968466130696,55.956593384508324,55.397244331765116,56.12255384786817,55.264006933320914,55.7480166317539
223,53.02275317579566,53.01254293180395,53.173501754426375,52.33479959356984,53.11741540440101,52.93220257199937
241,55.79811944737456,55.24159484495818,56.596180510584475,56.1436262852762,55.532665325136925,55.862437282666065
253,60.302801856323356,60.49072035541943,58.9747047309677,60.308905004022776,58.97533917968971,59.81049422528461
264,59.55167219774804,60.583472362716016,59.37770825376575,60.6818615269976,59.81742923112217,60.00242871446992
284,53.396441459178845,52.892200842773164,53.46662900783692,53.15024031591412,52.73245213881588,53.12759275290379
299,53.12041278207646,52.992745053373405,53.49512312775052,53.10672993967467,53.8003202842502,53.30306623742505
301,52.715478362487005,52.74857286762549,52.3543682227791,52.68931243172067,53.145277379666055,52.73060185285567
310,54.81309019365961,55.41173363668328,55.222914956625445,54.659886716226524,54.35599294212225,54.89272368906343
361,53.55752306564729,53.42325109055144,53.27480738795398,53.00821816664196,53.38225691773035,53.329211325705
377,55.911965092337795,57.15930889626071,57.59222107239418,56.31302724055125,56.58174787789873,56.711654035888536
404,54.18824696960557,55.93328741844774,55.34732138777148,56.060723506731044,56.89550909607368,55.68501767572591
419,55.012354859040805,55.78567263571135,54.289322657650466,54.9229944650953,54.92841274043583,54.98775147158675
449,53.36515514018312,53.452664293464814,52.761082777691044,52.949922856104244,51.91240571003756,52.888246155496155
454,54.49900711421977,54.59898195679564,53.65725976062715,54.25366760445784,55.56707685994578,54.515198659209226
495,53.556482839884666,52.81536491967335,52.757795958474624,53.28087076522613,52.529810831119164,52.98806506287558
496,53.198797707596285,53.43666687258133,53.311591284354655,52.62173975879951,52.432816714073276,53.00032246748101
519,52.58568733785873,51.999918427337086,52.537061911064505,53.01530182742892,52.2251856643978,52.472631033617404
529,54.65163709385203,54.9280291080103,54.32201311504556,54.59416685205023,53.794678564327405,54.4581049466571
534,53.50983589185608,53.04255507121683,53.293700144445225,52.999515565096885,53.310929152037836,53.23130716493057
542,53.57380382291347,53.412132625080346,53.4015524692563,53.443530597467074,53.24992677206897,53.41618925735723
566,54.455200935665026,54.950466575690456,54.067825709119546,53.90357462556587,53.73777320450492,54.22296821010916
567,53.47596666629942,53.380776220914534,53.5533893160198,53.04548460646174,52.49802297196386,53.19072795633188
582,54.31799674011332,54.77030937730959,53.986970511719086,54.077330346447795,55.515166713061696,54.5335547377303
584,56.06659260867637,55.31209168798506,55.85001921236089,55.47843282952424,57.923739515129796,56.126175170735266
600,58.11160208337495,58.36881758473154,57.1338560195531,57.09710407355666,60.482685379534864,58.23881302815022
610,57.57028044205261,57.47398466537682,56.71603704489938,57.51328468675945,58.34866191071425,57.5244497499605
611,53.13118209425723,52.957573241751525,53.12257515922858,52.69631927947648,53.53729166112956,53.088988287168675
617,58.18572278287199,58.25210524605007,57.47144626054815,57.226565757233644,59.33141040110092,58.09345008956095
651,55.52342351459862,55.296220600432925,55.90661323440387,55.95538244111439,55.8726125299911,55.71085046410817
664,53.95095521256759,53.82466488818164,53.463755204441455,53.79346804639738,54.04952545687198,53.81647376169201
698,53.932949172740656,54.20545065533285,53.64700991767652,54.0037377501014,54.86353368557375,54.13053623628504
715,56.138817970965626,56.41249412194718,56.6762409556936,56.41218388895592,55.968964513823174,56.321740290277106
731,53.78811334492311,53.505399990682534,53.61063173438334,53.57243756772092,52.93804668716574,53.48292586497513
735,54.5937645779436,55.31706143454043,54.750032528433806,54.83834334247925,54.8287108543646,54.86558254755234
736,53.31390257086605,53.46640084822463,53.22012747853495,53.72034952410054,52.73818572395577,53.29179322913639
772,52.17939194954197,52.29347678915513,51.99478093393738,52.51445072338906,51.99340971046794,52.1951020212983
775,55.97097526421709,55.60171922641375,56.14853837084765,55.054619868377266,56.1977237766601,55.79471530130318
786,53.045293677731706,53.170267577757556,53.30015008915559,53.40916084254408,52.93853461227178,53.17268135989214
793,57.686221301826784,56.84663612443521,57.37295114112652,58.123821713337676,54.11360505758607,56.82864706766245
798,54.578088681438,54.645305718254136,54.16645695453,53.7984312304518,52.321784690650375,53.90201345506485
841,52.59081218346115,52.70677256839297,52.410747882675444,52.53710222467476,51.788221395390316,52.406731250918924
861,54.22835052063096,54.470424410878486,54.199711952774905,54.26626312310685,54.13579761471636,54.26010952442151
874,52.95508054870625,52.95417583847858,52.7074552383108,53.290505800829166,51.58367518445327,52.698178522155615
876,53.68110384721381,53.67590386336608,53.51667512747249,53.670673610253296,54.205150983373954,53.74990148633592
891,60.071071279127324,60.40959005109082,61.75317009777167,61.73560985652114,58.865460569128985,60.56698037072798
897,54.47348940510048,54.471829101553595,54.20760785703405,54.20329509680595,52.80010315128786,54.031264922356385
923,53.740096674936666,53.77697866024995,53.66519374636377,53.50651590740284,53.30670858805415,53.599098715401475
937,61.07238014144866,59.89089331491203,60.70245673901147,61.194727391734865,59.337682623410934,60.43962804210359
977,54.494098735801664,55.45407509047892,55.22421421157437,55.20112866819076,56.27911485864104,55.33052631293735
1154,53.390536054304064,53.14339703830624,53.544778982449955,53.394192006756356,53.65213902174194,53.42500862071171
1180,54.256994756446446,54.386602899298154,54.14227059580359,54.5703592344659,54.824284821718706,54.436102461546554
1194,54.70093972775961,54.895375749251464,55.154219537916205,54.35793507431255,54.729881508731864,54.76767031959433
1206,56.25083188264325,56.9905846290369,56.80195775711701,56.16447288974605,58.05594029885524,56.85275749147969
1221,55.35941324167571,54.911498994367406,54.60759154120406,55.15672781271117,56.094421014352264,55.22593052086213
1228,52.53238907273505,52.32471153510097,52.4162255799113,52.19232073739421,51.56059674403209,52.20524873383472
1230,53.92598056887804,53.6789328185882,52.67702246755314,53.48976635287857,52.728924798447245,53.30012540126904
1233,53.637473526256834,53.796977574779284,53.45529473972566,53.193749574417154,54.70006427118649,53.75671193727309
1274,52.81270346397447,52.95367329869222,53.3403258506627,52.894329987444955,53.047587514331866,53.00972402302125
1280,55.434319366526225,55.94429513386485,54.6365631767992,55.16994687570073,54.71604877903497,55.180234666385196
1305,53.833523100503506,53.74930503974519,53.75603618298473,54.01362320153208,52.99471226292809,53.66943995753873
1315,55.237774061870375,55.07743751262213,55.70113372390801,54.92518824534808,55.65648859261207,55.31960442727213
1336,54.79429364226442,55.28923952747053,54.87968239023025,54.27891044663071,53.13199642501037,54.47482448632125
1382,55.400745436528766,55.48713041881419,55.40067667849178,55.75641564666663,54.673113311638126,55.34361629842789
1393,54.30246406648828,54.21020010944586,54.05750223654062,53.965118823636445,53.58785993751458,54.02462903472515
1470,53.9998729265999,54.11598784498785,54.522366630149584,53.83616732630923,52.803440415173384,53.85556702864399
1530,54.0213753479902,54.259670910008175,54.323952302104274,54.18551216689599,52.95760966587381,53.949624078574494
1546,54.48977697913021,54.17603095628269,54.25918861425157,54.3719513941396,53.960749056154526,54.25153939999173
1578,53.75964066967463,53.56769419523431,53.59025134661916,53.68197099743076,53.315385692283606,53.582988580248504
1580,53.909582046825804,54.66181801726661,54.33616064386549,54.26186425122908,54.81920871492038,54.39772673482147
1586,52.869157565614266,53.26453995545889,53.03976608580022,52.832517306559446,52.197133220773985,52.84062282684137
1599,52.23551525651534,52.319506730418865,52.74456380705961,52.68587602995481,52.43784551794641,52.48466146837901
1607,54.48102847349227,54.33068803188585,54.16622749770042,53.20459716031659,54.98942244157533,54.23439272099408
1676,57.389010552611445,57.107113296079824,56.530769824671246,55.93586730635958,56.71521882307167,56.73559596055875
1717,53.355123470087484,53.06891291148653,53.1576533923089,53.24186766664838,53.168792474709576,53.19846998304818
1728,53.89497920150558,53.859930223969734,53.80741510553199,53.495484577891894,53.555421307291205,53.722646083238075
1739,56.61745481626743,57.12265168365733,55.652012070925764,56.97357485093452,54.10841743005785,56.09482217036858
1759,52.91312265321941,53.390636740605366,52.49860112466205,53.45534945440894,53.58605244141914,53.168752482862985
1768,54.28349187466348,54.704103345770335,53.70609263155295,53.85078960468694,54.48655151090348,54.20620579351544
1791,55.228949040426,55.55224222030249,55.816152701132275,55.51956989713089,54.84529083607672,55.39244093901368
1796,55.69039572097419,55.89989975782201,55.9007489640574,56.380966465336634,57.30857505434268,56.23611719250658
1800,56.43966878770537,55.76456699822234,55.139839650468836,54.9037985430759,55.17277387162047,55.48412957021859
1809,54.09402216814591,54.00064167071885,53.46747065198933,53.860061154572776,53.523562104142506,53.78915154991387
1820,55.908385981598954,56.03426478358087,56.260905566824064,56.052899165917445,56.597353634886446,56.17076182656156
1827,52.701503409024,52.43589706200594,52.22949726559309,52.74419204766913,52.71044926623945,52.56430781010632
1860,54.96804687410561,53.89584853930416,54.55468774694251,54.45212240763443,55.00466533176761,54.57507417995087
1882,52.98402730045957,52.91724060688089,52.86145086631038,52.96464681085864,52.52941010040838,52.85135513698357
1890,53.10069948185512,53.37928197303914,52.89415442068934,53.26720367975485,53.53927734259818,53.23612337958733
1900,53.756075107872945,53.713445094923735,53.0192297939614,53.02236241361578,54.39814161302966,53.58185080468071
1904,53.92485397522476,53.42430851149154,53.22692645775836,52.851456994186954,52.973639587080825,53.28023710514849
1907,52.28207960195902,52.40456621348138,52.4198740180274,52.95586384813389,52.86095348720143,52.58466743376063
1913,53.111448345425636,53.199926992744594,52.51290231717988,53.10008813947808,52.55263655575048,52.89540047011574
1938,53.57553311659948,53.41321601544496,53.41235288561754,53.519603835641625,52.83263646508352,53.35066846367742
1981,57.76215072299434,57.29346306099527,57.22581941570902,56.912595491849785,57.23357749492023,57.28552123729372
2039,55.66794015274883,55.43047229187472,55.6762865032565,55.83287464569961,53.60299620788722,55.24211396029337
2089,53.23793879128584,52.98164160922866,53.276117403004555,53.15124845455158,54.35128192789216,53.399645637192556
2095,55.25158425575577,55.79001381965931,55.60951275153469,55.713935478800224,55.288659879508245,55.53074123705166
2171,55.1960001925303,55.54629013644953,55.374623270107705,55.80717186888439,56.119122310690294,55.60864155573243
2177,53.93740917768296,54.156164517288616,55.37550114795385,53.99380889294127,52.0474717353784,53.902071094249024
2298,54.68173113912789,55.14606132399594,55.6588895372477,55.276799927615464,53.899040155173815,54.93250441663216
2335,54.76909322207523,54.22721754637562,54.5712775925993,54.688127829477985,53.79793621224176,54.41073048055398
2346,52.600346808815004,52.7396338782485,52.64166337712408,52.49416845195695,52.37697625790198,52.57055775480929
2395,54.50690914665259,54.66952808320133,54.40905016624207,54.41519922334991,54.99063565710456,54.59826445531009
2412,52.7085710711439,52.70470900468041,52.89710883187049,52.49300538462272,53.24912294411019,52.81050344728554
2435,56.49049517059894,56.980126793449905,57.474312699154325,56.069439955104585,56.548544345859135,56.71258379283338
2455,53.998664446725975,54.000498487703645,54.09031608372759,54.08022666535616,54.33402588164175,54.100746313031024
2486,53.38418055272686,53.32964285183833,52.67209002235383,53.48120555584766,52.42451398010178,53.05832659257369
2491,52.08255868567813,52.43887787640904,52.533371555272254,52.663008771696646,53.298314009547724,52.60322617972075
2508,57.19356282827309,58.07971991669986,57.271135049065045,56.07681728318999,56.383156001798156,57.00087821580523
2526,53.09185158350358,52.83298769593559,53.37503973946579,52.589872782516586,53.91710992199599,53.1613723446835
2559,55.10680562811808,55.35669473849336,55.12044053339817,55.264389770559966,55.071422439689144,55.183950622051746
2567,68.76665739428762,67.14607301991363,67.84922570362357,69.39400912427665,73.96673513162999,69.42454007474629
2575,52.54061878307503,52.22885271785374,52.571716340023855,52.370526224040795,52.68962324541389,52.480267462081464
2665,54.55359852621599,54.83921947304732,54.839191690762554,54.84986142327124,55.66613421843479,54.94960106634638
2679,56.26930280434368,58.296019927531894,56.49697048122881,56.798051509193634,56.40025034833504,56.85211901412661
2688,52.555485230701024,52.37065874302357,52.32796041151808,52.73636685534494,52.00894421034285,52.399883090186094
2705,53.99524879536183,54.76956244989321,54.38130317759635,54.58230433149355,53.86190182240934,54.31806411535085
2713,52.54452980943554,52.41556642371623,52.48645548729483,52.39041952386854,52.831667801370095,52.533727809137055
2729,52.97533493492659,52.676920068785144,53.32177681800214,52.94907985857207,52.400526389696275,52.86472761399644
2731,53.75643847997795,54.70171157615388,54.76015654110071,54.539682010878394,54.449113025217414,54.44142032666567
2744,53.42247077605059,53.20941641114373,53.49411010227406,53.44614324349708,52.824942980923794,53.27941670277785
2790,53.49496132516698,53.224676340390495,53.08370821459501,53.55158460363051,52.40619645126109,53.15222538700882
2815,53.10734066065842,53.5671823490469,53.82758788339754,53.28588106339285,54.47133853988065,53.651866099275274
2816,53.68149880467649,53.82131251731639,53.87734570677691,53.36380313263446,52.778645500758344,53.504521132432515
2826,54.36194507284974,54.761460930791245,54.557443229738986,53.379083939345506,53.63635038581586,54.13925671170828
2845,54.86772425182879,55.122969811086165,55.07900042127222,54.79887712135816,54.42129786850989,54.85797389481105
2848,52.805111815446054,53.282596252827766,52.92999430238854,53.080488953988834,52.99714169162388,53.01906660325501
2855,53.333422364536496,53.02427814282449,53.47111779518931,53.037422979149014,53.42151246045533,53.25755074843094
2874,53.589728510288495,54.13352592229246,54.538845906244774,54.54630492080933,53.49948976152159,54.06157900423133
2902,52.77151887677135,52.94559204463774,52.683786174077,52.896152143993746,53.13545440124153,52.88650072814428
2917,52.18801973486566,52.68369770369373,52.77600291138471,53.044075315090645,52.032807290514114,52.54492059110978
2941,52.684120268145286,52.645695480924346,52.30560578811822,52.55038200058595,52.30931328837302,52.49902336522937
2974,52.63230924427853,53.2458646581528,51.90736337721849,52.065659379040966,51.78544978261475,52.327329288261105
2981,52.67124587130172,52.336878273845656,52.006737940850975,52.3537968018777,51.7144900706712,52.21662979170945
2984,53.838845833940866,53.40066603094992,53.089740368802836,53.38274813101814,52.651554062620995,53.27271088546655
2999,56.15083259917639,54.36191177064672,56.111225964397626,55.132457520346605,55.33186868557842,55.417659308029144
3001,52.67393217019921,52.675242806027605,52.49327594529263,52.6103065261113,52.15373899521918,52.52129928856998
3022,54.34560536945676,54.54118537785819,54.90462281032463,54.84299129371375,55.79398856627214,54.8856786835251
3047,53.08640847852263,53.38560463087964,53.185646941141975,53.30141975582251,54.06910890363869,53.40563774200109
3048,54.72968098779704,55.064637130867936,54.63162315721695,54.383291754971104,54.07205091577756,54.57625678932612
3049,53.17283703023469,53.6629633133669,53.59735642962028,53.473897763321716,53.00838805530069,53.38308851836886
3050,54.932379869615204,54.782463040540776,54.60142293305205,54.56526177470212,54.89349175563759,54.75500387470955
3054,52.96388436712857,52.996043292586144,52.599015062256896,53.011233055279774,52.5798496180395,52.830005079058175
3066,54.15655217119499,53.318333492452425,53.030075343950266,54.81152091596233,52.35973330168661,53.53524304504932
3186,53.13079430104422,53.080432294342714,52.88678463626264,52.80006001503534,52.79629233062092,52.93887271546116
3197,53.86391829744362,53.19805914672321,53.691959455683026,53.34218193614148,53.75482741941519,53.57018925108131
3206,55.09511713219264,54.73533231288416,54.08133023413106,54.6206832311297,52.991902692865146,54.304873120640536
3220,52.74577509906482,52.74667088549624,52.50700084399185,52.705449712241595,52.56063450876981,52.65310620991287
3233,54.84900277565429,54.5518465388656,54.46225145070569,54.541841299150704,54.749630435351236,54.63091449994549
3239,53.45314442819222,53.40194677963169,53.47494919440062,53.65934200526635,53.34378470007254,53.46663342151269
3263,54.38575975417728,54.0134165076438,54.4379121381061,53.94837356824269,53.682271194369854,54.093546632507945
3269,53.16228049882235,53.001437660343576,53.34550234373968,52.92135411614852,52.59704091616034,53.00552310704289
3270,52.29991357934651,52.51645812522623,52.40260344423936,52.2314902812595,51.27373644582955,52.14484037518023
3292,52.28944551628288,53.10817685446828,53.12409730990106,52.75766057759933,54.41739093594689,53.13935423883969
3293,53.2330677116659,52.78037066803301,52.895348262013215,52.76579151938476,52.58873710919871,52.85266305405912
3350,53.87772057734485,54.02134492908312,53.750220483951274,53.91842870985662,53.271649131675744,53.767872766382325
3357,53.21766750250781,53.26343538500644,53.410495842164934,53.34625048756986,52.959602583410344,53.23949036013188
3380,60.615164573266235,60.89668415320106,59.88068622938857,60.67548575857883,58.99569142461972,60.21274242781088
3408,53.795194788334214,53.18829571423072,53.9641447872711,53.68455193752706,54.69667531225562,53.86577250792375
3437,52.75463471890711,53.373621616225776,52.87400070525299,53.11402554259827,53.19061954709281,53.06138042601539
3471,54.55534453834927,54.21291352965345,54.532935909501916,54.37294312431861,55.74769835610567,54.684367091585784
3480,53.16911408674744,53.362602089319765,53.76462102920919,53.112983164077264,53.82044710821369,53.44595349551347
3513,52.97808821710723,52.83926652005211,52.789420847910186,52.98807551916333,52.91783083764083,52.90253638837474
3515,53.22039489361366,53.68864424572192,53.9368264677998,53.90605740360651,55.007312970212475,53.951847196190876
3517,54.21088960203971,54.01626126925488,53.68430647783543,53.838386922708416,53.98226201807711,53.94642125798312
3534,55.206060681892225,55.088504571379126,55.26187731604172,54.85296081377654,55.93848509046359,55.26957769471064
3551,52.22456471643541,52.12084608362409,52.25212758463692,52.379736666696765,52.7993540241375,52.35532581510613
3563,55.208379945625,54.68382492875041,55.199899626531256,55.15021374921857,53.882216067147176,54.82490686345449
3588,53.479195849574424,53.57297964357012,53.668282282877215,53.605979175842286,53.636448651259116,53.592577120624625
3599,53.90884061492887,54.39111338879754,53.860284763051226,53.750797871060314,53.26665318980939,53.83553796552947
3634,52.03333673059238,52.341511158541664,52.19135173340832,52.2858442130565,51.70373204614736,52.11115517634924
3717,52.783044604834274,53.00807174232911,53.01997961285553,53.0672919530392,53.11639559401601,52.998956701414826
3720,52.92324763192547,52.78642567465317,52.6124205318694,52.41017030696233,52.31436781164773,52.609326391411614
3740,52.70659358744606,52.4015173773684,52.45542807593237,52.83618695551077,52.41115222861473,52.56217564497447
3781,52.49347301935319,52.13574350332296,52.24880626161068,52.454974371055336,52.88328537151981,52.44325650537239
3807,53.01312927871241,53.26308197163178,53.086379813361845,52.69374690632581,53.230679317283474,53.05740345746307
3831,52.742998507806846,53.28236022586644,53.06233624745368,52.620870286504264,52.28465256745583,52.798643567017415
3836,53.37273816129253,53.09745359132339,52.833302142135274,53.27535739179916,53.23879050390504,53.163528358091085
3853,54.3619372456916,54.71397076672353,55.12736890359916,54.70529082479634,55.90266245141774,54.96224603844568
3868,53.718679009099745,53.76378235228246,53.51850682707548,53.796425023339,51.4647643622844,53.252431514816216
3889,54.818961449038085,54.14418133330855,54.173694845481045,54.3675807641522,54.03240332940625,54.30736434427722
3902,55.97488519576218,54.96851650293645,56.58388526647239,55.73668330949024,57.361062774524086,56.125006609837065
3919,52.67041764591772,52.39109823699619,52.972518379445866,52.92716700088161,52.41414405596225,52.67506906384072
3977,52.26262050394468,52.090113983555156,52.10253053892882,52.10056675766629,51.394411257176465,51.99004860825428
3983,52.82987616340491,53.05804618963781,53.22415986970417,52.803115033631585,52.31123965151946,52.84528738157958
3989,52.710579327046396,52.47601501909007,52.84002036509437,52.80658605497022,51.97630427586173,52.561901008412555
4119,57.34194654895641,56.1617936327094,56.37974136315049,56.10815058617629,56.20958547818594,56.440243521835704
4127,53.821816682810386,53.66796930623322,53.375841383212254,53.47262626052514,54.93953496803904,53.85555772016401
4136,52.64833042315735,52.7557949876532,52.48817127324657,52.66438191461091,52.173716029000865,52.54607892553378
4181,52.64263861477252,52.60345250199587,52.6620897378867,52.73433544141859,52.98303885638373,52.72511103049148
4247,52.0499608264616,52.24398986734782,52.071822435508544,52.18483056769572,51.86374142545791,52.08286902449432
4263,52.98197848983388,52.43055138657732,51.897870139217126,52.40915508921014,53.03822056586386,52.55155513414046
4272,54.18824720989969,53.799473055656,54.312034954811416,53.96547955948261,54.95150050230285,54.243347056430515
4292,53.4797136929268,53.186528992400305,53.37656300630801,53.097526039254205,54.313693888372626,53.4908051238524
4311,53.09772687432852,52.405891089242026,53.33451601732594,53.52566381163874,51.99548189938972,52.87185593838499
4327,52.42793491259794,52.54015358701937,52.382518910923984,52.29464330091549,52.46903085382572,52.4228563130565
4457,51.6364081486722,51.68584965623292,51.57571960037289,51.59347392597414,51.35148929552968,51.56858812535637
4479,52.678405956226634,52.6077255671032,52.2722571383458,52.08091905484484,52.26928941979429,52.38171942726295
4488,52.56836863536609,52.598220295630334,51.72990208772625,52.52113109765634,51.829682346327786,52.24946089254136
4515,53.184597264051035,53.1485094592701,53.37061353224045,53.160433693351116,52.454093633855614,53.06364951655367
4520,54.5665545149372,53.95752886992517,53.274164197739346,53.54644739405914,52.951806727851675,53.6593003409025
4559,55.091142512813455,55.51239860588413,55.5862235109505,55.1947689921166,55.0527384212756,55.28745440860806
4585,59.74909842764546,60.22296953728524,60.2106529836412,58.67768162573916,58.70952737097331,59.51398598905687
4590,54.77969339670862,54.33111758031265,54.313593656083405,54.9433458506387,55.18762689355578,54.711075475459836
4697,53.5242130209386,53.374128825610455,53.40818755854774,53.247977730451076,52.97185003985787,53.305271435081146
4785,53.55388876731439,53.48760036787558,54.13508779568837,54.31409997455944,54.80307753533821,54.0587508881552
4786,53.98206779708504,54.090884164305024,53.8364904738659,53.82236403080872,53.33084151002238,53.81252959521741
4792,52.9625218383402,53.20987820243691,52.788901775448316,52.66315204479492,53.13822666462009,52.95253610512809
4800,60.646425468806655,59.33108418407212,59.79227351889692,58.857138435059944,57.11563261403712,59.14851084417455
4818,52.36727979494685,52.275670400461046,52.082950469541935,52.09962015476581,52.54214244245954,52.27353265243504
4851,52.72997967281593,52.87511648011907,52.737661978285836,52.9731449050254,52.52008462225367,52.76719753169998
4854,67.25495337337422,67.71685568823072,63.923944857774366,66.91928029044468,71.41768206149253,67.4465432542633
4875,52.763202679371254,53.23995654110943,52.96286847904118,52.81603571035044,53.64765980091964,53.085944642158395
4879,57.96872240969531,59.453567780265615,60.89590784081146,57.58066936580509,57.50718796407324,58.68121107213015
4968,56.69524644651117,56.09320117425264,57.78133115582579,56.826127885188356,58.440228368076404,57.16722700597087
4992,51.99013261000872,51.71396146026538,52.20829676069486,52.261814284482554,51.97160487777992,52.02916199864628
4997,56.712922008201026,57.28157675589083,57.003593106690644,57.225481037030924,53.582807990829245,56.361276179728534
5034,54.901843562191246,54.74682588429062,54.319725727008105,54.41552324107041,54.097845822580155,54.4963528474281
5074,54.88838500280259,55.1787960065024,55.360886572473945,54.727006887591195,55.3643836232512,55.103891618524266
5081,53.78918830279685,54.31095718522396,54.23358235744164,54.03638739796727,54.44511769310732,54.163046587307406
5097,52.9854440802331,52.71284992125012,52.689569800341715,52.97115071610843,53.58763719450066,52.98933034248681
5271,54.15659306340864,53.210642724853614,53.98697035022164,53.675180471535654,53.46872680187177,53.69962268237826
5282,57.37701606789317,57.39859743531604,58.26973535336796,58.09845745746587,54.71626791613446,57.17201484603551
5299,57.93407043537139,57.398032921858956,58.02298174210481,58.04042600632423,56.75839478881651,57.63078117889518
5342,55.648618692472304,53.88785639919325,54.91804538264809,54.37914188041651,55.59522208561682,54.885776888069394
5345,53.55797617782622,53.89008129789923,54.61255968834406,55.04860658143496,54.32584091953029,54.28701293300695
5371,52.449059625333255,52.80576505678583,52.9511198928752,52.46277911277078,52.964342717549876,52.72661328106299
5447,54.21496346765614,54.09532772040173,53.86956723059932,54.04518875047637,53.257895366055486,53.89658850703781
5469,53.05742549886087,52.03798002440385,52.25340802522372,52.10464626628634,51.90061333048745,52.27081462905245
5534,52.73779452069977,53.25801666617058,53.499350623460444,53.568977347713485,52.605094972454026,53.133846826099656
5623,53.37790339922938,53.54882796777841,53.571101526663654,53.460959985290515,54.40746644519984,53.67325186483235
5624,53.03215687901818,52.61293349763775,52.43848037663043,52.53659518150377,52.67011543320424,52.658056273598866
5659,51.956080039109686,52.04263928866716,52.05560650857798,52.02324719140538,52.026576643147244,52.02082993418149
5662,52.13552737152425,51.94392975051409,51.65455015722688,51.7010458826835,51.50005714750526,51.787022061890795
5664,53.973946113316714,53.55298878604649,53.920664883075226,53.42689430597296,53.371854088244966,53.649269635331265
5728,53.25865475088418,53.199897044144635,53.02286595282799,52.8817154510119,53.50537198054259,53.17370103588227
5734,52.04689563218444,52.04312133063205,52.30199492500356,52.24083262486058,51.65931636815187,52.058432176166505
5745,58.38780530101445,59.03791066175624,59.27004070946521,59.18662648243624,63.120754975556935,59.800627626045824
5748,53.14519310866824,53.01964017425682,53.353925227498664,53.06104590113246,53.148493205763046,53.145659523463834
5789,53.04628877783146,52.24602717094707,52.534993806708066,52.64760931040464,52.944972638454466,52.683978340869146
5843,53.14941349349773,53.1651097095396,53.234259389673326,53.273913809038106,52.693071414103876,53.10315356317053
5937,53.43219583112492,53.550507740014524,53.59259022810878,53.618466863552214,54.30339416647145,53.699430965854376
5986,54.869378033769515,55.124948582535566,55.172195832826915,54.60317455686049,54.71970933910453,54.89788126901941
6049,57.216253903374394,56.68977312763255,57.024601348763916,56.91739099351963,58.37222871091225,57.24404961684055
6065,52.98204731448773,52.77467922939297,52.97202210601877,53.08418629721313,52.81513518437834,52.92561402629819
6111,54.30298723363049,54.508027561863685,53.89725615886427,54.191435067266205,54.305279377094685,54.24099707974388
6148,53.555724274367506,53.434101224336416,53.288555025446584,53.67057965952492,51.79152929721787,53.14809789617866
6149,53.61515474411158,54.30797489262289,53.63250321832238,54.22659327743209,52.49343191112027,53.65513160872183
6192,53.532028692705275,53.24762345533779,53.23242949102456,53.1972282196183,54.108264684600606,53.4635149086573
6230,58.51184101575539,58.33867825640563,58.427245765766656,57.46527164553841,57.18300755001846,57.9852088466969
6257,52.83039308029622,53.332784264958015,53.56360956638988,53.46421787990299,54.54041612617789,53.546284183545005
6269,54.54443870267133,53.95204599745031,54.32907615498091,54.54157859145638,53.81349200612383,54.236126290536546
6275,53.679535304803224,53.71615670338954,53.5531131453733,53.30325862435015,54.588010087164164,53.76801477301608
6281,53.44422403489781,52.83052412153328,53.25444929317384,52.98587731132515,52.63543172363398,53.03010129691281
6295,52.40017747850982,52.66293685801108,52.68548161650246,52.38995077117081,52.36321439891055,52.500352224620954
6300,52.43638061763043,52.28986450571201,51.94816612872281,52.24089015437173,51.8927392926657,52.16160813982053
6312,65.622422118382,63.537641081981775,66.55535646573774,64.29316750233822,64.56866477978816,64.91545038964559
6319,55.02671885229538,54.837562272300936,54.52725271932494,54.450662857924414,54.394066280562356,54.6472525964816
6334,52.57334240063986,52.49179202762543,53.10917559866794,53.36314116403124,51.983847726668515,52.704259783526595
6346,52.32018956379063,51.704972069517396,52.24942585099507,53.703774653063824,52.51847010655684,52.49936644878475
6358,53.22590441295142,52.80894750670453,53.35016913266249,52.97846510719858,53.43432392874393,53.15956201765219
6368,53.48341916859017,53.58902912036388,53.15785181291988,53.123636828882816,54.24637603995725,53.52006259414279
6382,53.667230601293504,54.08748415928048,53.75009204845381,53.72629312999334,54.93451604136129,54.03312319607649
6395,53.47443789205736,54.092222617636615,54.471591733295966,53.89533803879453,55.53658265630107,54.294034587617105
6419,53.47232770626525,52.86892349353606,53.318839920940626,53.70976127529599,52.62484271521826,53.19893902225124
6426,53.83497767413412,53.66167988915163,54.158910914015955,53.33877376318126,54.33726509420149,53.866321466936895
6456,53.354453354852225,53.669701812231985,54.29350524735904,53.96858533492249,53.436129226100746,53.7444749950933
6478,53.73610303700143,54.00951630774247,53.941009904773395,53.949396535616145,54.92156734161408,54.111518625349504
6545,53.78170704089992,53.53500802494087,53.5307208261323,53.65320598346615,52.17722350009379,53.335573075106595
6584,54.54412768254051,53.97746422602232,53.64644460993743,53.71821113481054,54.42580312196135,54.06241015505443
6587,52.895028758781464,52.53174156906936,52.50083612886411,52.976643765340675,52.40327738840361,52.66150552209184
6599,53.58589819174548,53.305768921856135,53.28639167319843,53.095193427491125,51.527924101264944,52.96023526311122
6625,62.21960158433444,62.671619186480605,62.33348588774565,61.71580376540499,64.18582135784526,62.62526635636219
6671,53.09864785492908,53.0548450219672,53.06225714734168,52.50115234673596,52.24765105406168,52.79291068500712
6704,54.803094794168636,55.35349959225045,54.61243876118984,55.72160803845354,55.38820591906261,55.17576942102502
6811,53.062833596026415,53.621314278598284,52.900839248255146,53.277564805861694,53.8098581539501,53.334482016538324
6817,53.218209641590164,52.75786511213604,52.502182897399145,52.655469850417134,52.080459853132474,52.64283747093499
6845,53.93040372487236,53.857154869031255,53.94807704460754,54.27392407699805,53.985444837508574,53.999000910603556
6954,52.614806382962314,52.92313181455216,53.08301451887271,53.137085196748004,52.30329248590602,52.81226607980824
6957,52.29881531052873,52.078397028376436,52.44159900081617,52.11582177720154,51.37860590806092,52.06264780499676
7035,60.94298167727857,60.938710511781466,61.641371947472756,60.8372609155512,56.03616806894336,60.079298624205464
7052,53.10120166942995,53.48684839177114,53.040826228193716,52.92483530490822,52.96276694577103,53.10329570801481
7145,53.10663514914379,53.22323200395947,53.01211467894191,53.254790374711845,53.996880835251005,53.318730608401594
7160,56.82897867793389,56.70911509338078,56.845997992425154,56.16062566041228,57.034636353789296,56.71587075558828
7185,63.125114492333644,63.8998945955413,63.64114175266274,63.78552873376704,61.67547002848986,63.225429920558916
7206,54.79608222127515,54.795783153174185,55.2553373627618,55.42982121243088,55.09772268521117,55.07494932697064
7231,52.75418932198605,52.3168255236059,52.27129845734144,52.35314899202137,52.12043890335495,52.363180239661936
7247,62.293289351080546,62.19839850462224,59.452865764861464,62.22442532700533,58.6447627522281,60.96274833995953
7258,52.22637992360778,51.785305890192674,51.90369917277738,52.15067788786828,51.796884149594895,51.972589404808204
7260,52.56395992587996,52.47843438046512,52.48360148426359,52.481258820514114,52.300052603973484,52.461461443019246
7263,52.2986407024686,52.20136013118898,52.28388244936132,52.28388608787394,51.83389410408519,52.180332694995606
7353,53.74299331394163,53.64351849620589,53.51807653715264,53.42997825346886,54.59109173855734,53.785131667865265
7364,52.99495955119276,53.334877554375936,53.03322848885391,53.17551253292822,53.935918778566915,53.294899381183555
7382,52.7545725656352,52.2695794502508,52.92090922537546,52.70722689737672,53.173505025360384,52.76515863279972
7405,52.79361318079435,52.670605997660594,51.754089180774315,52.437078618539694,52.27466145506884,52.38600968656756
7477,59.14392045522994,58.83012247342406,61.005756299712004,59.90249932386068,56.04475995397177,58.9854117012397
7503,53.07530610393299,53.11172274880387,53.72244136795982,53.47289584737956,54.71809359016032,53.62009193164731
7516,57.89160493022256,57.41434958405815,58.69568708082633,58.157560352697516,58.162558842421305,58.064352158045175
7550,54.54536890225229,55.2503397649585,54.963420831077826,54.9239673172187,56.176857982781655,55.1719909596578
7625,59.19043509296326,59.0634333900396,60.183156098399756,59.6793264295012,64.03689023974405,60.43064825012957
7626,52.999474810464754,53.53868642387491,53.03080511854801,53.01696832835731,52.44843944802392,53.006874825853785
7647,55.457257573741295,55.17713185444989,55.14981672286559,54.96183618255731,55.10829802163249,55.17086807104931
7716,59.51631941864196,59.37493923548274,59.25233319150999,60.94574855809588,61.730327397938886,60.163933560333895
7813,53.36501295768164,53.80982895278357,52.60677677962593,53.489280621868524,53.07436911422846,53.26905368523762
7822,54.021429295677855,54.115091907280174,54.26717587070956,54.35861901437979,55.3442235145897,54.42130792052742
7840,53.08442577275789,53.729594888314566,54.58299640135996,53.94869506663292,56.01674528786817,54.2724914833867
7854,55.36161959587154,55.17728363941981,56.569447274263325,56.26646495898729,53.79286146955946,55.43353538762028
7862,54.10705636463282,53.58480616580304,54.09207490289385,53.862568235046346,53.01219880436475,53.73174089454816
7872,51.80805400140612,51.73957036186428,51.95465561925725,52.28276472192583,51.6339752065629,51.883803982203275
7896,57.43582674217994,57.31783848337141,58.85905297612136,56.51362601874648,58.588847717646004,57.74303838761303
7930,58.18836527326106,58.67516107100543,58.61533317618271,57.839002800418264,56.920891104398066,58.047750685053096
7949,53.222868504714526,53.41457726932332,53.85601131149613,53.68318032881534,53.093502855324815,53.45402805393483
7968,55.11485375561173,55.283826479712765,55.172743607103875,54.8664096913995,54.02714542027159,54.892995790819896
7995,53.998838668077525,54.357555560570496,53.91835512011062,53.357263890412135,53.493268791023674,53.82505640603889
8062,54.39012842584152,54.613570346110286,54.255632760678075,54.27620521188434,54.05050958903745,54.317209266710336
8065,53.07312362837808,52.60406044242913,53.00957441829731,53.00080208426439,52.665688469717,52.87064980861719
8085,53.70143102957091,53.323569892173346,53.15249821662173,53.29302470850046,53.685350334991895,53.43117483637167
8134,53.60843136165643,53.588939957108785,53.03973029339093,53.254703232658095,51.90411600055403,53.079184169073656
8147,53.4664771690891,53.45874731334451,53.255172143654654,53.05591625071889,52.72129339300861,53.19152125396315
8186,53.732949062584126,53.08652536231319,53.45596364177861,52.81800005837547,53.32604468081578,53.283896561173435
8267,52.76563083234603,52.88017894661269,54.2460502270999,53.61429435774196,52.42924372262629,53.18707961728537
8269,52.614307052544326,52.70188590599992,52.6589422000456,52.68642615412649,51.67139943248265,52.4665921490398
8288,54.220871705567546,54.09343990836204,54.637711945756735,54.2942608288107,53.0114531939227,54.05154751648395
8290,53.09183717453002,52.405192622534024,52.83745299093161,52.6787607055766,53.32674840784579,52.86799838028361
8310,53.01231869658093,52.94749533812332,52.93332904262605,53.060831578288,53.37372949151941,53.06554082942754
8318,53.64456356429179,53.10635737549566,53.3220236555512,52.939628655754184,52.2229028248833,53.04709521519523
8421,52.9571637809602,52.605558612997314,52.94682212655404,52.927617734474545,52.6067861865215,52.80878968830152
8458,52.354953036615996,52.839430464814924,52.964682271877855,52.89129829850013,53.2343340050681,52.8569396153754
8462,54.46948552437898,54.695774207508094,54.330494000400975,54.255464997627406,52.97093246274636,54.144430238532365
8490,53.76741053549834,52.45512690648857,52.70814402981565,52.449984527177875,54.89361041769299,53.25485528333468
8553,52.94995994451543,53.22906934608173,53.064699115974726,53.04000944536968,53.11205723699088,53.079159017786495
8599,52.16601632687768,52.617539737175946,51.821784548030465,52.61025420112619,52.50753994180055,52.34462695100217
8625,54.817559824817565,54.481661706776464,54.782228518214474,54.7212627759797,56.14459536716218,54.98946163859008
8663,53.34154525915745,53.161290377741665,53.004728744031965,52.91256751350424,53.2319781036834,53.13042199962374
8742,52.343878512120895,52.231037355281266,51.80181579857667,52.75692286174026,51.98909335539716,52.22454957662325
8744,52.83804892986443,52.59424984484683,53.23270334862633,53.09708013562893,53.49348315678851,53.05111308315101
8752,52.06784023318683,51.62837016728533,51.45421913734909,51.735001258952224,51.63794646273673,51.70467545190204
8802,52.88299854981194,53.756120973854806,52.76603692088053,53.487901160684466,52.08833701865162,52.996278924776675
8877,53.876248105894646,53.83628703964231,53.59866026121009,53.49947181256041,53.44036989066136,53.65020742199376
8899,52.833288985179195,52.797829798706104,52.995372048253955,52.8599330010085,52.20418235994132,52.738121238617815
8936,53.004420787605525,53.14281296390807,53.188930393348684,52.939128490576415,52.21353677837305,52.89776588276235
8957,53.90592447559474,53.99127655390567,53.631435920174326,53.947651127645614,53.61826054427995,53.818909724320065
9005,53.0151383375865,52.555333524151195,53.01099270618032,53.16377231002926,53.270268637018596,53.00310110299317
9057,53.11941031410712,52.938140085962814,53.05798303035215,53.035638336451896,53.40849841736213,53.11193403684722
9062,54.1602112319421,54.246511407795154,54.43228760574919,53.92873653974229,54.347893783819245,54.223128113809594
9094,53.456626573212226,53.05899729110785,53.308535002308474,53.19210029536519,53.608377300359734,53.32492729247069
9101,54.217194798905105,53.878576619643766,53.3909542891027,53.19701855078754,52.98168484021916,53.53308581973165
9138,61.27315053608131,61.35493920825581,60.185052933173466,59.516558470816484,61.58940883220103,60.78382199610562
9230,53.40865353086205,53.669017236751344,53.31709795693563,53.34133536013146,53.875464897410644,53.52231379641823
9251,61.61629989527339,59.29813601613519,61.64139385722789,60.11243059874637,55.18569640643005,59.570791354762584
9283,59.568979301359825,58.34048594674133,58.482492700893644,58.652271117194935,56.4991893682767,58.30868368689329
9306,55.13884976147638,55.07994471463915,54.65180963087267,55.03737456464125,53.12180952734223,54.60595763979434
9335,54.32818609074936,53.297083730915,53.9339382839698,53.81101571995312,54.21102421305404,53.91624960772826
9351,54.42756136314956,53.40191835962478,53.33200473429384,53.9300239788302,54.115831593872656,53.84146800595421
9386,53.641613633913266,53.19088160999801,53.74990966390178,53.225865070171345,53.57006392390222,53.475666780377324
9397,54.069277046229196,54.249992132293706,54.18539210038825,53.33769300259343,53.190985028755556,53.80666786205203
9412,59.82681706682898,59.71343970713735,62.34246926536825,61.748365833167654,60.56612129674261,60.83944263384897
9421,53.65794133308913,54.012305453511615,53.786838623794424,53.62703663184091,54.812749245114134,53.97937425747004
9469,56.73441524311741,55.01230580102231,55.21904206709333,55.05647775372264,53.70307550351449,55.14506327369404
9478,56.18625881383475,55.58531634172291,55.5023221731716,55.281226969415954,55.789055012507305,55.66883586213051
9487,58.49497154460451,59.01200561473124,59.02041215355265,60.43465802898449,59.30068865640936,59.252547199656455
9525,53.885931391855415,53.70670999984829,53.70661808733372,54.40450454437341,52.99031247520964,53.738815299724095
9531,53.46912559335964,53.78721673751636,53.303076742894916,53.95271958339239,53.45305926917035,53.59303958526673
9538,54.024410285628264,53.81155516041565,54.167648068302654,54.2552166335025,53.692633563043536,53.99029274217852
9544,53.762607013260094,53.26997708123751,54.07270519474657,53.449599610001876,54.023057158945306,53.71558921163828
9581,51.88696905228235,52.00226930459633,52.5650403268191,52.01680973107405,51.59625953494684,52.01346958994374
9623,53.59991142951435,53.593929958413796,53.718944871324304,53.54907717138052,54.41464258461963,53.77530120305052
9635,53.2699184928508,52.9001896935456,52.18955359595073,52.70271594260146,55.03152757531355,53.21878106005242
9641,53.20870072346575,53.04537511916123,53.41518868031946,53.25131779756708,53.76427067915441,53.33697059993358
9699,52.9877534801911,53.666462867276,54.314713376354156,53.48321425002927,55.549740813277666,54.00037695742564
9722,53.311484231095264,53.25828140709578,54.0449755339397,53.39767019517306,53.59781734220473,53.52204574190171
9763,53.48837972659342,53.89884764490564,53.78469523323637,54.20626285868948,53.31321947161596,53.73828098700818
9764,53.43459187220587,53.6070861309684,52.890540760536055,52.929521022916234,53.59180986674801,53.290709930674915
9768,52.88972193711665,53.04986838277498,52.828912952454736,52.56703763040725,52.82139233061512,52.83138664667375
9788,62.05932836668528,60.86265805885998,58.78078523686196,62.665484254683776,60.85019572814386,61.04369032904697
9831,63.088411841083534,62.22431985072818,62.1609232607769,62.01452446391116,60.22175517027213,61.941986917354384
10033,54.22400940927754,53.359226408358445,53.15130228039527,53.41071449067103,53.54295711859758,53.53764194145998
10053,53.00918418418357,53.03753529384819,52.61689386814446,52.57765723489708,52.673906300925786,52.78303537639981
10060,53.42577292879553,53.81867183375908,52.96701235263115,53.677672270697435,54.35612458136345,53.64905079344933
10116,53.48518498839961,53.48481505881123,53.468231437571305,53.594806195677414,53.33089576933688,53.472786689959285
10118,53.39513401917933,52.824374169612945,52.96772497115287,52.65316304799607,52.51996738742658,52.87207271907356
10120,52.931161496041916,53.33766808269295,52.934570194316166,53.2061906710812,53.921915449486214,53.26630117872369
10163,52.41270913582495,52.70535399366829,52.96865431751129,52.886042369708555,52.345900939583004,52.66373215125922
10195,55.10129943157242,56.267665510227076,56.74578530990261,56.62519398946187,56.191604468821936,56.186309741997185
10239,53.15086868929191,52.95417691345269,52.893657153454015,52.57375735128568,53.76759705072042,53.06801143164095
10249,64.67948014540107,63.85321520727341,62.10646057766264,64.33693761350885,64.61883627957245,63.91898596468368
10259,53.56153740814375,53.76782952601103,52.584248409488836,53.41418973915811,52.461495468551334,53.15786011027061
10302,53.89666585535267,53.98209460975445,53.449060073300885,53.18954687354404,54.6904230454381,53.84155809147802
10310,69.42516185410254,69.64854889799483,69.42447464269561,69.77960822595878,70.10997724772919,69.6775541736962
10336,56.72942483696236,56.6834685266553,58.80076878099729,58.14057313060944,57.07303657503124,57.485454370051116
10478,61.18607771581226,59.38344906351964,61.016559761394525,60.76842508764957,60.26558833145734,60.52401999196667
10500,63.350176967140186,63.35054151994792,64.2147240404359,63.05516827346919,63.68936688555386,63.53199553730941
10516,52.496727403097914,52.416296503049786,52.40536527107052,52.25273537007152,52.276446379227046,52.36951418530335
10587,55.34424392495308,55.499013256191176,55.10759174413779,55.99283440631662,55.59766034140584,55.508268734600904
10600,53.87869638007955,53.51162627051409,54.030871130219424,54.111506968106994,54.626840771822984,54.031908304148615
10679,55.02177340018427,54.53763389883844,54.976282700198155,54.266482871234615,53.14000174652284,54.38843492339568
10702,52.66127870768997,53.07301906735843,53.05126346485244,52.726626980629085,52.66676010541203,52.83578966518839
10746,52.17982044591324,52.34648750238812,52.04807165819642,52.0024996614392,52.37876610480917,52.19112907454924
10753,60.73796247481752,60.70616672397755,62.381742964102614,61.509177343296855,61.30834795780881,61.32867949280067
10770,54.812071411247956,54.81029911625394,54.11557443495392,54.621564996355545,54.007056496717475,54.47331329110576
10786,53.052203952420214,53.124354841406316,52.985955303493746,52.716635797746484,53.56118181198923,53.08806634141119
10795,60.9824176901369,60.25691484026614,60.656917892173205,61.34058283474649,62.2197395176103,61.0913145549866
10797,52.24139284142028,52.004657485861166,52.14953950597142,52.02775242522349,51.06896250730908,51.898460953157084
10814,54.61686106057332,55.010350310255085,54.70001174158126,54.650418527552254,55.524819150417684,54.90049215807592
10826,58.115158395135815,59.33671482703575,59.461942816256105,61.11153379467019,60.149974941641176,59.6350649549478
10830,53.26576316619415,53.20811273122909,52.50682281321746,53.1600886153567,53.213025838816485,53.07076263296277
10868,52.62159431873298,52.597685276847564,52.73999319334674,52.86735495909698,52.39898586627667,52.64512272286019
10931,53.832958325135884,54.48940447337695,54.53138501300385,54.1079527609982,52.82579225928163,53.9574985663593
10946,52.54071428296803,52.32693067185888,52.97230710214542,52.96710680214868,53.67497370613435,52.896406513051076
11119,53.41698336745896,53.866028358403156,53.51505761640144,53.59072111531143,53.29156461013321,53.536071013541644
11205,53.259111167936325,52.975548155449054,53.22971304701566,53.431029204940465,53.33782754742839,53.24664582455398
11219,52.94716956052152,52.3065728048611,52.92215973196635,52.94896180387739,53.17840251903564,52.8606532840524
11239,53.71437864984384,53.35460386901634,53.50496847390331,54.02904046238123,54.38816983523526,53.798232258076
11290,53.086064251570654,52.799808906043495,53.39308712970667,52.94808057522642,53.111062051918225,53.0676205828931
11309,53.791730228376714,53.933038587397554,53.567188386665094,53.49240020002014,53.449689769703944,53.64680943443269
11341,52.818312334478286,52.324789374047015,52.63122565781417,52.85045926975417,52.41975912767892,52.60890915275452
11473,54.156181219766104,53.892761077561524,54.081519145047565,53.7200232312588,53.73225282012859,53.916547498752514
11493,66.41954758989849,69.7636957847398,67.60534894118555,67.22028519060834,61.64741811039355,66.53125912336515
11511,53.65746777520546,53.702587084781925,53.34306408220799,53.393763708619964,52.948822593698495,53.40914104890277
11537,52.582695490887396,52.696076899879415,52.898793682997926,52.70274614925983,52.23169350257664,52.62240114512025
11542,56.59771317433267,56.665988594911646,58.635292131382016,58.68371290861956,56.721534178499425,57.460848197549055
11563,52.87734980583056,52.59632853041154,52.798628896166626,53.141493324710424,51.75855292998574,52.63447069742098
11564,52.358907394552894,52.156049173863686,52.670829110596955,52.4917839345962,52.87880283651566,52.51127449002507
11573,53.30104430803365,52.743490981008215,54.02280132774241,53.05480168743913,52.73777502609612,53.1719826660639
11580,54.028950143517505,53.44612108967897,53.47875995985391,53.584814801067296,53.708184001867366,53.649365999197
11626,53.3311008202505,53.451939517387245,53.06257052822525,52.92660998247462,53.62862153944457,53.28016847755644
11658,53.373751484063774,53.75021488978582,52.955462870539236,53.57523837742476,54.71010553018136,53.672954630399
11672,59.959047660247926,61.72678151363911,61.23001910617556,59.964325188950696,60.13495991518517,60.60302667683969
11692,52.78258852193588,52.963576421930874,53.073176328088614,53.13621540183307,53.234809706874216,53.03807327613252
11769,52.92193676622438,53.21831235728063,53.71915644285129,53.369866177316396,52.36744004036053,53.11934235680665
11831,53.953789372002184,53.77523112019806,54.17046020368971,53.81657628860656,53.479731961156,53.8391577891305
11832,53.02086865655504,52.84714741142149,52.445732775342044,52.567797966242914,52.69481948186569,52.715273258285436
11847,53.00571729354672,53.39349735910848,53.33591237473646,53.256919273605014,53.55972254235734,53.3103537686708
11849,52.13246086322434,52.215002168722904,52.517899396067754,52.686068343892906,52.97746648033372,52.50577945044832
11870,53.35667817046448,53.41750035896186,53.895951723756994,53.15856164464377,53.14778839777578,53.39529605912058
11885,53.35031435912365,53.86203189193873,53.863394665605945,53.501642462792354,53.18137753592116,53.55175218307636
11890,53.071161511927535,53.27920135363137,53.409887898561664,53.44253142559537,51.7663791509326,52.99383226812971
11941,54.03245009609407,53.753225061081196,54.17567467386149,53.56725116607397,53.73847944169907,53.85341608776196
11949,54.60209462780712,54.188873591527134,54.32268376207594,54.58704249290712,54.32310869033776,54.404760632931016
12009,53.29381770790918,53.12615484402284,53.237731014191375,53.27233048670677,53.69279510254896,53.32456583107582
12013,53.20303728981152,52.58426183045664,52.97593078852089,52.87415920977767,52.84103624092299,52.895685071897944
12033,54.743434513564246,54.448818339755825,53.746862952364765,54.73901226788401,52.74153126400326,54.08393186751441
12076,53.866448552279365,53.43731358946398,53.78178787112449,53.078987326666194,52.517032713986794,53.336314010704164
12089,56.81372126199518,56.846746119845804,56.04708860184601,56.96616212664371,55.18199051251588,56.37114172456931
12125,53.460260332863086,53.57903620737543,53.38934830594376,53.64169107590664,52.64384363967719,53.34283591235322
12128,53.26371987058869,53.582730423530776,53.052637375633935,53.7170479839487,53.30861019876131,53.384949170492675
12194,56.03015428972716,56.30884312236935,56.432012197027326,56.73468120521929,55.25930542866465,56.15299924860155
12209,52.85001995098571,53.23494740659576,53.46759548788582,53.21569285656381,52.61789083651449,53.07722930770912
12285,52.851618229184744,52.73268258468792,52.54427378795107,52.61667518015768,52.571144103001764,52.66327877699664
12306,58.85361082823206,59.17850479775153,56.5609293296982,59.35340413318971,59.987280202820784,58.78674585833845
12347,55.095164221235976,54.6540988632303,54.23339421358486,54.52771259517528,54.536547816215275,54.609383541888334
12372,53.60996636303797,53.19498417235005,54.02871379534228,54.12131120252243,53.809582102914895,53.75291152723353
12404,56.0922556330606,55.95241949495324,55.35028918968434,55.42415572355571,56.67618573762929,55.899061155776636
12423,52.45140227539121,52.45089075386415,52.54737742423923,52.748885739825646,52.65544058628187,52.57079935592043
12425,54.969545441529895,54.74134271863148,53.80093628342963,54.99405694988256,53.476384567412794,54.396453192177276
12436,56.96957076567646,55.362545893060506,55.85854913975919,56.870676367010915,55.08982979987098,56.03023439307562
12455,52.49544325976499,52.60465781645165,52.41404856079189,52.4998154188964,52.604835919303284,52.523760195041646
12490,60.631699777858266,58.03296806103208,58.712705300535546,58.291663446946686,59.94725898389357,59.12325911405323
12532,58.916383103889565,58.672910207772425,58.92402439328847,58.67872414197385,56.6506469379425,58.36853775697337
12549,56.425820030909776,56.19246210177269,57.209830617279295,55.45877031841686,55.04396220792907,56.06616905526154
12587,62.50014023894967,61.51068317543201,61.5154805868809,60.893237131844906,64.54415371335293,62.19273896929208
12739,55.281594227776324,54.7752022460805,55.87580198875812,55.99055349175,55.440773002138805,55.47278499130075
12775,52.945345717128085,53.05989291942953,52.723462278458946,52.96165742632236,54.03596902299247,53.14526547286628
12785,71.5773300665494,70.33101702695238,71.31411283465546,71.31468187137689,67.28757380451574,70.36494312080997
12791,53.5903896269895,53.545543563815116,53.51515491491846,53.35060911999982,53.016530303745014,53.403645505893586
12793,53.835322858759,53.89520717196968,53.75874795912195,52.89531872524839,55.293713817016766,53.93566210642316
12917,53.57702675739211,54.050281771157515,54.08523437530117,53.68978281883357,52.58641181806321,53.59774750814952
12947,53.226039488889995,53.01232439771149,53.35178109801253,53.41498071820374,53.73102204841516,53.34722955024658
13116,56.45978692078469,57.19385453844446,57.73921516915005,57.19340853246859,55.56226291480562,56.829705615130685
13140,63.59998412583121,65.02277648486802,63.65694183779933,63.529558892772734,61.078158408979384,63.377483950050134
13150,53.805799830486876,54.38560732020871,53.91149407153208,54.132820609559445,53.819106650102064,54.01096569637783
13172,53.20445989545978,54.17765260927069,52.96769460911918,53.56733619106217,51.46160575789948,53.07574981256225
13248,52.86773851234438,52.67173453047273,52.73466743136173,52.418168050755355,51.7877242492924,52.49600655484532
13263,62.40595958823283,62.07444216923445,61.04464526665409,59.93847648906254,59.949907381106804,61.08268617885815
13588,53.731556903341286,53.69436518111756,53.71269279608623,53.70370161377731,54.67074612357127,53.90261252357874
13704,60.44128363530107,59.78949151591714,61.81267641698502,61.46416094465826,57.24090298344373,60.149703099261046
13713,57.80781906252803,57.6970324281173,58.158334326610486,57.399085059420145,54.88034436281518,57.18852304789823
13730,54.382816940371015,54.461256720444496,54.52536038478201,54.204311653204805,55.25874629991871,54.566498399744205
13739,64.02597391856467,65.84474156898253,63.57742649255098,63.02344385616878,61.98284252694844,63.690885672643084
13904,62.84683209878614,62.4005934154804,61.325190660658414,63.23749668766493,61.036146415069645,62.1692518555319
13939,53.00515075020586,53.309846193667845,53.337036499671086,53.739174980183016,52.078385137754175,53.0939187122964
14013,53.3257098740527,53.23418944206112,53.44815086759009,53.19990568764307,53.39581554194437,53.32075428265828
14046,59.54824553758261,59.77928778531118,58.91655253180089,59.69225477990124,58.360281760326394,59.25932447898447
14361,55.55002672244463,56.15501881962933,56.18605569531173,55.48445973114085,55.36255450327881,55.747623094361074
14379,59.13996100986569,58.91503762223632,59.72623254404891,59.60826908616901,58.60153417456368,59.19820688737673
14409,54.98904586949371,54.001861078812034,55.71429120708739,55.06296598605691,55.68852357757114,55.09133754380423
14431,60.300737528290476,60.10226990331772,59.532748114158316,60.102657436067176,60.88033103725648,60.183748803818034
14460,53.55990456949472,53.136401090055095,53.47499393560904,53.0319523359558,52.81480823429595,53.203612033082116
14471,52.525777139706825,52.50309771426526,52.174610424968016,52.29466728951929,51.611082387625714,52.221846991217014
14514,56.49786608500953,56.97210256688304,56.88396352214131,56.9229938731518,54.016175008938355,56.25862021122481
14545,52.73087913661309,52.83297389239686,52.74257846458862,52.76366697401146,53.00215228700591,52.814450150923186
14580,53.62552397866129,53.47056529566772,53.25499693401266,53.00011512776252,53.498554124339606,53.36995109208876
14594,52.89045341399446,53.508574048064055,53.41444827438044,53.06652606476175,53.90013772594922,53.35602790542998
14712,57.86991343417947,58.18566211332227,59.81255577587994,57.67670511175642,58.23274213231433,58.35551571349049
14785,66.15031040117613,65.18504283913745,64.40764651206989,64.3678511948595,64.45197661893192,64.91256551323497
14832,62.014424880529006,60.858110285766585,59.964146299387494,60.903122103846066,60.81432788626991,60.91082629115981
14840,52.58454781097639,52.62692538152121,52.68408619154063,52.545291343880805,52.746093078793095,52.63738876134242
14841,65.15441692772514,65.40050963155352,65.0236425028829,64.50497109270219,65.02255120463687,65.02121827190012
14943,52.11337365661459,52.56388820984299,52.58643852183525,52.69664865025475,51.713375142425726,52.33474483619466
14953,53.11863313160408,53.2569955314329,53.0948579216909,53.18012102430734,52.28349427653676,52.9868203771144
14983,59.688274654768435,58.76128411294778,58.428034227238804,58.297861000003664,59.57233589466024,58.94955797792378
15056,53.46525680268842,53.21005031795265,53.166653617597625,53.566682515546795,54.42953061809625,53.567634774376344
15140,52.41383260415197,52.8542084604821,52.44603826395372,52.578340904611956,51.80516738839751,52.41951752431945
15182,57.22309104489848,57.22305374133843,56.19014899184814,56.89555543939425,54.46367080667249,56.39910400483036
15216,58.07139904326766,57.277429518091964,56.500856674168155,58.15726744259607,56.587244371657135,57.3188394099562
15271,52.846203219647364,52.53379318002779,52.90110612480086,52.78732663007521,53.11492229401051,52.836670289712345
15283,56.3721028631005,55.55836443468524,55.79815301466648,55.517175585607326,57.19181122632804,56.087521424877515
15303,52.81806899474825,52.83039765128709,52.98123794175627,52.93326919050089,52.20603113301955,52.753800982262405
15305,54.86511846223319,55.192268619446054,55.24741831615056,54.029038651084264,55.62356530959363,54.99148187170154
15332,64.4663972041656,63.81621671925539,62.74428513626433,64.44725296082832,60.580917955184255,63.21101399513958
15399,53.60723140167024,53.8105658397048,53.660885379515534,53.831989884338824,55.20652534350273,54.02343956974643
15463,55.12775109205706,56.01012376103592,55.996952497456064,55.73361520579284,54.905173898392356,55.554723290946846
15470,54.10081377643657,54.08717987697186,54.05447006134521,54.23332610698594,55.66812927305587,54.42878381895908
15535,53.31569741453614,52.53623980888345,53.04242274586378,52.579440539769706,52.45271265541749,52.785302632894116
15542,54.355057217390794,54.90519542687669,54.13116880889388,54.09054057753564,54.10473663826857,54.31733973379312
15557,52.57865736163246,52.574743608131634,52.72594926880932,52.53924141625338,53.06131572031228,52.695981475027814
15584,54.02987734045859,54.68078097099008,55.6682700465688,54.79329160167599,57.7461074181565,55.38366547556999
15608,57.9150805673019,57.42143766413847,56.55057131192528,57.497752988182505,55.77785768734991,57.03254004377961
15609,57.645665459306294,57.32100664018768,57.31330181370599,57.85285690400329,53.93477087620749,56.813520338682146
15641,60.11147921464824,60.08878932949855,60.92871666962343,59.8192221039994,57.79370674236706,59.748382812027344
15658,52.209580111334816,52.035277928858356,51.939325371409446,52.1358744457283,51.68115508264081,52.00024258799434
15668,54.057681282009646,53.94162219277431,53.982992395105846,53.481516030026405,54.49910427347236,53.99258323467772
15885,53.09233953451017,53.08822512524614,52.585497079254566,52.65470756150316,52.479828702431455,52.78011960058909
15904,54.106737124759185,53.851987029171376,53.49764938237929,53.910904189164285,55.13736549334108,54.10092864376304
15917,53.351180680409826,54.02477711338398,54.12057596004044,54.53044749576129,52.748974753995626,53.75519120071823
15922,52.46493003720885,52.89996521914105,53.32928315892738,53.54530760196907,53.00685456321161,53.049268116091596
15978,53.39421195591483,54.202663568844166,54.23142896908676,54.41579170218952,53.49910551711023,53.9486403426291
15996,60.82519593815639,60.944129855338865,63.16449491550052,60.543483172270804,62.1134040398965,61.518141584232616
16099,55.48701480980148,54.54929430922399,53.83867978166077,55.079358759114754,53.562086360213726,54.50328680400294
16116,53.238739509870065,53.03936977424243,53.175418322516876,53.10502582973406,52.969125397610846,53.105535766794866
16123,53.58201090857805,53.379821922462575,53.126662680001104,53.15353059967712,53.00345070157742,53.24909536245925
16252,59.753912990149324,59.63790136945798,58.683918243813274,57.84206509949691,54.78074795656797,58.139709131897085
16327,52.57919448881233,53.845712789638476,54.50381353241874,53.00822977526086,55.745320847476016,53.936454286721286
16384,57.09039440592099,55.64881027449619,56.73104911146675,56.587406410031605,56.536604122006395,56.51885286478439
16403,53.015382411558676,53.18849830340964,53.00586236696155,53.3536415801967,53.15644112519155,53.14396515746362
16507,54.690129925065975,54.56334255445545,54.57109769943609,54.478284243320296,55.56771479499777,54.77411384345512
16524,52.94112519965777,52.665275510639994,52.937112683553224,53.04251205729195,52.158164923609924,52.74883807495057
16530,53.2870768336275,53.029160754474056,52.83985948239267,53.26590607032228,52.09146915222633,52.90269445860857
17328,52.716887810813994,52.49446944620952,52.8044678244789,52.70576949847724,52.7718108564742,52.698681087290765
17330,61.14533596804432,59.87317479487745,60.64578427402061,60.27939254180138,61.462924328711495,60.68132238149106
17347,52.76435623581866,53.39068499663842,52.919520870442575,53.242297613476815,53.528016246791054,53.1689751926335
17355,60.11926253657121,59.814153926923254,60.62936860731673,60.397558127803904,56.69453956089905,59.53097655190284
17359,54.3145627175422,55.407421218486434,56.11925398574289,56.45925075980117,55.24761475350109,55.50962068701475
17397,52.398974995465124,52.48469160210676,52.22387118013548,52.521007343573324,53.61056373457102,52.64782177117034
17402,53.87103466084085,53.831478891125464,53.452284405861704,53.60833575949872,54.526235793664114,53.857873902198165
17413,52.9937706397106,52.40167835284818,52.68047044338575,53.107219083607816,51.879592714121245,52.61254624673472
17466,66.21122381724174,64.89705573767299,65.42892197398254,65.73774202898606,65.54585579095385,65.56415986976744
17675,54.80309200150587,53.77622992174379,55.57617900420535,55.492379810919275,55.22841311359817,54.97525877039449
17686,57.54906773738482,57.65158588945118,57.14626024729769,59.29025826795351,58.634772261295,58.054388880676434
17687,62.14309040476865,59.93340774616632,62.32124075522973,63.3408032217699,65.6604549700187,62.679799419590665
17720,60.20376023407022,55.581764245289605,59.21492256985562,59.04155075953534,56.68370102231708,58.145139766213575
17737,54.915406073064524,54.75445079791202,53.814350017794624,54.72093752123431,51.74785882532932,53.990600647066955
17910,65.63846443234554,65.05855470062637,65.20278436892183,65.08156472600074,63.26498083952182,64.84926981348326
18012,53.484209836693346,53.285028156565986,53.11419996061747,53.19321214678437,53.190734826308216,53.253476985393874
18039,53.101073904279396,52.943753924453006,53.0059577915771,52.95496948772421,53.005404022706344,53.00223182614801
18068,52.617451685095006,52.68939264513832,52.57628150276844,52.44392156452879,52.499825441471664,52.56537456780045
18096,53.69653698714271,53.517970739356535,53.92577629308813,54.07208709306794,55.12572223960543,54.06761867045215
18206,53.725548411502835,54.450479129651136,53.41339466813021,53.5609052332011,53.07703610050788,53.64547270859863
18224,53.98578575107841,54.102373298715094,54.16559230554278,54.18133077733096,55.157438606630926,54.31850414785963
18256,54.05990291302602,53.922809647795475,53.97981315546204,53.97414601580375,54.65805402690048,54.11894515179755
18284,61.1948757323364,60.12342310916887,59.79539715827303,59.57579783112898,58.93987140230643,59.92587304664274
18291,61.64081463853757,60.037743525254584,59.89065213013768,60.345008385059536,58.828133315334355,60.148470398864745
19108,54.12870482716171,53.527786028697925,54.40068693923642,54.016715971301245,53.939167599046634,54.00261227308878
19147,53.67774399276389,53.382094508002304,53.47246993074479,53.06515251032077,53.236440120194416,53.36678021240523
19157,58.364366379461806,57.69846603352787,58.7368299546354,58.35170771546902,56.83094407818675,57.99646283225617
19271,54.99897108945437,54.62532977935039,54.644943853093245,54.98690937652514,54.17102182291164,54.685435184266964
19350,58.611007831318474,59.33612578502502,59.80990104240492,58.17596673056412,57.810949274951724,58.748790132852854
19353,57.69836453572886,58.384565107264706,57.098246640390315,57.3751817707919,56.71086288270261,57.45344418737568
19364,54.77961625942034,55.438306503802046,55.28600719610385,54.79053767040884,54.336594514677365,54.926212428882494
19366,54.78244853864198,54.86547320180133,54.86323320295016,55.094349115760686,54.1646381178757,54.75402843540597
19424,53.38597552900269,52.52586310020237,53.29024435113008,52.76178037901819,53.03510059101467,52.999792790073606
19707,54.69797290532797,54.27451388844431,55.03309483931802,53.68776969635121,52.98511387245382,54.13569304037907
19714,59.090060368895564,58.09368888455652,58.31219614707547,59.850136338712865,58.83035676475938,58.83528770079996
19747,56.61771905621518,56.404224963153624,58.40910822457416,57.571475376836204,54.835000498701184,56.76750562389607
19761,53.79837699595325,54.52566788573019,54.66901995613188,54.4021817242763,53.56156190925896,54.19136169427012
19811,56.87196753354629,57.7904409876322,57.89900675024225,57.353141137180266,56.8293814855557,57.34878757883134
19931,54.29148080067248,54.1745686624845,54.50136396346238,54.73410812379712,52.07360833113465,53.95502597631023
19938,53.47924658647686,53.42990761615953,53.90068895454884,53.71675896149351,53.11795268334175,53.5289109604041
19957,62.866024539046336,63.06677871783496,62.332554908820335,62.50264825954677,61.06659473665025,62.366920232379734
20007,52.216711444879905,51.96130804500375,51.97289354157307,52.31929049067105,52.219621863442704,52.137965077114096
20038,52.23470183454191,53.16453801661968,52.817401269808855,53.09540950143643,51.731418190293695,52.60869376254011
20088,52.981018833355265,52.680865030377184,52.87537037774682,52.79438857021843,52.61608326666445,52.78954521567243
20089,53.47166685180041,53.53607019659233,53.44716411611502,53.89453819031811,54.51064590253354,53.77201705147188
20115,52.5574242035932,52.36096924743414,52.45481956000378,52.53019242422639,52.678682186928036,52.51641752443711
20319,53.0143349486401,53.03482943142802,53.104730289968366,53.23897369238024,53.24035471654034,53.126644615791406
20374,51.87052683338096,52.06766589556493,52.08502771952292,51.816242719565984,51.766638998701154,51.92122043334719
20376,62.37447075108847,61.57644822698515,61.60506689676222,61.158824662087724,62.19959303014227,61.78288071341317
20402,55.26046912451353,54.893059521983865,54.93776069905925,55.13133874673766,55.14476392163093,55.07347840278506
20422,59.038639701222216,59.57220689255983,61.07305155269148,59.233710413388145,56.295122941466204,59.04254630026558
20426,52.90174336039937,52.806642868604015,53.180341958733614,53.26449818797565,53.3915585932056,53.10895699378365
20473,54.04536080257688,52.32530972205334,54.30902566147577,54.275007771664136,52.39779445233515,53.47049968202104
20499,53.95346923398921,53.59378270912596,55.834929035463865,53.9384570177089,53.1460605495666,54.093339709170905
20505,51.97332208635671,52.15640694037398,52.120483896043794,52.181778421613174,52.30820450286292,52.148039169450115
20539,53.292753683891,52.75857556696286,53.0406144699801,53.40856785889206,53.84630784037181,53.26936388401957
20699,52.05854612145695,51.777416944929634,51.84014668561845,52.02663199470881,51.802657488843614,51.9010798471115
20701,53.364250964863665,53.66097683988418,53.72806214064808,53.649873520816,53.555494058712156,53.59173150498482
20712,53.68537642939705,53.1366503111346,52.82084743775837,53.19345653431615,53.16524055424273,53.200314253369775
20741,52.3191269078701,52.427255022993585,52.302574586875,52.39799433579101,51.72222987545702,52.23383614579734
20822,53.942610792658876,53.515147163876975,53.272589318909795,53.83215448699525,54.665190748915414,53.84553850227125
20857,56.33365640000762,55.902223196258156,56.51462956328646,54.90575378199531,57.11183865293193,56.15362031889589
20892,53.270917210314686,53.083430992043965,52.79937270894988,53.0951496252054,53.480603325912874,53.14589477248536
20963,58.217156696904894,59.06431329943631,57.60915264048976,58.17260283639346,56.331502579044766,57.87894561045383
20970,54.978712541806516,54.75268547004778,54.54901325974407,54.639959331016904,55.796992070284304,54.94347253457992
20980,52.90165367431408,53.05515899492011,52.6979700795976,52.650914713610476,52.66620602951099,52.79438069839065
21004,57.81648654928049,57.97281239930331,56.862192333958575,58.26625547880034,61.31208703912906,58.44596676009435
21017,56.790914140344064,56.044868668041424,56.67718339110145,56.904860159499066,53.848365817155276,56.05323843522825
21153,52.860764593469774,52.56368101825081,52.50831120496976,53.479414668826095,53.410088140140566,52.9644519251314
21166,53.82209263142193,53.556530848325984,53.832560334274284,53.67768576579565,52.896616085555074,53.55709713307458
21284,55.61813766609362,56.09846537814741,56.2183562104222,56.10292060854616,54.813648151664864,55.77030560297485
21317,52.29300852552637,52.870811065487366,52.608421241958965,52.549163156214796,52.57745098650596,52.57977099513869
21346,59.296037829230265,59.927176898593366,59.17509811219992,60.51695141243613,57.02596101311256,59.18824505311445
21458,52.58564398910203,52.46217326621688,52.83184010347291,52.62848213761317,53.146671440213424,52.73096218732368
21544,53.59832340358514,54.43416703701269,54.27214684560775,53.90863029980953,54.913791606246434,54.2254118384523
21546,59.56723640393984,57.53578787184188,59.072612396008296,58.889941704020806,56.70415447817155,58.353946570796474
21571,53.49709473579853,53.51768641037326,53.36043856111246,53.64081734511405,53.31169217401475,53.46554584528261
21588,56.319078481680606,56.1808849617325,54.29049866679785,55.84955502334015,56.3038628568481,55.788775998079835
21652,53.82257525802413,53.618019822269275,54.003534419310775,53.29643391803801,55.321671513060764,54.012446986140596
21730,58.76969562231062,58.035689228097645,57.92597735222601,58.637770762342896,59.36023813141397,58.54587421927822
21874,65.24032588132107,63.96420130950993,62.66573347215552,64.27667470841507,65.05756705454668,64.24090048518966
21887,54.347171886625034,54.94089086096992,54.30897816549418,54.998854427802755,54.39154708032883,54.59748848424415
21892,52.60710901358213,52.832822119059394,52.86165542352372,52.95663563497236,52.655916058865046,52.782827650000534
21919,55.05602258369888,54.76478673623185,54.850011457790984,54.70274852731416,54.6680979077629,54.80833344255975
21947,59.9887844458382,58.99884763541677,60.106596689503796,60.591201194056275,60.60777012630207,60.05864001822342
21950,57.44665494793233,55.475428197249784,55.779374315061666,55.73115373038393,57.27446589979621,56.341415418084786
22042,53.62610991909611,53.5431524509512,53.56055073975486,53.94826456875525,54.12452717262739,53.76052097023696
22383,56.69976106397755,57.577287316191324,56.80555748943643,57.164635587898296,55.949306097670664,56.839309511034855
22491,57.28110943935165,57.43285171089498,57.042920811658774,57.86825161969348,56.92418281646843,57.30986327961347
22514,52.714529682583226,52.27936532904374,53.031334838279186,52.60300110373642,52.93980023640623,52.71360623800977
22598,51.82018777763469,52.361692323022396,52.23484851042197,52.32000467796513,51.42616419314856,52.03257949643855
22623,54.00318223511495,53.5319520176729,54.13305436089722,53.946507080314426,54.588813163134404,54.04070177142678
22711,56.80810929478108,58.38654089763698,56.71929915045373,56.34370310842197,59.26020231726671,57.5035709537121
22749,52.8417462048922,52.719648002047364,52.39516507783797,52.30477487793599,52.853917130759136,52.62305025869453
22757,53.90708653698948,53.966070252831685,53.73320560554409,54.16965510135223,51.786970795775936,53.51259765849868
22775,52.47784116235294,52.12931212254699,52.53623885738781,52.58063731638855,52.68013691757757,52.48083327525077
22795,53.0776809661138,52.79168369681089,52.432952654720644,52.71166880904997,53.68908674138561,52.94061457361617
22848,55.27082482744437,54.61413927292733,53.91294351059557,53.86943983472348,53.56731189390473,54.2469318679191
22934,53.24444770472355,53.3297146101476,52.47236115469216,53.21221375536794,53.413002345762344,53.13434791413872
22948,53.22399748763371,52.958497333333156,53.05011024108019,53.17373910947357,51.85498522139006,52.85226587858214
23007,55.15868368970173,54.678660776726836,55.67881726036821,54.09271133035544,52.06233129385284,54.33424087020101
23058,53.32305240880183,53.42094238738457,53.60062069566629,53.42465572776609,53.122630036086726,53.37838025114111
23063,51.80708127564008,51.83645636547031,51.82047851866511,52.03335595188852,51.35255244874747,51.76998491208229
23118,52.82314109716173,53.49528370963184,53.04579005328649,53.57786663018302,52.89311186062477,53.16703867017757
23119,59.8319656859566,58.94951116923352,58.27414360384584,59.0514443421424,54.30838877604443,58.083090715444555
23121,58.150624654774425,60.07208777420098,58.4175141323969,60.14957079932948,58.4855399621782,59.055067464576
23160,57.314027517276635,57.32122905276966,58.95114942564325,57.46772243770192,52.98436176010355,56.807698038699
23163,53.97260670068602,54.155196743430125,53.696426055927425,53.840140887653966,53.68810792669414,53.87049566287834
23189,54.09240872262816,53.66833459084805,54.007047665164976,53.62637183921027,54.08452047567507,53.8957366587053
23198,52.98208007028443,53.61132648756196,52.978623892367175,53.07655959052559,53.11791815563202,53.15330163927423
23202,60.12985443975734,59.47766647816171,59.41223551006982,57.30858266270181,60.433781301506386,59.35242407843941
23207,64.85150105231624,65.44300616418164,65.08212283678432,65.00570545947106,65.7940265793275,65.23527241841616
23229,51.90417140452572,52.30075068405663,51.988635763143016,52.07928420690423,52.06819480441856,52.06820737260963
23232,52.5301906751642,52.50325475207128,53.22015353712763,52.71658702183299,52.12362871922468,52.61876294108415
23236,54.762506894112285,54.214578436114046,54.360995445919755,54.269281189809874,54.016580421034675,54.32478847739812
23248,52.881210667190345,53.334887859262516,52.626654056928686,53.205503539938334,52.993126196993735,53.008276464062725
23269,52.77340067095083,52.825145377384935,52.733519014658825,52.28091709365883,52.86554420061339,52.695705271453356
23291,53.18407365020318,53.04896257649671,53.14826590963556,53.29118289984117,52.36887085163147,53.00827117756162
23295,53.89579168792079,54.402299422208955,53.90544301744052,54.068082972149774,51.77229825401288,53.60878307074658
23334,52.27567146479614,52.808005858064575,52.639442983582775,52.47927329359123,52.58365442252276,52.5572096045115
23338,53.18099902490994,53.53449741184888,53.6000947336951,53.367298988292795,53.31362087905743,53.39930220756084
23357,59.38314570663582,59.67992269253076,60.856556546391374,60.14707480899937,61.20671915030829,60.25468378097312
23359,53.677023536405144,53.98983058089099,53.01575551959028,52.71578335263934,52.75841508861579,53.2313616156283
23386,52.69658939619749,52.14562385461504,52.42874697418859,52.597284311346066,52.543675045701725,52.48238391640979
23421,52.4995481714362,52.28790228533275,52.50793438841722,52.72838781050591,53.16442843368568,52.63764021787555
23566,56.05942378806701,55.308417703866326,56.095319257169514,56.11793579665012,56.33578062619531,55.98337543438966
23598,53.71070256304513,53.599292351729424,53.70596747327022,53.5533839274033,54.151778423585604,53.74422494780674
23638,56.93387004400551,57.69607035969054,57.999956778519596,57.763817369179336,61.86482995669532,58.451708901618055
23655,54.522629118643515,54.58535423466231,54.26919936016826,54.48130302757701,53.36320572517227,54.244338293244674
23697,53.44172057847361,53.04573712873896,53.564904193692094,53.36455410363686,53.13002108151817,53.30938741721194
23721,54.39887860404145,54.08935665690381,54.210967292547906,53.831645317513946,53.98768742926345,54.10370706005411
23747,52.58250405792595,52.21914685220244,52.42277060567355,52.34490863384154,52.14497791015304,52.3428616119593
23786,61.89632455057873,61.06750203931002,60.234066758041905,61.06756013346936,62.60503857098749,61.374098410477494
23790,54.46739592038523,53.93345826359344,54.37336485034318,54.46152418659602,54.153935488749205,54.27793574193341
23802,54.3674385775549,54.199733358269086,54.079602443779045,54.550257684678215,53.37569189624276,54.1145447921048
23803,53.21547077055341,52.168514116444555,52.154026269318,52.29409633161756,52.338499743457895,52.43412144627829
23908,52.60240320344221,52.57964721953511,52.43299477968822,52.43017693477158,52.18426457890862,52.445897343269145
23920,52.58214925637345,52.33034175436324,52.36208977294303,52.71600125045818,52.45258530457935,52.488633467743455
23967,53.19552389194144,53.11068758076336,53.19006283161724,52.665060203338975,53.60345018269389,53.152956938070986
24047,53.60175094383312,53.644205482555186,53.432940211245075,53.69802289752226,54.62093816143063,53.799571539317256
24052,53.661819172537086,54.49459378435911,53.39861771624385,53.939167303485355,53.683078677275475,53.83545533078018
24076,53.18418107487999,52.97581934845426,53.20096868235203,53.224940266564005,52.862963241865195,53.0897745228231
24081,52.326685911714286,52.172305020688334,52.29015760388942,52.34221985710482,52.34611807590769,52.29549729386091
24096,58.26829984627377,60.33722164938901,59.50923714925756,57.98292080759425,56.23148465896882,58.46583282229668
24115,54.70027562298223,55.06963814425882,54.80086622986799,54.903437645943185,53.5711483981609,54.60907320824263
24143,58.819897059538945,58.67867524097046,57.30183453306249,58.91805219258336,59.114922626319306,58.56667633049492
24147,53.117104122155446,53.05069847891302,52.97391273509496,52.54114078505537,52.83831960463106,52.90423514516997
24185,56.876702907378814,57.33761279438908,57.03295322678552,56.97130337308203,55.28473805930981,56.70066207218905
24204,55.09851071169288,54.9041872402704,55.9070902886026,56.24008597752367,53.621422792713496,55.154259402160605
24213,53.62804617895329,54.40074985721103,54.74089979598805,54.5922806948077,53.98722742243352,54.26984078987872
24303,65.78228054223837,62.63386005052079,63.034076459337896,60.94642494309677,59.71632620517078,62.42259364007292
24459,53.307963568918424,53.699240031887484,52.998239395267596,53.35384433738119,53.35588633103963,53.343034732898865
24495,52.980374480946345,52.47335427906448,52.4711342315076,52.824860858063865,52.75390498481553,52.70072576687956
24528,52.64608550919187,52.65584808247846,52.60186341477698,52.643046115771924,52.2640447484343,52.5621775741307
24569,57.51405701288861,57.690852162622704,58.000556282178756,57.6864563663693,58.447190303615855,57.86782242553504
24662,53.20495215283657,53.03727037843183,53.264333276633906,53.48868914792528,52.71630624668884,53.142310240503285
24666,53.73499658522559,54.090724541807965,54.238268318656345,54.067747703918876,54.05669262651014,54.037685955223786
24679,54.081974613676344,54.05130119115954,53.649412746513825,53.6176044003526,53.44638725077984,53.769336040496434
24683,53.31947320879522,53.50468343207648,52.91276959857789,53.20284136866724,52.633413456887716,53.11463621300091
24717,52.853251411104885,52.76794853212254,52.9950109395477,52.994616033747846,53.198266363734845,52.96181865605156
24725,53.11381517897012,52.985793062816256,53.23227363456097,53.28274894747575,52.53646526434632,53.03021921763387
24760,61.27444613956404,61.366444922097514,60.28300296708481,59.6022734143658,61.8235643158021,60.86994635178286
24835,53.06467515242708,53.26988250612199,53.52924994298062,52.74707072214664,53.13723283826203,53.14962223238767
24848,51.36847441782638,51.72033466771884,51.525313948834395,51.252977368431424,51.52359439679481,51.47813895992117
24865,53.034025377839626,53.15697396841453,52.56539461624797,53.13046340281388,53.790553031164336,53.13548207929607
24951,52.85997913298969,52.90141302658789,52.94938810254992,52.76148848303752,53.347080102126874,52.963869769458384
24952,51.8925737438748,51.9220566605392,51.98548917748337,52.19708040957326,51.51124025532135,51.90168804935839
24955,53.21370299707619,52.863433749963285,52.713709755507566,52.80588656987675,53.78306896575417,53.07596040763559
24983,53.091824154080506,53.241900021690064,53.050882785561136,53.452560748975394,53.79246123010162,53.32592578808175
25039,54.38680428800041,54.375394963718435,54.30722521410564,54.25584282853216,53.0959770633964,54.08424887155061
25049,53.839794915826275,53.947094435661484,53.828506203066325,54.1688835180856,52.83141500004817,53.72313881453757
25097,54.56809403945228,54.57965628623396,54.534093003008,54.51002129248968,54.74546134018396,54.58746519227358
25151,54.17121303112675,53.78814340595701,53.760635215001656,54.36253921105627,53.9831832438101,54.01314282139036
25152,54.57480032302651,55.00995517677887,54.10778272683128,53.60602639762587,54.42261841356341,54.344236607565186
25162,60.3913571757104,60.764351563039206,60.386966930782705,59.426585849258274,60.52782407991789,60.29941711974169
25208,55.029526284072915,54.84146746561023,54.985408447870775,54.458843061554425,54.857738955626836,54.83459684294704
25227,60.957963482224734,59.138309687305096,60.33856011872974,60.670342579637484,58.01661611668791,59.824358396917
25235,60.030786100631346,59.89794929029015,58.802044024689096,59.75915328856282,60.78500393311206,59.854987327457096
25246,54.241095287634685,55.608513919627995,55.621896893092796,54.678118774836555,53.11814295227071,54.65355356549255
25258,52.66261441215299,52.83179780918084,52.25320766364648,52.56941757748701,51.60865608353156,52.38513870919977
25316,52.37534490808665,52.44581144757076,52.42370477023909,52.55942920088471,52.78927754492851,52.51871357434194
25321,53.06601456640433,53.55847169862755,53.59536346915606,53.64602889016178,54.06818629849618,53.58681298456918
25374,52.57934889475901,52.731227480057036,52.56827507877643,52.83597224574216,53.16246924048471,52.77545858796386
25389,53.532532428735664,53.85814797613018,53.70360938251169,53.196217813961184,53.90943861499986,53.63998924326772
25398,53.71932376558975,52.97333735914304,53.927828382607814,53.805390939562535,54.039413298340605,53.693058749048745
25431,59.408840367198366,59.95900583902735,59.85164526199236,60.19171996476621,61.37517785405186,60.15727785740724
25457,52.41468132029117,52.27909493164989,52.30366091362862,52.33571422247703,52.44631553136171,52.355893383881686
25485,53.53427635239261,52.88272977256009,52.60351886886865,52.3953660839829,52.821710925382575,52.84752040063737
25516,53.64213741769123,53.47208136390975,53.3143998555994,53.27343951169193,53.268836447994616,53.39417891937738
25519,52.822888654260105,52.40201759011654,52.87760726602714,52.804762423019575,52.04585404888478,52.59062599646163
25547,53.08265989776343,52.95371458721283,53.52232181433485,53.541317099780095,52.95360983386746,53.210724646591736
25644,57.7888648422853,58.40373830789171,57.12850773669525,55.37579298127326,56.20157847033607,56.979696467696314
25654,61.1892506063659,59.06112493264253,60.526641008276314,59.53481201410355,58.23088292485622,59.708542297248904
25682,52.70623919086032,52.98899199505777,52.55073635122341,52.74529785212896,52.06950143739055,52.6121533653322
25683,53.60225824938681,53.75075302445584,53.67166564393386,53.97559076706359,52.109404472273134,53.42193443142264
25699,53.19101628666575,53.13693921970908,52.60477586775941,53.109998730167014,52.07214718523681,52.8229754579076
25754,52.20114119755241,52.7680535517179,52.31991597546246,52.73022796051389,52.72520315729149,52.54890836850764
25757,55.40050770064427,55.900150221418635,55.847514942018314,54.99676313231292,55.0108217154046,55.43115154235975
25801,53.24710639738044,53.76942193957098,53.57029397041389,53.541399394074254,54.58267495821349,53.74217933193061
25822,56.56877062029106,55.61165595203238,57.82102337533261,56.395930122618005,57.25833833117612,56.73114368029004
25828,52.775650250925175,53.28869612099533,53.17735808950731,53.36196489809326,54.074976843808685,53.335729240665955
25860,52.64484425019711,52.651145902357946,52.673488903112606,52.83013866692151,51.997666985169076,52.55945694155165
25871,54.43328916605015,53.894729734332415,53.396763460229664,53.536102144438466,53.80227002048369,53.81263090510688
25894,54.97146734070955,54.56736916586749,54.16893493502613,54.17869225412615,56.27595037931166,54.8324828150082
25902,58.8843311007096,58.58179770398017,59.61015225158117,59.73093097542305,57.51970607721753,58.8653836217823
26070,63.93149982712004,64.5265792448871,62.23355749111604,65.04990082125734,66.68416583532081,64.48514064394027
26138,51.97864217990912,52.019800692985186,52.316486595897004,52.10291953468566,51.4488690569178,51.97334361207895
26220,56.6197567184647,56.56239986155164,58.44665264698022,56.65573598665,57.134678551143125,57.083844752957944
26239,52.980475005388044,53.66032566548775,52.23576469109712,52.6041826977798,52.0894971230595,52.714049036562436
26255,53.05218185574806,53.75235542116028,53.34223055898031,53.40434139674061,53.911337219921364,53.49248929051013
26282,53.26497928074451,53.15668669005796,52.866722768913135,52.79114435788306,52.721814902192754,52.960269599958295
26291,54.55215229188361,54.63262047030385,55.572890817433844,54.59637079777064,55.00409492709653,54.87162586089769
26297,53.10251550081691,53.02097490690157,52.613105370460595,52.56403997521423,52.25763381106286,52.71165391289124
26314,53.74198640162387,53.39704741166188,53.97083602396781,53.68384161690827,53.150649578755036,53.58887220658337
26320,52.58197395029308,52.59370763148263,52.8639116906244,52.91190892395024,52.38313485928643,52.66692741112736
26353,53.25662109598932,53.45474421946114,53.09710872615467,53.20005168366665,53.82821792318676,53.367348729691706
26392,52.985999090066365,53.16151744307608,52.87674024788708,53.09760995428243,52.66270290175763,52.956913927413915
26419,60.62090755963861,59.60736370665217,59.60406315408953,58.86345561873746,58.28976230279842,59.39711046838325
26464,55.08480271182614,55.36765764010478,53.9908171340882,54.757652436897445,53.860456839876335,54.61227735255858
26490,54.62531664951036,55.414407729784,55.04854050695445,55.125049358085874,55.11402896254127,55.0654686413752
26511,53.51436496791923,53.35965246860155,53.60629819287981,53.15483041669027,53.30791646133624,53.38861250148542
26516,53.044594760558574,53.51719101546533,53.54498059976057,53.45557780029521,54.29415301633712,53.57129943848336
26521,59.02806567168672,59.24669438667811,59.083348923694324,59.56522772387127,56.159316544850945,58.616530650156264
26533,55.19845954213122,54.94113213513483,55.06979320713387,54.7390111584354,53.1613804619302,54.621955300953104
26544,53.8962595931966,53.935111457709866,53.7534728384898,53.436771664320204,54.07446271059755,53.81921565286281
26626,53.21860572481799,53.56153817546993,53.348342788977334,53.26380250998756,54.62107852489162,53.60267354482888
26688,52.22887927093186,51.62030224024852,52.22679149274454,52.215968345401436,51.91860053061956,52.04210837598919
26694,52.35749117492548,52.585806320164366,52.76795125970584,52.89032495509715,52.82730083163621,52.68577490830582
26712,53.80415694806853,53.40055157655806,53.86761568568228,53.76915030010811,54.03022830469395,53.77434056302218
26722,54.63940535168985,54.689058830511414,54.6259183240097,54.313267629090475,55.19138744390821,54.69180751584192
26725,59.86346908650532,58.954765831844995,58.77569477762815,59.73534837198025,58.973520566576454,59.26055972690703
26810,56.519086161313815,56.496249540914015,58.052300403100865,55.3325579486983,59.65590914777831,57.211220640361056
26841,54.989286285266665,54.596331778214115,54.77070872152207,55.05726489704117,52.5821019309454,54.39913872259789
26891,54.94880567724444,55.06394115464543,54.887619261599006,54.96543007083676,54.11249767862299,54.795658768589725
27046,53.34584054017753,53.49115239990146,52.99505494260889,53.269006787023535,53.91597741242631,53.403406416427536
27087,54.7142828221833,54.80330060377785,54.97375714433583,55.02452966383416,54.63246127448495,54.829666301723215
27094,56.85848422125665,56.701628318694084,56.834965335174864,55.6684239644384,59.26580928954131,57.06586222582106
27124,62.227207432330665,62.37078716832949,62.59596196377649,61.812254714441345,61.32747608122062,62.06673747201971
27150,53.724775360503976,53.967018738942215,53.67752277596918,53.548698953918276,53.614927492510006,53.706588664368724
27169,60.45054027741074,59.05943724807434,60.01472367329458,59.0486110097052,55.30703396325327,58.77606923434763
27182,55.655338274184196,56.748379798168344,56.27736478040532,58.700862993827094,53.987957127838115,56.27398059488462
27248,64.23854331959785,63.08382870196637,63.854751513106926,62.429286339894375,66.94915676057828,64.11111332702876
27255,53.92100468731015,55.40422587795179,54.365399268611874,54.07259149482657,56.626008296238986,54.87784592498787
27425,52.23826229422941,52.15407193274164,52.071913132795146,52.062698857929455,51.77955552282241,52.061300348103615
27456,56.226659837368054,56.17085877158035,56.062858731104235,55.88523385424926,54.657050051587824,55.80053224917795
27470,52.05526686662095,52.31334822440004,52.50409970773357,52.49186383970135,51.59179056325012,52.1912738403412
27522,52.85123948960523,52.634869042496796,52.90370417688162,52.7747060806813,53.056692179672964,52.84424219386758
27563,59.25120696501711,58.816643394867235,57.84433037992593,59.45946445015878,56.784802191134006,58.43128947622061
27588,53.018860433154046,53.272191152408794,53.19824759907184,53.34909442322275,54.06288741082755,53.380256203737
27664,53.15461399318326,53.130040995254234,53.53469286901938,53.469043912837954,53.620405293663985,53.38175941279176
27668,51.92385162959375,51.8335085559523,51.720445444997225,51.8774218523286,51.93948020037591,51.85894153664956
27679,54.283187156696684,53.4708105299251,53.76465964150581,53.50323336269101,53.213990377050195,53.647176213573765
27686,53.23830295697487,53.22732101301532,52.93189263168128,53.382051554380475,54.86773129815784,53.52945989084195
27711,58.451488025810534,58.83457357280338,59.2044082100317,59.08615559855813,63.68023780412125,59.851372642265005
27752,54.03678874282631,53.451867158178544,54.2135892331089,53.79542110806464,53.84775736152706,53.86908472074109
27754,52.59873488276525,52.90015222806186,52.61856809281442,52.78225060010848,52.6101712224543,52.701975405240866
27792,52.898313104095934,52.7416201540891,52.71582394592407,52.80604392865954,51.73156155340037,52.57867253723381
27965,53.57514389887308,53.63986374866893,52.74505786735367,53.46290258799806,52.150686359157966,53.11473089241034
27972,54.02922481546594,54.38035746719721,53.61043551472838,53.45962072956766,52.800921240054905,53.65611195340282
27978,52.705144022328525,53.06520189634381,53.06375179655761,53.22481529979348,53.21179819999508,53.054142243003696
28007,60.00325271551678,58.87362420717317,57.44828890416522,58.45094958264248,58.6890516956874,58.693033421037015
28012,54.16283283346125,54.41324739659864,54.044273726889486,55.24943967328741,54.60160039980716,54.494278806008786
28022,55.010039803437884,55.89881455508215,56.8196343728023,56.09653427599701,55.510534032526664,55.8671114079692
28029,54.30500165852631,54.78932680074729,54.41055380823694,54.05413320197245,54.42763711342306,54.3973305165812
28162,53.7433297542014,53.83670115279159,53.40197766179886,53.27144283202014,54.656260075431796,53.781942295248754
28179,57.200921211715865,56.13390253987771,57.40412750688642,57.70202178542019,58.02462413011172,57.293119434802385
28193,54.00546995282223,53.38875433967977,53.778135092491056,53.51845490537121,52.72002922631734,53.48216870333632
28199,56.88081308098413,56.843790098625796,56.49561474236519,56.811977054558376,55.98083799317342,56.60260659394138
28201,56.551498358958256,55.69581876583929,55.950296281679236,55.65846424817101,54.373519967750696,55.6459195244797
28248,54.953474153858906,54.55015020955985,55.15759603965785,54.77235776933228,54.44024563775308,54.7747647620324
28255,67.19473360357377,66.12341706444542,64.35550624997543,65.62150897849821,65.00202214894627,65.65943760908782
28289,55.53811018750003,55.38324118084243,56.67993917515096,56.49202622419553,59.62829806912054,56.7443229673619
28430,52.93536603968074,52.97977818059752,54.14022385543294,53.093073923741464,54.641805755440274,53.55804955097858
28455,53.32405769404563,53.360543019188746,53.448231312459804,52.86206348940401,54.1406557292727,53.42711024887417
28465,53.943949172514245,52.68671159312929,53.095250773357584,53.54688503122723,52.8064226171502,53.21584383747571
28496,53.28659938686852,52.91178675638216,53.30296918572763,53.02454767615291,52.325962421147054,52.97037308525565
28541,52.973722747154035,52.76864646934578,53.08741071197912,52.89086656523036,52.810661002909,52.90626149932366
28574,52.85589455804065,52.88803565789655,53.060631334941796,53.01144507797193,52.64656270513117,52.89251386679642
28605,54.67321268827178,53.77008609799165,54.61690359370958,53.786968555367146,54.52029518420934,54.273493223909895
28765,53.71894098346,53.365859498406124,53.853612887710426,53.65366098658595,53.87667057166642,53.69374898556579
28885,53.947786258623786,54.086693878003516,53.57611549555767,53.672434711831144,53.00828598480873,53.65826326576497
28893,52.21989531252145,51.91760810451742,52.20498509549602,52.13754367225894,52.32583700889204,52.16117383873717
28912,55.504280412703004,55.56713192424943,54.45253564266923,55.432648003511524,54.77207902462875,55.14573500155238
28973,52.459584743474664,52.677063085437645,52.381478908680634,52.5792246388899,52.08924680101583,52.43731963549974
28974,52.42149115938064,52.397538304361724,52.66655946055093,52.35361100330808,52.01761149331217,52.371362284182716
29004,53.9182618099774,53.170065258045604,53.12043989442884,53.206448644057936,53.73561366864109,53.43016585503017
29010,53.86298064594066,53.0015471906817,52.72000189237486,53.42115767648391,52.289095762513526,53.058956633598925
29021,52.31616935027694,52.3101707538117,52.48542657800967,52.33308143586084,51.74947072664355,52.23886376892053
29120,54.70355274737677,54.59687092275996,53.0600422970634,53.16017998538488,52.0342773464042,53.51098465979784
29149,56.72227940295633,57.36491673996937,57.69825308381412,57.53307963792618,59.47254315582999,57.758214404099206
29159,53.28628238104636,53.451582585166555,52.992260158328065,53.30490521878563,54.00953935826365,53.40891394031805
29169,56.147622908053904,56.31409662592515,56.36499033435965,56.61859222809677,54.59430735070748,56.00792188942859
29203,55.31335946152404,54.48037582803624,55.20006691850075,55.61847131787999,54.86511912185979,55.09547852956016
29209,53.53480573154305,53.495267743053994,53.55419076268266,53.64799724774263,53.47583713759563,53.54161972452359
29227,53.610551453347256,53.85780243115977,52.92881049922552,53.45406651118922,53.701482263106804,53.51054263160571
29249,52.30857339005107,52.29169813680379,52.17274915860055,52.449789276941566,51.92415617591685,52.229393227662776
29304,53.19342241358365,53.05746003590898,52.7768929796732,52.42847937256901,53.66531576377182,53.02431411310133
29376,54.464120990668235,53.54532961798536,54.403033083557844,54.45571540596668,54.288467456428464,54.23133331092131
29389,54.048650290580476,53.83208105561829,54.117268737600035,53.7405941192699,52.58968458813871,53.66565575824147
29449,54.50220614893121,55.07493795163086,55.35477068438214,52.62044000092299,52.16550097847929,53.943571152869296
29536,53.32929649421368,53.04180866421758,52.57610051707935,52.812145653064334,53.07222485854178,52.96631523742334
29549,54.36368035027372,54.62608050855207,54.67874453022117,54.578273764866005,55.48471690132809,54.74629921104821
29586,53.1361456835698,53.16556738720792,53.25598638490117,53.325076827392444,53.15183381577797,53.20692201976986
29600,58.13187374073185,58.57984971323746,59.01039963595803,59.07257583558088,60.59680965792521,59.07830171668669
29671,53.76119692584388,53.757973234776664,53.77966780667029,53.67800220073998,54.04071233343196,53.80351050029255
29720,53.873913973666376,53.45696163695342,52.962483628451764,53.8345386142264,53.017189975049625,53.42901756566952
29736,53.74613073255373,53.74601819092744,53.75161233878903,53.77364648505001,54.251423016997975,53.853766152863635
29773,55.5091977937508,56.27755169378707,56.237928549734534,56.260947281858016,55.920399143307456,56.04120489248758
29780,54.72189034673143,54.2452703495071,54.1846677727168,54.69939412215514,54.242674492780104,54.418779416778115
29781,55.83316457804907,56.402196665318904,55.70474195326435,55.88801761091073,56.705841237099534,56.10679240892851
29807,52.492054849131925,52.67169043794249,52.58886879221144,52.70983232937449,53.47206087175426,52.78690145608292
29815,53.95381040942807,53.90262276075881,53.41909356822327,53.16447870984651,53.034886117461866,53.494978313143704
29820,53.416698123670855,52.72245967094902,53.080900710760545,53.421992813727776,52.86774857327502,53.10195997847664
29825,58.23525956052495,57.35277044594198,57.4416588924064,57.515045914600925,58.814188396892725,57.87178464207339
29835,54.86742562465931,54.71538493853933,53.33619512751963,54.33285215269557,55.26275763363027,54.502923095408825
29880,55.239107256212584,55.11906885343887,55.216829277290934,54.97814947198166,53.08476041546257,54.72758305487732
29886,53.742050078438886,53.895680679648095,54.220040433704625,53.642734485504775,54.43274184051211,53.986649503561694
29931,54.05068373369026,53.71644729356961,54.02943127947409,53.24209951352205,53.095595730080944,53.62685151006739
29935,55.55988992077625,55.499197700231555,55.115503642843265,54.47284037135373,55.6704121814605,55.263568763333055
29973,53.75881296750607,54.26347933289337,54.02671026311842,54.142483372325835,54.36882663753744,54.112062514676225
29981,65.33199174328341,65.6532949292901,66.84541525103384,62.44414652067878,59.66654789431351,63.98827926771993
30005,53.50336081070587,53.56045447370607,53.307272568028914,53.769987678451024,53.62142895504456,53.552500897187294
30006,54.77081886418613,55.412758599717066,54.716184615638795,54.883629147573046,55.264138881739925,55.009506021770996
30052,54.101666978449686,54.35527711295618,53.21939199016399,54.14954575960014,53.262325422923304,53.817641452818656
30092,56.17272280261207,56.29204395484129,56.973959787895254,55.882207473395006,57.454763223936645,56.55513944853605
30126,54.28687559865467,54.04804292681716,53.854641551336336,54.04815081872509,55.03477145672604,54.25449647045186
30153,52.92840117170597,53.315539169601855,52.90624555162486,52.432862277129686,51.89551832122462,52.695713298257395
30170,53.51105955881049,53.8827340426327,52.82572404692717,53.27673353193325,53.9595824476098,53.49116672558269
30188,54.100319789895664,54.23127371657381,53.397496895021405,54.087265920578396,53.071024243932335,53.77747611320033
30197,54.28788017945295,54.21598465137997,55.10798483131848,54.958546782168,54.05491958117542,54.52506320509896
30249,55.3127011069186,55.28269836883947,55.29323255924685,55.123638766388694,56.32140812613694,55.46673578550612
30271,52.435247811750315,52.03176409760609,52.03620235343573,52.382694774708355,52.47401871479466,52.271985550459036
30320,52.63436247935657,52.74641977222266,52.94077642386678,52.543767571859924,52.0422027975298,52.581505808967144
30324,53.43467612663141,53.58695187869821,53.68605276674184,53.1184358239087,51.71231156953661,53.107685633103344
30330,54.137564607671905,53.791875330217486,54.200062842510114,53.54967174988559,53.59044006113822,53.85392291828466
30367,53.62765456752788,53.6628240189583,53.95204018896234,53.507057430380385,53.891783595243666,53.728271960214514
30399,54.29548943624498,54.324949576748224,54.69135432681926,54.37839738488607,52.25128045651889,53.98829423624348
30448,52.900711355387465,52.44393259279587,52.449076957289414,52.727088127538515,53.063959060499634,52.71695361870218
30467,56.00491494961067,56.65073895855116,56.48899437022692,56.11202052469874,56.861357546851934,56.42360526998789
30471,53.23596596077132,53.66408289685316,53.48888247973518,53.305593807217775,53.29729254694143,53.39836353830377
30483,60.602947708513014,60.32091908237858,59.525969071188854,59.19225935869619,57.76162317446078,59.480743679047485
30514,51.916576660653426,51.98106423050081,52.34048849084347,52.468416795584154,51.800650172983765,52.10143927011312
30534,53.07906165938786,53.5201048228641,53.349509272142626,54.23166660622227,52.661949712495904,53.368458414622545
30548,55.8392101986207,56.48730083647658,57.475033480158814,57.90788456386373,56.341341603168125,56.810154136457584
30563,53.66251488033186,54.07890446106414,53.80319095479994,53.30834619374155,52.91133713984681,53.55285872595687
30568,53.06781237032475,53.054059465827414,52.87245057073092,52.33396553089029,54.37110241747627,53.13987807104993
30585,52.34815251257715,52.44599819788704,52.536020047189666,52.137029889256894,53.52271959779589,52.59798404894133
30590,52.893221417455976,52.55314375764205,52.65213824257441,52.32078111495443,52.01297707915144,52.48645232235566
30596,53.6813960433184,54.46660836404476,54.76996844615513,54.46159339808885,53.89951592762786,54.255816435846995
30614,53.55220707546906,53.13915381701156,53.5318702243029,53.34016192338506,53.95262811386068,53.50320423080585
30620,58.48128020266472,56.70487096832782,58.52274757519935,58.48269871151867,61.07767794975847,58.6538550814938
30628,54.01840153860899,54.05311084664816,54.0511864688526,53.795721173902564,53.96666157326128,53.97701632025472
30661,53.72946005490931,53.1509626483241,53.95462016559491,53.50494535060127,52.36063107870495,53.34012385962691
30672,55.070655333701396,55.94857606528713,54.52352916480494,55.17356054313712,57.119351739429995,55.56713456927211
30675,55.733939244045985,54.96334855995719,55.57243917475027,55.041734013047055,55.352248116102594,55.332741821580626
30700,52.901254925375234,53.117032312494715,52.87860307397885,52.865857685337815,52.08364910637315,52.76927942071195
30712,53.11470914153609,52.71948301053243,52.92319730285829,52.639499254672636,53.29043232748706,52.93746420741731
30728,54.019204157743694,54.5361494942622,54.02864428209196,53.862105935498064,54.67955643938995,54.22513206179717
30752,54.256970546514125,54.717030503027416,54.25683358395377,54.44463091152785,54.793029724515094,54.493699053907655
30791,52.12990517407864,52.12793996894207,52.212840409151354,51.98582396696859,51.360077704251815,51.9633174446785
30839,55.79006913159447,55.656668969325175,55.75619711278201,55.77499736759334,54.87434640369804,55.570455796998615
30859,54.09978751016966,54.73402714297092,53.96424994351886,53.561407830413074,54.627160711834854,54.19732662778148
30866,53.321451339130135,53.63619790087074,53.577663767721305,53.94229419150256,52.19112778682084,53.33374699720912
30883,53.45860758574045,53.28086883428085,53.22119625784082,53.0750399685266,53.65738452411596,53.33861943410094
30894,54.383633667589116,53.78379151310412,54.40025218197596,53.48051763302958,54.56944816479836,54.12352863209943
30911,53.43596042622977,52.83397713420777,53.13084145723462,53.09220492926722,52.693134984589626,53.0372237863058
30916,54.792887838879736,54.56858035488034,54.57162947747926,54.557158898870505,54.78352276884495,54.65475586779096
30938,52.957069227646706,52.81360227890731,53.24072399090018,52.87035088762512,52.48556178005271,52.87346163302641
30950,53.36253815418294,53.30391723242746,52.95530039057798,53.0884295521942,53.39608140824526,53.22125334752557
30956,54.46348562155819,53.92699736534854,53.54241971768981,53.83125957538284,53.46900124965838,53.84663270592755
30965,54.107928747329254,53.536938518592635,53.96285046998023,54.72075585210046,54.58463107914791,54.1826209334301
30979,56.709894420294475,55.309866207754155,55.30016565782436,55.686418809275224,53.42950493320592,55.28717000567083
31011,53.43487678912358,53.82575930638203,53.787204358332836,53.73836930354618,52.819394231370126,53.52112079775095
31076,53.47257766703755,53.672511676761935,52.896217380135546,53.33399911151798,53.68043030332494,53.41114722775559
31081,55.227062607833865,57.03203586607094,57.17832689952046,56.920362677987455,58.13115182447427,56.897787975177394
31104,53.48761526925946,53.134377255208975,53.59606647565696,52.88768507087672,53.722381244281415,53.3656250630567
31120,53.31449248434354,52.81257955839039,53.40115520661269,53.39690907466139,53.41501201850938,53.26802966850348
31124,58.845417668149786,57.86839542696342,57.64633696634394,58.47154917266259,59.30563440105449,58.42746672703485
31137,63.41757368726245,63.54517608454972,63.301118303296015,63.537434011540334,62.09720377638862,63.17970117260743
31152,53.97714988260603,53.44871886946078,53.43103739605831,53.90968851885389,54.22371502083286,53.79806193756237
31175,53.441465941063186,53.39238834677607,53.12971509529924,53.050789777301404,53.26939323960666,53.2567504800093
31219,54.32712592513379,53.92360620376601,54.528562080488044,54.37509618957498,53.60850341789424,54.15257876337141
31230,57.83580721630909,57.54535263104215,57.472768667000004,57.167930704977586,57.926351471536805,57.58964213817312
31231,54.18339258308981,54.184751835405585,54.32864859575645,54.33334933831966,52.73475657111316,53.95297978473693
31237,53.93829887672949,54.02590521900243,53.05217367206571,53.660502612821894,54.30698251310037,53.79677257874398
31239,52.951236409968466,52.40011264812496,52.9373071144076,52.5544122212458,53.74631486177266,52.917876651103896
31242,53.15640776594615,53.04533028276513,53.64271214303681,53.19236033239392,53.16518152282379,53.24039840939315
31243,56.28816613844872,55.76886850627181,55.892006241365316,56.10172114111716,56.45673902320897,56.10150021008239
31265,61.08773155520321,61.44358959526928,59.88841808199394,59.81582487944172,59.933767850627355,60.433866392507106
31270,53.241336228999245,52.876976069019086,52.67756117828223,53.29445190082721,52.57799822712624,52.9336647208508
31271,53.70930240187425,52.437800885081515,52.20939353459602,52.78394836390376,52.002584651709746,52.62860596743305
31286,58.715524334572315,58.790226156656054,58.78691547418786,57.184732749104334,59.94202019073563,58.683883781051236
31292,53.40471024556337,53.58908516706149,53.42397620214052,54.164689308940424,52.94802813956252,53.506097812653664
31325,54.28339671586098,54.315052469513766,54.73305123313303,53.89625470087293,55.017660274545,54.449083078785144
31344,54.359052998546794,54.67491372984101,54.626770107331616,54.25556375140755,54.23372861529942,54.430005840485286
31370,53.139235120607715,53.23990819487995,53.18371926262617,53.02004987511494,53.23614573656384,53.16381163795852
791,59.90807966372363,60.803185343441896,59.54688949547887,61.020661426011635,59.79033467256253,60.21383012024371
5457,53.242968877642,53.64501792023225,53.36106171346981,53.161896635218625,52.380540563104184,53.158297141933375
29775,58.53943912874378,57.87434011249793,57.31267741337283,57.91340959698852,56.328103672564275,57.59359398483347
15483,84.38053489181456,83.39598400417927,84.57385587811666,83.56670431495807,81.90020613288021,83.56345704438976
