uniprot_id,seed_42,seed_123,seed_456,seed_789,seed_1011,mean_pred
Q2YPV0,6.730115671210706,7.07331542892306,7.00582720896245,7.310521701418197,6.844658190709937,6.992887640244869
A0A142LT01,6.68275583726831,6.615644862682139,6.609872491572759,6.8135226722401665,6.591490478015192,6.662657268355713
Q9LCC6,7.833372695451936,7.828979842482901,7.929122202748318,7.864061834719484,7.861849095020392,7.863477134084606
Q4CN04,7.590212717005457,7.590145970953882,7.592887970058432,7.6075441748123085,7.59437911558261,7.5950339896825385
Q00XA5,7.6297601264679145,7.696694250171668,7.866775137780639,7.667302165614056,7.909416326618631,7.7539896013305825
Q5JJB9,7.564026705417571,7.472300780879979,7.4868557586582245,7.568513322534964,7.619225830166885,7.542184479531525
O30245,7.314556031610223,7.28102236269576,7.016854351563973,7.2629564484293585,7.041048530443067,7.183287544948476
Q16134,6.969048682102374,7.0726053540233025,7.1052420487008305,7.451950046476739,7.00484506559698,7.120738239380046
Q4E4E1,7.984985292213681,7.890312245979512,8.012018295571767,7.9490732242215625,7.833254186823072,7.933928648961919
A3KCL7,7.5225268275082176,7.588285214351073,7.512222185299077,7.583498950995491,7.486973621976821,7.538701360026136
P34754,4.799880164398477,4.922174538711132,4.979872324236752,4.791707304424468,4.735542632788242,4.845835392911814
Q4FME3,8.104852368521474,7.701474486841326,7.969398640464314,7.9628175960030205,8.03965803519101,7.955640225404229
Q9UBK8,7.325598460997233,7.4171379607415195,7.434329963056199,7.425241827340767,7.3197822989920045,7.384418102225544
A0A140N3B4,7.374089179535838,7.5641305151546785,7.286586982619909,7.462021535998357,7.44996172444329,7.427357987550414
A2Z7C4,7.336810066033696,6.894480075806295,6.9866925661393005,7.134026761478111,6.896614339613554,7.049724761814192
Q45222,7.504451948564675,7.505752874259521,7.637204740125693,7.632199394862219,7.698602610357302,7.595642313633883
Q9LY23,7.384107673169822,7.3619643650172835,7.402378138811196,7.392296978175734,7.379066843694817,7.383962799773771
Q9AJS0,6.352514018851174,6.177638361066961,6.223551148393077,6.122678751638949,6.111268436360421,6.197530143262116
A0A177YY42,7.813154198952122,7.771319836860064,7.635431597212393,7.742285803670473,7.760837613892928,7.744605810117596
B8DZK4,7.387209262081312,7.4672485432408475,7.407545434068375,7.416491747851138,7.344878667775925,7.404674731003519
R4N4U2,7.021807850226185,6.73743384218327,6.84950358338352,6.941214431828275,7.191871875952736,6.948366316714798
Q2URT3,6.496913789715862,6.363909262648016,6.157285222813677,6.418775464490741,6.483545171613374,6.384085782256333
Q7DC81,7.765442624565661,7.592056118108324,7.674820386695459,7.5957175411175815,7.605874549994766,7.646782244096359
S6B6P7,7.453079033756131,7.508714142187654,7.283828007759496,7.236807277738723,7.2677820610312915,7.350042104494659
G3JWZ2,7.068324256353716,7.371323034247997,7.279974556157901,7.324762930556432,7.137979928277406,7.23647294111869
A0A1U7Z3Y9,6.289002760449834,6.300042893798486,6.119701269170185,6.364227275013667,6.29248345495641,6.273091530677716
Q8ZUN8,7.098287799992502,7.204126921032859,6.461957104296334,6.885019975067058,7.048728701055582,6.939624100288867
A0A1X9ISP7,7.055318335360079,7.120074025410773,7.031119309693262,7.1510400649626735,7.158946625356822,7.103299672156721
Q76FS0,7.482195470185269,7.354283123868909,7.446730442741831,7.442779036623801,7.452973662483277,7.435792347180618
Q6UWR7,7.917264485286635,7.6973118272935945,8.03266796844577,7.351614244317233,7.656011113956007,7.730973927859847
P55072,7.304957953947378,7.5122723106655656,7.428764754342961,7.424745433145937,7.330363188585328,7.400220728137434
Q25C77,6.925889779482429,6.707417384949805,6.931452508674382,6.244589741737165,7.272530668858414,6.816376016740439
C6JUG1,7.39542287374983,7.608608918334687,7.546599758322232,7.366637152794811,7.388181844937266,7.461090109627766
P54166,7.849525914360022,7.718102413364145,7.865406059120528,7.782498817674993,7.812026641031805,7.805511969110299
Q3YAW3,6.4318346723029975,6.887730199587342,6.615223968417419,6.7995284234703774,7.050330275116691,6.756929507778966
G3XCJ9,7.750063752668351,7.78704059655164,7.78311714424016,7.51536462939689,7.608400815401245,7.688797387651658
B0V1K8,7.214624901847247,7.082270451321586,7.156178866955955,7.359093148448684,7.195254652627041,7.2014844042401025
P70080,7.202746885497675,7.575528777893181,7.2202932619019755,7.373157722701425,7.2106255299594935,7.31647043559075
Q56839,7.244386262270124,6.968082813466739,7.163631936341571,7.312467185144936,6.98410844142979,7.134535327730632
A0A067XRK9,5.822228469035645,5.732924093303648,5.7651804483020825,5.801703778118473,5.7692018057880174,5.778247718909574
F6JRN6,7.605654613459512,7.656350869566516,7.815891289176207,7.736201063148052,8.038457924661971,7.7705111520024515
Q13574,7.34423713505174,7.3322734479382845,7.2815505494695,7.29564521195155,7.206156629240919,7.291972594730399
Q9LBX4,7.418975635059569,7.649885002810111,7.360016186546154,7.450643920584776,7.3864637461092215,7.453196898221966
Q9HZQ8,7.2974721225530335,7.13889511680082,7.296116473111946,7.476722488764313,7.842511082290189,7.4103434567040605
Q96HD9,7.435031614196683,7.518849342693851,7.5091087039654205,7.542957884818638,7.475662296165875,7.496321968368093
Q95V75,8.126884012325013,8.147095568500657,8.228689475406231,8.146411855683127,8.137263063161768,8.157268795015359
H0FT96,7.3126305551203385,7.552125726632415,7.384971464630837,7.347120266865486,7.352620505283234,7.389893703706463
Q82P90,5.867388941539997,5.959348421095806,5.789737149873289,5.999419993986817,5.865934913252488,5.896365883949679
Q97V23,7.554700737529822,7.355773581014491,7.426473670607498,7.387977532475176,7.240074949166539,7.3930000941587055
P80193,7.214322439976459,7.56812132680821,7.221623756369516,7.28956189701174,7.379612478976343,7.334648379828454
G2Q665,5.208740989781915,4.9878078812623405,4.968541476703914,4.7987075195501525,4.955152907581337,4.983790154975932
Q006P9,7.5122150160722985,7.414455379243883,7.4484533948384914,7.4855780214673056,7.535267091184526,7.4791937805613005
C5BN23,6.484790828935692,6.3526448309822925,6.34049758202452,6.370517860329043,6.390986772755386,6.387887575005387
O22141,7.537522217681039,7.795681414694119,7.7430758493858,7.7909274976772585,7.633525683421121,7.700146532571867
B1NLD3,6.684041117257815,7.051155921546095,7.050701326271415,6.761555904384952,6.69885502208389,6.849261858308833
Q96Z02,7.103409608823686,7.107414853057508,7.126923245482677,7.071920072495145,7.084700965234813,7.098873749018766
P00336,7.5943698689269326,7.429105260457414,7.486906440210444,7.5540815236909005,7.540849951441499,7.521062608945438
Q8H1D8,6.6280575520826925,6.857244910057622,6.785434618539721,6.543488862079387,6.674873049978297,6.697819798547544
F1QCV2,7.615933384947661,7.605040471373284,7.543150697210093,7.579201040357092,7.616074504138095,7.591880019605246
A6P663,7.465238004042993,7.418115916371947,7.358163325302147,7.36306171093565,7.318032639233229,7.384522319177194
Q51508,7.844305384602372,7.841725181934485,8.004658011976945,8.011874947121251,8.037775663952361,7.948067837917482
A6YGF1,6.652877558770514,7.024537942964766,6.808694119121077,6.9724712073097805,6.673359610929069,6.826388087819041
P97325,6.483202448696964,6.573140240321813,6.775134917123813,6.525014207164244,6.4286496683459955,6.557028296330566
Q6S3E3,6.13433386100157,6.214501039905387,6.176912253052202,6.1762036931796,6.140019392523644,6.168394047932481
Q08891,7.33043952354894,7.6282542745974355,7.603293995605944,7.636179726212435,7.562756291330054,7.552184762258962
O07177,7.514110957785032,7.489473112432924,7.582759535782367,7.3950782896543465,7.501779505284025,7.496640280187739
A0A0C6EUC4,6.667039088526657,6.7465826244698075,6.547591833857515,6.653509642053228,6.555971574336448,6.634138952648731
B2YGX9,5.859787421585672,5.890848510247311,6.431994180355806,5.852686672102123,5.82333526662549,5.971730410183281
B5IEU6,7.365393525284893,6.843329590598798,6.634711500756179,6.697058400680457,6.3912038893305745,6.78633938133018
P12293,6.861493131693768,6.758089757594819,6.766996033175008,6.745071184948413,6.4866686197592935,6.72366374543426
K9Y6Y9,7.013290875462482,7.016288847659726,7.056884071974338,6.960478822613169,6.934266884350761,6.996241900412095
C4PKK9,5.090299132787845,5.34332487867136,5.129840279688747,5.327887868021249,5.307444235607327,5.239759278955306
Q9W3Z3,7.70037238413421,7.979103137280106,7.902156445854171,7.605403037667109,7.9480543829382375,7.827017877574766
Q8P3J4,6.602068208390158,6.890545870210846,6.948997357481608,6.749667216537579,6.57441364110506,6.753138458745051
P70390,7.4139082513294365,7.4848605564663195,7.479300533232799,7.5122005765392785,7.488132057240334,7.475680394961634
Q9X0G9,7.697044729019051,7.621419109865387,7.765137570048638,7.6870403728947725,7.6873129479710505,7.6915909459597795
P38137,7.7336431194961754,7.750520134991943,7.724304851966691,7.701709567108098,7.713188490709973,7.724673232854576
Q9SZ92,7.712772234155774,7.5682347959194916,7.625037421394757,7.670518112218352,7.651379533842164,7.645588419506109
Q5LW89,7.205326459514114,7.226664447036319,6.972923259095046,6.898949673149702,7.133024707170236,7.087377709193083
Q8CI15,7.3474091870317375,7.300681144278279,7.272372413868787,7.263627410421378,7.3403768309280775,7.304893397305652
B5SU85,7.762936651269321,7.549649795106674,7.379211527229346,7.652123314792014,7.762778421319785,7.621339941943428
Q941T9,7.4866609452993185,7.564169167959299,7.571709067328133,7.5479339224974,7.483473686781393,7.5307893579731084
I3QNS8,5.955908177013006,5.905446621366264,5.7846265274286885,5.916866855271424,5.961368593654964,5.904843354946869
A0A0B5GQL6,6.971801619545722,6.581639045218596,6.631992796349602,6.875738337200094,6.549476860662647,6.722129731795332
A4Q8H0,6.758208202201015,7.08101405378644,7.124260762529085,6.943706416843849,6.782139874422548,6.9378658619565865
P16243,7.467633999607937,7.394375209339032,7.435958918482869,7.478841329220639,7.535571708146213,7.462476232959338
P07864,7.4608088147592095,7.432367746898439,7.413090424945918,7.320751625278524,7.381257838374346,7.401655290051288
I3EBM6,8.182548462421387,8.048632323243245,8.20122192422605,7.927749101833813,8.230806114174216,8.118191585179742
P69478,6.792863675309966,6.8181307408151675,6.807849776816578,6.833912424319559,6.794524343618198,6.809456192175894
A0A168GPR3,7.198324232818708,7.507182322024406,7.364837151112534,7.416980074170755,7.340865771097052,7.365637910244691
Q6YNE9,5.371315098826834,5.227630967181284,5.168166369386087,5.324595713732418,5.302848928219333,5.278911415469191
P33665,5.782844592242517,5.831725607547066,5.333338081603955,5.354008663760943,5.447071395639412,5.549797668158779
O59650,7.7535134800465055,7.865261712063919,7.915073834993095,7.840549508137077,7.724486472450877,7.819777001538296
Q8NEB5,6.81342198754284,7.001729442515318,6.79076601855326,6.856537493557963,6.826134414786716,6.857717871391219
Q6GHH5,7.5936371428935185,7.300000325745096,7.300000192705314,7.300000251239535,7.300000228482401,7.358727628213172
Q75NT4,8.230661694418831,8.32772011112629,8.381703257533205,8.412369144692065,8.534781324210956,8.37744710639627
Q70XJ9,5.594014431923647,5.63626466851786,5.8302726118179375,5.6111931008714375,5.6058516581225675,5.65551929425069
A0R043,6.760089144762658,7.146480591021748,6.824193006114256,7.227843211893823,6.667611808788949,6.925243552516287
P0AF18,7.855603960998059,7.897162799413797,7.824504335902342,8.184732395894397,8.10282762783265,7.972966224008249
Q9CA40,7.921974594693522,7.879428461331736,7.999577499463001,7.718922339119004,7.945792291182736,7.893139037157999
Q581U6,7.560356778631379,7.534757963411391,7.445049110501595,7.70149145164779,7.602993778248285,7.5689298164880885
P0AE01,7.685567677279694,7.552980775648759,7.5833092903409955,7.719991101617702,7.7618338174563695,7.660736532468704
Q8RSQ2,7.690371521959026,7.628448124443995,7.65488144625943,7.6927395560593785,7.730470116588375,7.679382153062042
A7RDD3,5.139963524107538,5.285260816068553,5.137174711445305,5.264219184921482,5.165992365187096,5.198522120345994
O14939,6.335939391038917,6.609987425366738,6.431088344960625,6.36605732263058,6.462813279982219,6.441177152795817
D3GDK4,5.602050816614087,5.726388991938935,5.510413889758982,5.7851576225939585,5.729479429650966,5.670698150111386
Q5SIC2,7.615658859770738,7.487411957019851,7.720851499735966,7.612409019895688,7.7428723702448075,7.635840741333411
Q5SL04,6.9485907546515975,7.523453927582826,7.3426446404544485,7.271849730179431,7.2418296695158,7.265673744476821
A0A2Y0HLE8,4.803606534130974,4.925127783686985,4.703236520036883,5.164497183889459,4.765303110579647,4.87235422646479
E3TBJ3,6.324752788254115,6.178705485613422,6.014383393200144,6.3223557242473785,6.316300142327078,6.231299506728428
Q75WV3,7.133528709367532,7.228009423683438,7.248171340456097,7.137168577191188,7.055105096603139,7.16039662946028
P16662,7.417289796029213,7.417655558687736,7.417205841178948,7.412829070818638,7.417022933435939,7.416400640030095
Q0CFW4,5.008844645937815,5.424236966873351,5.444269184835388,5.104996256952436,5.319903351084428,5.260450081136684
A0A0H3U0Y7,7.135159392256986,7.091495477956714,7.273446643945492,7.214890091283567,6.930687163861927,7.129135753860938
Q08GL0,5.978813771572842,6.006440293006181,6.028420082888608,6.145004348587818,6.11582044513522,6.054899788238133
Q53I75,6.306918599937449,6.956192575252319,6.470099575335941,6.617451372957037,6.583428647828141,6.586818154262177
P20582,7.413344256606273,7.44665876183082,7.398487140970029,7.469412072661736,7.310336531940173,7.407647752801806
C4TJD2,7.510760989280736,7.680462448696749,7.259196283333333,7.570423169974486,7.530730563078806,7.510314690872822
P43510,5.555867720003864,5.412433276849442,5.493200701455265,5.539765255416118,5.541870494430062,5.50862748963095
Q9LAG2,7.488866304384787,7.8728476323222525,7.456390110525445,7.477833757471323,7.7944588832742285,7.618079337595607
A0A291LTQ0,6.71379287608249,6.111864656973098,6.399386677296765,6.1673783047954425,6.094296651390581,6.297343833307675
Q58653,7.313006484468446,7.357187090463086,7.086260546207388,7.56788744264813,6.85960041769257,7.236788396295924
A4F2S6,7.394930150201218,7.480271727274431,7.435756563731264,7.713602078954196,7.568882246506824,7.518688553333587
Q9FFW8,7.901544458954272,7.88627332095388,7.874655641874632,7.927704815963395,7.936290171336131,7.905293681816462
P74576,7.935722740971643,7.975861846721594,7.793804084720094,7.8933866907657935,7.941046370647642,7.907964346765354
Q883P5,6.115599837404987,6.0709143827261665,6.111441523525774,6.203755067171208,6.154333231766369,6.131208808518901
P97364,7.639911234125079,7.581531420480936,7.502677890061939,7.570009075752383,7.5142814070523345,7.5616822054945345
G5DAC7,5.674046335693546,5.7093485542412505,5.648995709751627,5.708183391283085,5.601808235791442,5.66847644535219
B2KJ46,6.972312774651945,7.426183622405599,7.196394520855495,7.43403891654066,6.7498312447585445,7.155752215842449
E7FHX4,7.363697197690255,7.271883576038256,7.292926714264469,7.188488863330038,7.309776421603727,7.285354554585349
Q6NQI8,7.481964689635219,7.477004568095787,7.4904088387923835,7.415964676683837,7.475779239377781,7.468224402517
Q51739,8.51397220973194,8.185259259479873,8.428721845643024,8.260477562164548,8.457050758618358,8.369096327127547
O29852,7.557413464049677,7.485111118432088,7.3704569551873655,7.613190847818273,7.461484227146309,7.497531322526743
Q5SIM4,6.668752975912281,7.075122149245189,6.963004176480531,6.892824425897176,6.805612567261756,6.8810632589593865
Q9HY13,7.281349420497554,7.392570101613354,7.542914091861049,7.27615327666023,7.387432361540219,7.3760838504344814
P53909,7.494628117169611,7.45562016919066,7.4894239737574075,7.36263944254074,7.319555175964663,7.424373375724616
Q9HU72,7.6294176336136,7.488683335384051,7.6563239324779655,7.580041830367273,7.95196653374075,7.661286653116728
Q7YT16,5.5837280700841,5.658332686858525,5.530250503176555,5.581129215489426,5.570862681892535,5.584860631500229
P73133,8.552071987277301,8.663084132801837,8.313277906771672,8.506483130651743,8.651691034418146,8.537321638384139
Q94IE9,7.5164823544494475,7.481744479625808,7.414510356168161,7.448487796594289,7.372192113435775,7.446683420054695
P06512,7.413561711344716,7.276940253404192,7.332241409784741,7.337776901002017,7.424789675270013,7.357061990161135
P00750,7.680029978293829,7.722853430877542,7.802751696137749,7.646034719704126,7.749270202600735,7.720188005522796
P16497,7.576441739840383,7.399967219559669,7.465087461139184,7.398214410266427,7.55026921947936,7.477996010057005
P68187,7.700492045471805,7.645170973912746,7.547471537987292,7.611967130996769,7.55325002341358,7.6116703423564385
I3QHK7,8.300964615033052,8.476748507585993,8.404755471249516,8.303229620772736,8.118297884203095,8.32079921976888
Q4J9K9,7.447684162840352,7.27793174526515,7.176761231297462,7.4321055949358685,7.375683300140519,7.342033206895872
Q80WS1,7.8123257403755915,7.793086087287831,7.74860474554745,7.768234825326113,7.873682332423556,7.799186746192108
A0A0M3KL46,6.803062805804445,6.780930561640815,6.546574163157704,7.089380595625862,6.95442745437148,6.834875116120061
Q3YJM9,7.72599318600805,7.491118971668195,7.694236693695231,7.780989455378246,7.803336364999349,7.699134934349814
C9K501,6.154300961526584,6.148890815944393,6.144357407276408,6.113037884610456,6.083252814693422,6.128767976810252
A0A2Z5VGN0,6.776141305130707,7.132958279021874,7.12741743683146,6.661566036249507,6.956398154525613,6.9308962423518325
Q9XI62,6.839196141223052,6.98849526492914,6.982034967167376,6.5603289338344055,6.869716529415875,6.84795436731397
P48318,7.944200900695651,7.764807547981688,7.804046570254723,7.69217872283687,7.999667454849958,7.840980239323777
B0VH76,7.959073428219128,8.108387230641185,8.2861252599366,8.380259830086871,8.193886134560579,8.185546376688873
O25743,9.332035415205672,8.440755279646334,8.555756219169067,8.800161696319982,8.733916037629825,8.772524929594177
Q2VA41,7.046294918754624,7.174169018673626,7.021572606339752,7.103955574571287,7.0643426048569555,7.082066944639249
B9LW38,7.551727589319638,7.1110904540387985,7.113734536046658,7.222304412644034,7.4209774273464975,7.283966883879126
Q5FT75,6.830509825972273,7.0452014370563685,7.015387850639346,6.851912680827866,6.922085811023043,6.933019521103779
Q8H979,3.6484980881139206,3.6306761890781463,3.567532760503282,3.8846210267963626,3.5623961391405388,3.6587448407264502
Q8RHX7,8.290218047859106,7.958262190949975,8.082442017189072,8.164261598712725,7.765174923342881,8.052071755610752
Q8VPF2,7.7657078368667225,7.982693055244809,7.944319372362355,8.157274994627107,8.1872426138247,8.00744757458514
A0A142G555,6.256268941152605,6.271810875518137,6.293568343558547,6.375796218082318,6.208252944554323,6.281139464573187
D8IS59,7.5783391883560824,7.592445739307843,7.59197482265219,7.850936781533152,7.612966063038742,7.645332518977601
P50250,7.2900989168759045,7.753250827582468,7.390881808239712,7.811286322862262,7.3327447727933865,7.515652529670746
B1MCE2,7.455643986076199,7.459779846272021,7.391490556057665,7.350392870840448,7.487148468532668,7.4288911455558
P18548,7.3365261897770715,7.312821654268422,7.3983012679761355,7.472044112286132,7.349259442525728,7.373790533366699
Q9YI16,8.285313340584725,8.157220734994077,8.446190181365548,8.310464397954071,8.287122860424816,8.297262303064647
U6BYK3,8.313262121195024,7.993860301533699,8.042669472172943,8.196895331634646,8.271770582443688,8.163691561796
Q9WZR6,6.623754546571927,7.144437987972843,6.778476948028585,6.147423138711733,6.533735675976334,6.645565659452285
C8WGQ3,7.813133404286857,8.000593830947741,7.796313752369443,7.927572341396193,7.855403309291484,7.878603327658344
A0R6D9,7.281241080318345,7.37816208406095,7.469275528823759,7.457798864732243,7.348574016707043,7.387010314928467
A5U6Y7,7.884533946118165,7.760329923647532,7.828778202033235,7.664317415695207,7.874847353796785,7.802561368258185
Q6E7F1,7.2674118893535855,7.498178650100168,7.484111438596289,7.363916502442148,7.35124356681788,7.392972409462014
T1WUT6,6.7477974206360365,6.56535335798961,6.393856480304229,6.715802449792127,6.564793863040851,6.597520714352572
Q11205,6.431679432237194,6.499349308979236,6.654644012880197,6.462687068403564,6.383492170492941,6.486370398598626
A0A3S7PMB5,7.918701239139494,8.006525892318873,8.364399286487437,8.142392128987659,7.945666002080177,8.075536909802727
Q3M5Z3,8.527204178723302,8.483774420905156,8.453568289861288,8.44919160202833,8.483808210446098,8.479509340392834
Q5BCF8,5.763984227578314,6.399251332581792,6.13569327161659,6.533041551954282,5.914550923298606,6.149304261405918
A0A0H2ZQ64,6.665725266689908,7.190219519765829,6.860027780814659,6.903352917382575,6.478553098348039,6.819575716600201
P0ABR9,7.59717486085976,7.552995301633845,7.481333994261986,7.45833896182617,7.555257471994719,7.529020118115296
B3VPB3,5.36710282319019,5.112182876147013,5.114734604839146,5.254156077911939,5.181110176549655,5.2058573117275895
A0A060IGN1,7.679087729291716,7.602653135461006,7.754485579827696,7.483611076259034,7.612982026180356,7.626563909403961
Q9I234,7.628149265969873,7.768869619011572,7.649258738097615,7.711781938266643,7.608301374564588,7.673272187182059
A0A482EWM9,7.9705010558967,7.4885673896189955,7.57686389431273,7.2985505805321536,7.299975006137979,7.526891585299713
Q304Q5,7.47271499015528,7.4455532631566435,7.468048797990415,7.467984881214621,7.473027582353184,7.465465902974029
Q5SK28,7.469278774487332,7.818215429648946,7.697327902037445,7.674104162799373,7.639067769851769,7.659598807764974
Q9AT27,5.260648192309441,5.496992047320148,5.680413002314788,5.490329370989036,5.313072543698955,5.448291031326473
C0C0X3,7.171719113393056,7.30821431903363,7.071895127915278,7.088385524328619,7.037295151131287,7.135501847160374
H7CE71,8.062830322097154,7.199441990497643,7.5969250856469825,7.827755859614017,8.059296815586912,7.749250014688542
Q8H133,7.792285163238269,7.8157480433251685,7.629174604320741,7.550058025890719,7.862335530750746,7.72992027350513
Q96YK1,8.301807849459582,8.310691881110493,8.377975857951396,8.114822997290537,8.403071973536198,8.30167411186964
P50293,7.350630954501737,7.262620402111468,7.286077974323182,7.38732442117138,7.351465834501682,7.32762391732189
Q9VIP7,7.54518743259597,7.397025874475897,7.475213176784239,7.446460840881184,7.5350417162242085,7.479785808192299
Q9JHG1,7.391626571769033,7.4936166976643515,7.527851700506812,7.2935351146598855,7.401868981484105,7.421699813216837
A0A160PRJ4,7.390016037963353,7.8269554534902674,7.64866894318488,7.618467342605541,7.2410358548438705,7.545028726417582
A0A2Z6IAJ2,6.570428606887977,6.734042246343414,6.521635980768334,6.451265076148282,6.2218287063910145,6.499840123307804
Q84HQ2,6.68354089575886,6.893132306553632,6.692933223248556,6.719617726075263,6.711528120516224,6.740150454430507
P25323,7.548381116898418,7.487234721967841,7.511213602372347,7.500204317147096,7.547741783760821,7.518955108429305
U5D896,7.828845191911736,7.645545640788593,7.877452031119375,7.760235167041397,7.934121196443025,7.809239845460826
A0A1W1WDM4,7.321875421887898,7.13985961914466,7.3143645130296955,7.195814352912336,7.384642703820404,7.271311322158999
F8WSQ3,6.095946219095926,6.2847775375913075,6.258995691436145,6.649310482931726,6.5273331153390854,6.363272609278838
P35511,8.644875338161366,8.58452403990205,8.479763474209351,8.573747987948835,8.646381622908647,8.58585849262605
P06611,7.6615407510435904,7.530557438069664,7.453192542156722,7.479953441014126,7.576679477828742,7.540384730022569
A0A0H2UNY1,7.6503221794177465,7.701656192894099,7.743924788623483,7.671301034005385,7.633513189298625,7.680143476847869
O57878,7.759808460037561,7.7531900821313915,7.754709368512937,7.749877068963943,7.8005663222851975,7.763630260386206
Q869N2,7.285757384353229,7.375628301142344,7.393127457165911,7.364322957639551,7.342550273556133,7.352277274771434
M9NE76,6.7007465045506684,6.799634583972482,6.945460465436383,6.836212842995951,6.7085489388200275,6.798120667155102
Q868H8,7.445610031436374,7.119239170916845,6.945346301138464,7.231254758221061,7.094397942585994,7.167169640859747
P9WQA3,7.853788529167134,7.875948148782424,7.798263331192789,7.659899138240915,7.822080239368461,7.801995877350345
Q8FZW3,6.456327851971972,6.4315454434914425,7.221282517004923,6.560889986713658,6.474637968480339,6.628936753532467
Q5UNS1,7.852434090463139,8.031908295904021,7.850485484111025,7.70799230354922,7.672414003918304,7.823046835589142
W5ZSQ6,7.637143021080703,7.732110611015324,7.778899259610789,7.563547338155645,7.8249136559180315,7.707322777156098
Q9V0Q0,7.784800694539673,7.588271833089259,7.839022825638073,7.762560687844119,7.721070775415863,7.739145363305397
Q5SKG3,7.110120440671303,7.497671930640593,7.517924007150359,7.549961975712129,7.195005539721203,7.374136778779118
P09467,8.008438542576506,7.928075224264015,7.840234388740257,7.875425762116351,7.784717784724903,7.887378340484406
Q81X74,7.759800802264997,7.956680194394618,7.895921046223464,7.754386890001459,7.706371057238311,7.814631998024569
Q1XAT7,7.976270398123923,7.9523223863177055,8.003236537066662,7.96338599166702,7.975857492073137,7.974214561049689
Q3ZBH0,7.586637536404458,7.614185465498083,7.736485331801548,7.62995516949344,7.65044966583986,7.643542633807478
Q9WWW6,7.741371783953829,7.597114130265787,7.610635622353819,7.741365718198395,7.791024402389404,7.696302331432247
U3TH11,6.3673387895851645,6.428259139555534,6.2364591750764315,6.738665123963842,6.229475632339721,6.400039572104139
D4GYE0,7.742882978503981,7.962334871657323,7.905678581121544,7.794941368063554,7.749768579422654,7.831121275753811
Q9RF52,8.513930506466334,8.341424482813917,8.447257224881383,8.348253521490637,8.137040274423084,8.357581202015073
Q9M1W4,6.957615182696594,7.248526291614233,7.136796407507436,7.303395402575928,7.016006080375339,7.1324678729539075
A3DJL8,6.732577695069548,7.723211168033853,6.829600945059424,6.869138718573189,6.527505531048128,6.936406811556829
P20142,3.772468187405137,3.6713346131018483,3.6313138115571535,3.834224164731848,3.804026835900285,3.742673522539255
K4LMW2,7.155060564263945,7.379933485055596,7.1800016921821355,7.266129468672456,7.183825121693819,7.23299006637359
A0R211,7.941063286293431,7.821749420322531,7.875085043458605,7.725412986334581,7.89073310526617,7.850808768335064
O23801,6.642479938049951,6.585192560764886,6.413734265212131,6.733121539441641,6.729652058713132,6.620836072436347
F5Z5S7,8.29417284991117,8.438239796203696,7.933832824095718,8.123658550523503,8.018318958653186,8.161644595877453
Q5W9U0,4.837313243358576,4.711526736970138,4.8086193703104225,4.788243324053919,4.7259318748243455,4.774326909903481
Q9ZWQ9,6.7281977599558225,6.93274466995142,6.962415422875536,6.794132848556607,6.7291277642392195,6.829323693115721
Q56316,8.306566131861382,7.989683266697401,8.11040643248212,8.17008359368386,8.228838781146013,8.161115641174154
Q15382,7.642163960709074,7.459445590990725,7.675834820651347,7.483526105701252,7.65243266720106,7.5826806290506905
A0A0H3JPH0,8.160413890465586,8.05927157044367,8.154984762953614,8.15798210553669,8.2452960894137,8.155589683762651
A3DD67,5.910083932682146,6.013830304359137,5.859729608328747,5.893870239536303,5.82135428972031,5.89977367492533
Q96XT2,7.708135213416052,7.887298149663362,8.24746101120668,7.700714617291439,8.338849130865428,7.976491624488593
Q980K6,6.606414257700954,6.902630038696277,7.1856649247240165,6.9180689811771,6.792349996915515,6.881025639842773
Q7YT63,8.045006230195465,7.933838491014527,7.814428926276811,7.635707704918487,7.805621674266452,7.846920605334349
A4IPX2,8.127182134257847,8.02144531523047,8.252839768410938,8.050753210845022,8.122878373282107,8.115019760405277
R9VY83,6.743041751379636,6.775366790807273,6.473889351126103,6.469123839646848,7.004085697227193,6.693101486037411
D4QF15,6.342099375297655,6.479363639975274,6.416577120335839,6.4690196389183985,6.366659797905298,6.414743914486493
Q6F4D7,7.602655023532483,7.560961751205978,7.709923788121289,7.637451521682488,7.625257038846469,7.627249824677742
Q8IIB7,7.514983359240235,7.379164142806454,7.591702450238312,7.568939971305167,7.528521347302121,7.516662254178458
Q64285,7.389192731778127,7.495763514166814,7.373434316947108,7.390606968553053,7.421631243579638,7.414125755004949
Q5JFM9,7.688681109992146,7.642778529910334,7.66574194731739,7.92127918569166,7.788281279589187,7.741352410500143
Q9XT99,7.524459779478497,7.561045794294802,7.574608734653813,7.517537771538536,7.520257155661863,7.539581847125501
A0A0H2UQY4,8.447982438843944,8.225006892876511,8.379673677461847,8.27525366028338,8.431948520208229,8.351973037934782
Q5NII9,7.575060287197975,7.717516262654892,7.635519714237722,7.725578243479811,7.522208643584841,7.635176630231048
Q7S3U4,6.701895621056504,6.787335367730593,6.874917465078948,6.723270187880463,6.597108757560052,6.736905479861312
Q8U0Q0,6.656090462715242,6.713675400392793,6.673942835757065,6.704221578143311,6.5951524147445015,6.668616538350582
Q9Y119,7.488802313494669,7.671791482676381,7.553471399171978,7.54524156371121,7.467189812558006,7.545299314322449
Q8RB32,7.8766592392580215,7.587324106118661,7.5363522220463945,7.613628454458443,7.665083526499236,7.655809509676152
Q7YRG5,7.373658314505381,7.404140103398466,7.324835765788608,7.392286827379211,7.347266788227791,7.36843755985989
O05268,7.392542511815314,7.155092811909185,7.389380490331213,7.403998625536918,7.380594570314018,7.34432180198133
H9C9P0,7.171680321198298,7.246227651551068,7.206475901372605,7.178767560315942,7.170838458238625,7.194797978535308
Q86ZV0,8.436032033205606,8.194339002939358,8.575928010605566,8.236652543903498,8.145847792108203,8.317759876552447
Q9UKR0,7.945690953078136,7.7326898369896835,7.895689590723343,7.894216307541615,7.93426404496981,7.880510146660518
P74334,7.747263461755175,7.725543977997239,7.9217004417343055,7.790545784187584,8.021630930934865,7.841336919321833
I1TIJ2,6.123201286241866,5.628879358238685,6.171399391257172,5.999091274184014,5.829079888609358,5.9503302397062185
Q9RBS3,7.554721735320323,7.45177485406025,7.6304311676050816,7.651397736833574,7.5468439227305115,7.567033883309948
A0A1S6LQU3,7.728497920957782,7.68143760656624,7.750374688024567,7.682857642843567,7.731519855228142,7.71493754272406
A9QVV8,6.575639210563435,6.688540518813591,6.7471258403871115,6.814391279048847,6.767065609347853,6.718552491632169
B2KPR3,7.6484450642075945,7.650385794533259,7.635526675763598,7.544939336092275,7.704412862292274,7.6367419465778
P19113,7.792421498524433,7.378960333154229,7.559128746165873,7.634612116506993,7.819671063224378,7.636958751515181
O86428,8.097991542685326,7.851318036442557,8.060238305241059,7.819522367918654,8.17751745960624,8.001317542378768
Q58761,7.568865586816152,7.587082928806339,7.489545211878887,7.449694036016966,7.560036226358617,7.531044797975393
Q2WGB4,6.4166664284754615,5.972394810059904,6.029222544052517,6.157772661250242,6.278549825700317,6.170921253907688
Q50EK3,7.428822365198292,7.410949521842438,7.36541279975714,7.335961871059244,7.362541147472214,7.380737541065867
A0A023MIF8,6.36159569907081,5.618322302262306,6.175187743371106,6.115015565348081,6.1001305369393055,6.074050369398321
T1SP91,5.40137154407733,5.0512040179472875,6.3561577007461665,5.006701072555787,5.42305853639932,5.4476985743451785
P61615,7.329394844788398,7.6685891165388576,7.672108447254105,7.530025212293474,7.806475222101833,7.6013185685953335
Q84F26,7.5114937240749065,7.712441335428991,7.626023729302553,7.591404595085386,7.577158087151962,7.603704294208759
P53759,7.65561434394957,7.505946871405882,7.672386813088618,7.553745407746108,7.666891216307105,7.610916930499457
A0FIP8,7.450238900631046,7.50321336464551,7.46489269266136,7.43148490346527,7.420774501958272,7.454120872672291
Q0GE18,4.805095010242032,4.792307518301745,4.739116229944699,5.085859373653818,4.704356354455441,4.825346897319546
Q2G8F3,8.001174706587996,8.015199049472564,7.758904337183141,7.795607128520636,7.986237592164801,7.911424562785827
Q8BGL3,7.501977715341914,7.56933213701496,7.536636080192977,7.459010547095758,7.505891962665208,7.514569688462164
A0A0N9LQI1,5.290591489409696,5.414877812802955,5.05220502739593,4.5994292468886435,5.1661794546033075,5.104656606220106
Q9HQQ9,8.298591381324151,8.077869967750441,8.328700873271623,8.23197021303535,8.18931507695206,8.225289502466726
Q8GR90,6.692731917144947,6.300248279484679,6.705314546777186,6.428941123331207,6.357451185384672,6.496937410424539
O74634,7.771526442735983,7.730551428864959,7.811324323385355,7.624564575881683,7.757066575854404,7.739006669344477
U5NDT8,7.505547637367396,7.47645174370334,7.413781478919244,7.4263275269303,7.542930492634219,7.473007775910899
E0D7I2,6.564420829161902,6.461492791669206,6.705423820007776,6.523451794512569,6.822999638168319,6.615557774703954
Q89VT8,7.533895261159906,7.684840958721081,7.576565034586476,7.611359835050826,7.749325467686651,7.631197311440988
H9BZ70,5.5132822392249485,5.329485442464817,5.672432147762216,5.585184727991095,5.666206584363067,5.553318228361229
Q02890,7.529295189817681,7.452690920575495,7.4635500530157675,7.380407799666953,7.266830627340523,7.418554918083285
G9JKF3,7.8554296066815406,7.755654206517526,7.917274379947152,7.688623050393648,7.9327446416736915,7.8299451770427115
C4KKZ9,8.13812314363473,8.137921183934392,8.000495578453329,8.036687146895886,8.178701849312247,8.098385780446117
Q8WNR3,5.982769845003367,6.412334447165142,6.395015393691406,6.208696058035795,6.028169067549259,6.205396962288994
Q539C0,6.03345607861154,6.4299267507831885,6.655867916557781,6.536971619067309,6.325939220031168,6.3964323170101975
O59089,7.993670893017466,7.918848714548429,7.9176842753837695,7.893219436284006,7.966950987553913,7.938074861357516
Q5EG61,7.5523994753674035,7.3921489668368725,7.640786346103297,7.572645627136846,7.567822159965532,7.5451605150819905
Q12051,7.5287992330290585,7.4985184005543175,7.502063452057628,7.606429105830344,7.571957511027602,7.541553540499791
G2IKV5,8.447946290082964,8.900765009883484,8.840624388264603,8.768951800685583,8.740157120561834,8.739688921895693
Q6BCL7,5.664722645399777,5.645016175056,5.47984221188294,5.731651213717479,5.7640390072452234,5.657054250660283
B6ZCD8,8.341267685777044,7.838633003191554,7.876397723201221,8.033216198023672,8.205923116380331,8.059087545314764
A0A2K3E3Z9,7.466894354899889,7.636713000964447,7.540548710241302,7.581352541257777,7.558172077206843,7.5567361369140515
F4JKB6,7.4529460075058145,7.483785279508115,7.621389352609878,7.567734915286877,7.686114497353534,7.562394010452844
P36667,7.251317015620927,7.276576269044126,7.2580233261588845,7.4835931025116675,7.48264233835166,7.350430410337454
A0A125SUY5,6.764941576094396,6.604928578913817,6.863417452265095,6.822133767464916,6.768277274976583,6.76473972994296
P11569,7.2373662173445235,7.518153425511398,7.35585891394156,7.44182955149655,7.305086902552892,7.371659002169385
P83218,6.269695752685021,6.057077577733037,6.2426416356721575,6.192376807512804,6.1232577382061635,6.177009902361837
Q9FXY7,7.35565034334637,7.441960357442164,7.374887904552022,7.308898664562303,7.421894605007944,7.380658374982161
B7JBP8,6.9505884786563055,7.090353775074854,7.103219323577417,7.48742669080514,6.982938653812905,7.122905384385325
A5LHX0,5.8305046923695665,6.2171079266520195,5.85385359500947,6.045468297199433,5.735278414907566,5.936442585227611
P81428,7.7216455451063215,7.757815666145219,7.7958479637851585,7.643387679971976,7.807308633058277,7.745201097613389
Q4KGW9,8.161576756241038,8.059533713136254,8.00910503370102,7.950007943386407,8.221830969333123,8.08041088315957
Q9LFU9,7.627658091408763,7.797336640676052,7.778627579977275,7.7046823708469585,7.503285981295621,7.682318132840933
C0SJS3,7.492064043492025,7.459215146683853,7.466888298776447,7.491972029291949,7.458294998178222,7.4736869032844995
A1C3J9,6.596873136785215,6.137569663438762,6.094222330228101,6.377104907285013,6.438506043233772,6.328855216194173
P27305,7.693700448212944,7.507809758440585,7.408434143298917,7.566524120435782,7.693923474840824,7.574078389045811
Q91V26,7.319628935916764,7.264382206492684,7.248695883631892,7.247669010507222,7.225102235518408,7.261095654413394
D3Y5L6,8.62904445775673,8.5727436567098,8.477539972885701,8.57738285728578,8.629664292348426,8.577275047397288
Q7B8C5,7.033332972882109,6.79999937494219,7.0333327534518775,7.03333299602173,6.999999235636038,6.979999466586788
Q8U3L0,6.884337933396404,7.332026608061483,7.46408543687841,6.961482273748973,7.028455490786797,7.134077548574413
A0A4D6BS73,5.937534244558382,5.915767094208681,5.9476925023454665,5.894838113643329,5.907482931968119,5.920662977344795
P49459,7.534409937971434,7.507142005392684,7.529026756453891,7.487265021808233,7.534547607364615,7.518478265798171
A8WBX8,7.577843638007279,7.693163659354554,7.648118239033616,7.670347917714269,7.722358848626011,7.662366460547145
P63086,7.499999951958073,7.362985659138419,7.446025586128252,7.499999929273946,7.403619672816431,7.442526159863024
Q9FHA4,6.133025555968048,6.627959574078066,6.567361357268181,6.0842623771209965,6.338605099459324,6.350242792778923
G9D322,7.738960298262899,7.747423477426741,7.917593015204378,7.810172306726956,8.022862012338711,7.8474022219919375
Q5LS56,7.620273300804836,7.194017303604646,7.479258460444637,7.305083437584072,7.474740125981901,7.414674525684019
Q9SPP9,5.843884387591022,5.571157866366722,5.7559546235618555,5.605096106252853,5.533289366664728,5.661876470087436
P32359,6.585671208877386,6.34668120885108,6.593162736029834,6.631174620738925,6.487560337375108,6.528850022374466
D0QYM5,7.129980594239643,7.082356406770305,6.995361415716344,6.940613699074421,6.9982078927984395,7.029304001719831
Q13557,7.781376756667466,7.61604239258154,7.643343546533879,7.730637559237346,7.790108096416356,7.712301670287317
Q6PLI2,7.6891573151260655,7.7722384514131875,7.71763478002139,7.7520503166379235,7.77654897439843,7.741525967519399
Q4AE75,5.766863793084694,5.598783146983961,5.965450069702546,5.944660153522973,5.92237748321519,5.839626929301873
Q86UY6,7.826786627519035,7.472620436054623,7.624678304149116,7.6524449209406065,7.764118766681343,7.668129811068946
Q41510,8.138164481727545,7.840731777323569,7.9438803861258656,8.369529594597882,8.090589818557241,8.07657921166642
Q9BRR6,6.610172280730405,6.878592317859099,6.7830008738753245,6.996809106976457,6.698991507306429,6.793513217349544
K4Q1U9,7.202645103501133,7.422887549950494,7.479201498667445,7.538746435257087,7.496596663831735,7.428015450241579
Q6XMH7,7.068001422783354,7.271565221541354,7.075614315763142,7.250624866965319,7.049916624181585,7.143144490246951
Q9NR20,7.30946524427589,7.328861777423225,7.35880464117703,7.311067006618956,7.33930933400983,7.329501600700986
P03956,7.600612203640546,7.72789853598977,7.675043940281707,7.53981431296054,7.731916088099662,7.655057016194445
P54495,8.02481950600319,7.887228215525898,7.852253939023615,8.009485092398862,7.811659328894274,7.917089216369168
Q90W31,7.521804060270673,7.092849248679617,7.2025012503083605,7.406642559563412,7.565965311190537,7.35795248600252
Q9TW03,7.197864832309298,7.080943624255482,7.124098876203563,7.116811221733228,7.346884421776599,7.1733205952556345
H1ZV38,7.1579263121043795,7.01557382477572,7.5976841915901545,7.133755015244765,7.176746195186039,7.2163371077802125
Q9UHI8,7.6508431109136,7.578085700171162,7.704757988238178,7.56333028863049,7.661026053475446,7.631608628285775
P0AFI0,6.866856844034151,6.852613654666699,6.8729690401886225,6.877963401732078,6.738870708657089,6.841854729855728
A0QX60,8.490935998687327,8.383234507616518,8.383036225901844,8.272280160648426,8.560581248112124,8.418013628193247
D3JV03,7.598183174343015,7.561302733892395,7.530162090156346,7.653012867555297,7.55227195087393,7.578986563364197
P72579,8.486806025585008,8.189689737515543,8.40232870297312,8.417686548740054,8.464712179530935,8.392244638868931
Q04179,7.875385047514097,8.153642857824439,8.159057292511582,7.736709199087178,7.782531558315997,7.941465191050659
Q6XMT1,7.354325733650637,7.282641982703714,7.313438627869938,7.409765463859232,7.3983221574951035,7.351698793115725
D2QDA5,7.371724812386722,7.441291829475782,7.410686272961445,7.496589528484739,7.310319036690478,7.406122295999833
Q97VS7,4.509561890450204,4.163139737712178,3.405397265401964,3.4910453546433287,3.9826686986204978,3.910362589365634
P16692,7.283626296713106,7.436063663753105,7.465606916033648,7.461590811850597,7.584089573512309,7.446195452372552
A0A411PNH6,7.211318898650317,7.212172014120817,7.232384647764384,7.196842713085045,7.1976685244363825,7.21007735961139
Q4CQE2,7.540138960097812,7.467349902494511,7.48885738189218,7.579796060837932,7.538033209872763,7.52283510303904
P10860,7.4353787883361395,7.484758242540519,7.4447117463523576,7.4811142835878695,7.44233554748768,7.457659721660913
A0A088T0J9,5.102851332228644,4.963711422875798,5.145359425064149,5.192222138790972,5.1848059903273525,5.117790061857383
E0X988,6.484689564191601,6.742045084321047,6.346643619476307,6.7185318917186585,6.582076150734236,6.57479726208837
O82549,6.124362713765676,6.2502346682949055,6.087200949113485,6.046868111938826,6.149667294562795,6.131666747535138
Q8RHM6,7.643670476239318,7.867309782470368,8.014864115386573,7.940054050353672,7.649517016311913,7.8230830881523685
A9BPK4,7.644467825725174,7.737024727600587,7.78174290086852,7.768924667185368,7.676198019180717,7.721671628112072
F9VPH0,5.098383025031309,5.687807621215235,5.875606770715054,5.553572869236901,5.234308493983559,5.489935756036411
A0A075Q354,5.591148921707167,5.759672430424214,5.611058325583619,5.686822105778522,5.53679331758247,5.637099020215198
H9CWQ0,5.6577569225219335,5.737348145412726,5.662219344938903,5.540112284200149,5.766865307991711,5.672860401013084
P53449,7.207869631986618,7.354085909244967,7.39687310587668,7.243049168849449,7.241257762338685,7.2886271156592795
D6MZJ6,7.388466691305698,7.423475459758245,7.329579534801175,7.246176769255056,7.365332090279827,7.35060610908
Q1J0W0,7.521340412238125,7.376238539600441,7.506778550838241,7.397884608799279,7.44231344132516,7.448911110560249
I3WTS0,8.335166573486891,8.159873679848483,8.348274477675513,8.174138606490562,8.359924549360915,8.275475577372472
Q9VSL5,7.707842281881209,7.672282069774679,7.777240547159748,7.877269910641282,7.814526871218861,7.769832336135155
P19157,7.41645258863376,7.428914926880811,7.415787245716265,7.4017696544327505,7.406914624404104,7.413967808013538
P00352,8.704734183868819,9.159580978433967,8.857461868950704,8.701203303805388,8.744218486184975,8.833439764248771
P13988,7.899311750103825,7.7569951086332924,7.6822000825951235,7.9869811938925785,7.8515494043199805,7.835407507908959
Q59119,7.600302279027835,7.498669211856244,7.518947806965054,7.562194430538888,7.360021757631265,7.508027097203858
Q12535,5.852713088657801,4.99264774635247,5.719400616790356,6.047833299066965,5.586727929039765,5.639864535981472
P00729,6.759044006181908,6.949321163984932,6.93062647958635,6.575783581602231,6.805137698573079,6.8039825859857
C9WCQ1,6.419685141763669,5.657293305745194,6.350949600141222,6.296313758506265,6.275377234125957,6.199923808056461
Q94C06,4.857414288856681,5.003615429706854,4.869343998397863,4.985157916042459,5.011135815839697,4.945333489768711
B9VTP5,7.992295336123204,7.934255746869957,7.968785828279415,7.91430337297555,7.950778675080029,7.952083791865631
Q6DNI8,7.465572581189699,7.601837220966084,7.5294613877917165,7.487451871074686,7.500415101287295,7.516947632461895
F1CYZ5,8.08606143111871,7.9803762963777345,7.993571031315573,8.122553168803389,8.300978850917524,8.096708155706585
Q06HA3,5.157261384639199,6.009797740332853,5.729797754707031,5.729828830495118,5.4851036733241525,5.622357876699671
C7AQY2,5.66042040992019,5.896808483051364,5.941183185005993,5.669363370995589,5.862178822651115,5.805990854324851
P9WIQ1,7.394030296275754,7.635000119153828,7.525047304662976,7.511284910491852,7.573761814157499,7.527824888948382
Q9Z4N5,5.229856368999305,5.409345083146942,5.5394888955472465,5.359294755972022,4.914221498406756,5.2904413204144545
Q9XCW3,7.612957949559625,7.621977811470912,7.677666431012888,7.6285479612797795,7.595610692675575,7.627352169199756
P17988,7.548836188257159,7.574712490213333,7.590414839919351,7.538552305328365,7.537006871062556,7.557904538956153
Q07010,7.604690238587964,7.715587464751573,7.70956002368184,7.625793585850003,7.6086536602018455,7.6528569946146465
P31941,6.819787515208674,6.930430912540257,6.932791902433033,7.108126399980813,6.824412489917497,6.9231098440160554
Q9QYT7,7.288428351010367,7.295341975638598,7.324199568438047,7.444904128526192,7.209252297361037,7.312425264194848
W8QMJ2,7.186865294055872,7.362424787776321,7.268102045749447,7.349124810745171,7.179435518932216,7.269190491451806
A3QSS7,8.187582685131709,8.028835033711099,8.012505307093036,7.949436541031589,8.001904230113228,8.036052759416132
Q8YG38,7.064746827427042,7.243973393756557,7.213639743620876,7.1526860638799326,7.378625110705403,7.210734227877961
Q7JNQ9,6.528673887841764,6.837824517040717,6.615630083427895,6.884043558251214,6.83977720487562,6.7411898502874426
Q7Y0K5,7.460629036908069,7.747390653663073,7.61723869127381,7.397556001904125,7.753715718334521,7.59530602041672
Q970N3,6.8530158366253655,6.98952423859417,7.015970375411952,6.992357509616928,6.8358723568805555,6.9373480634257945
A0A4D6BQ82,6.047374430988295,5.980598282424069,6.025033653892287,6.071226751321046,6.013457298698062,6.027538083464751
I0AZ41,4.801582981485044,4.663625821233573,4.864997111591048,5.04133637307682,4.941619145080175,4.862632286493332
A0A0H2ZNP2,7.723778222978356,7.835468385805275,7.755836842701749,7.7561965020097965,7.755476034788931,7.7653511976568215
Q8X176,5.734572103528412,5.179140175131944,5.587156776228415,5.388381275804199,5.8008685746204005,5.538023781062674
V9PD44,5.558103516453892,5.585533875085988,5.476507110713058,5.720560972198164,5.773184016633785,5.622777898216977
B9X0I2,4.637603949140571,4.94742113783452,4.77581521866515,4.767572649126309,4.945653758028076,4.814813342558925
O08709,7.279184902987793,7.171161763107176,7.339621784650892,7.35641697884287,7.182745657746015,7.265826217466949
O54161,5.557768635817082,5.720744648751278,5.692685193956652,5.593722178255909,5.289628074286422,5.570909746213468
A0A140N5X9,8.0369073984962,7.892897564049874,7.87948310732025,7.885569762192983,7.892456689298735,7.917462904271609
Q8A711,7.864085082317832,7.9440219262905,7.730530727788736,7.85243174845608,7.849492350565187,7.848112367083667
P0A746,7.637459251159474,7.830426902389015,7.656646565778434,8.062993014235452,7.410757338494502,7.719656614411375
Q58085,8.051413921954213,7.910624077520627,8.15192989726868,7.836552945399954,8.04330272530461,7.998764713489616
I1W007,6.18074331906579,6.413906853890918,6.206141478199191,6.299761081096193,6.331917146118717,6.286493975674161
Q93107,7.317043989133486,7.4225305189131845,7.374916415332262,7.474238525833803,7.438393420585353,7.4054245739596185
D6EQU8,7.918659152783451,7.491366542433382,7.7344976265556244,7.637190940394062,8.050635405212248,7.7664699334757525
P16930,7.265920068475815,7.478198144068378,7.37137458041391,7.698142118641181,7.245331408938499,7.411793264107556
P94552,5.933279799454716,5.993022696320843,5.897899830189379,6.134544800846207,5.931487182523156,5.9780468618668605
Q86AD9,7.648848683935878,7.554116443142857,7.613817830586299,7.694071261369389,7.809268646556117,7.664024573118108
D5GRP3,7.050798103384551,6.8992754347924725,7.044889058070586,6.760792612097781,6.940703125363351,6.939291666741748
M9VU49,7.7637758197656295,7.567612514840099,7.628050104980382,7.684700206355341,7.634706223332188,7.6557689738547285
Q8TZW1,7.591408395770872,7.713640675475794,7.703562568746685,7.757111345678162,7.7911530677941725,7.711375210693137
B4XC07,5.821380430888641,5.534667525737337,5.5694542797488555,4.979505663604766,5.884812532879677,5.557964086571856
P36419,7.141187314370385,7.441089933792508,7.442573568212103,7.233897287783752,7.337575768046985,7.319264774441146
D4GWT7,7.939936225863818,7.746784431231701,7.894585846879799,7.865489095832608,7.7931975990145785,7.8479986397645005
Q9UWY6,7.074699908146185,7.148913961054337,6.949238010830886,6.969830379274364,6.911963456216643,7.010929143104482
Q5JHY2,7.44146247992375,7.402438336327819,7.4734886263418,7.421064238097875,7.483197425270832,7.4443302211924145
E0SDR9,8.499999859670446,8.499999814999512,8.499999868104084,7.671935842318138,8.499999897132485,8.334387056444934
Q9K498,7.61029270367035,7.532844986633782,7.469818910286746,7.499950467952232,7.488580210937865,7.520297455896196
Q8NLB6,7.547120049274897,7.619129084488357,7.6265361309146185,7.586739948320617,7.548877499316964,7.58568054246309
Q03Z32,8.09436300609045,8.009730526720801,7.825912309206998,8.321767095753867,8.350437181869147,8.120442023928252
L7Y2Z6,6.554875825267453,6.343209385513062,6.210645858206509,6.451964267675251,6.500232874745455,6.412185642281545
Q9UV68,5.848748172036249,6.406639559267559,6.361450169652544,5.515538688831269,5.4493377355360355,5.91634286506473
Q93HX6,7.0258738234867355,7.112568642348112,7.069296584339996,7.163593520279845,6.859571745718959,7.04618086323473
C1KGU6,7.5416998816988725,7.6053430572726,7.590132801055228,7.54492366464405,7.579343857123,7.5722886523587505
C0HK05,7.940296593435834,7.368958134287138,7.7320541984021744,7.444402697790344,7.72599338125672,7.642341001034443
P9WQB5,7.311299125156607,7.32093229142944,7.473450968569209,7.257054871036535,7.128391245908471,7.298225700420052
K9UV87,8.171373167092062,8.556667288461378,8.016323979123625,8.360916264077803,8.031572112914198,8.227370562333814
Q05509,8.12858268895707,7.8861301622257844,8.076558017813275,7.885867567317739,7.731406987287588,7.9417090847202925
P0A9M0,8.35624137407462,8.15403655610083,8.174496620993429,8.310794445547632,8.420873553640538,8.283288510071412
B2BBY6,9.433894415046288,9.46381130986429,9.382883417162585,9.212825976835418,9.511600548578873,9.401003133497492
B1P195,5.665267106974887,5.7188490286952325,5.776219933842253,5.605694666353927,5.594114696484642,5.672029086470188
D2D3B2,7.56103084058586,7.787770007013124,7.960877444779143,7.781194395851198,7.773479785318186,7.772870494709503
Q9F0Q6,7.306275674759364,7.235950884104076,7.21590791562647,7.633957520281779,7.572393799927168,7.392897158939772
Q09735,8.082826338818975,8.073601281851625,8.110394400725697,8.126113644482903,8.162207979002003,8.11102872897624
Q8L208,7.231732515556011,7.313842707829814,7.274497820970533,7.408221935185159,7.381819905103777,7.322022976929058
P0ABQ4,7.021880742752893,7.0549694922357515,7.151738992811232,7.12775622039562,7.028200270030464,7.076909143645193
A0A1C7AAM8,7.237333530665982,7.30276242113691,7.353835409451953,7.225933221215844,7.299245253720562,7.283821967238249
Q92MM4,7.312077250937314,7.54866131903324,7.383259827039215,7.32549969927417,7.35261795774356,7.384423210805499
Q45NB5,7.529108098470684,7.556086849519887,7.542660042763252,7.543296086495532,7.528010464246613,7.539832308299194
Q46948,7.4786010434892365,7.399241166182636,7.509010910628254,7.447232600143727,7.364833536744358,7.4397838514376415
Q5H7P5,5.291333006037614,5.713148854319675,5.6174484785352865,5.573081037467337,5.419930793625364,5.522988433997055
D8QTR2,6.836760662125574,6.74193621592233,6.730061364239546,6.780559480504497,6.82938504208698,6.783740552975786
Q9LKJ1,7.7137718134478055,7.788715921329743,7.718132420849704,7.566814179641325,7.585465476714615,7.674579962396639
M9PLY0,3.529196598243399,3.8071817548373046,3.957711430913813,4.070926178955608,3.7504064446941356,3.823084481528852
P00518,7.590986767270327,7.472043998023018,7.522006519357676,7.583687109775241,7.613736163136754,7.556492111512604
Q9H832,7.502160068122935,7.524440353562872,7.501805839539989,7.515374031969351,7.505674407244102,7.50989094008785
Q9KJG6,7.722992399220373,7.6464272779553895,7.599221605813759,7.72718470403134,7.358440134159736,7.610853224236121
P53965,7.301767218644208,7.535158462772916,7.392367788835552,7.640270944983735,7.280790121040772,7.430070907255437
Q9URQ3,7.571523264375269,7.475733463470688,7.608648088040277,7.406119392049263,7.606064893778699,7.5336178203428386
Q5D8X4,6.892181374099518,6.646220150774161,6.674409182123496,6.4515139640376855,6.668023829979433,6.666469700202859
Q9UJA2,8.32548369367463,8.007235031398631,8.213336932153535,8.234945350890529,8.257622225073236,8.207724646638113
A4LA85,7.3353377987566,7.3604575168860205,7.479510164994917,7.48744574377729,7.5083200825954695,7.434214261402059
Q9KZP3,8.033613992228723,7.914728415087529,8.025944544622668,8.12191151642972,8.019241936553387,8.023088080984405
O15111,7.495204439881906,7.40361042050316,7.490519751821311,7.449822055983756,7.487171613567046,7.465265656351436
Q94KE3,7.373313199682814,7.609432694636243,7.823451246701356,7.623912364824197,7.801854496143974,7.6463928003977175
Q7PCC4,6.281914799432748,5.430442136382486,6.088168771031435,6.157371720610406,6.051230631932528,6.001825611877921
Q58HF4,5.631934628666204,5.446427050572388,5.418735014502039,5.7542162026749475,5.450805488691968,5.54042367702151
P27356,6.939107082215047,7.263505763110917,7.3450032113355785,7.043515097469568,6.891425852412576,7.096511401308737
P39077,7.804883906247108,7.784866006542064,7.776962349414219,7.7961978821867195,7.8311727345372395,7.79881657578547
A0A1R7T3A4,7.600974842303273,7.6355417394896925,7.511838117953319,7.570676377991035,7.584047212551076,7.580615658057679
P23103,7.424936980210261,7.50686947772255,7.418062648478209,7.6753673417186565,7.771832260263385,7.559413741678613
Q67Y55,7.674640237778504,7.788459349998613,7.855274157832424,7.608750306451359,7.846450454047621,7.754714901221705
Q80ZG2,7.53796387631902,7.496261595685203,7.521401939805949,7.489241139717107,7.551455328580511,7.519264776021558
Q0R3W5,6.032678862350956,6.273675949591008,6.42028009656368,6.314313262449894,6.253458321058394,6.258881298402787
H8F9Y0,6.037425372436225,6.523583161107592,6.041860986485755,5.9337634036755444,6.055222948577587,6.1183711744565406
P46395,8.921580600828655,8.389293458489933,8.140237984488513,8.036375383785165,8.912965154541634,8.48009051642678
P72587,8.005579664615478,8.064075874841828,7.972405945910706,7.9385781217581375,8.051417383837595,8.00641139819275
Q9NVH6,7.228201266209626,7.302785251265945,7.173019490951113,7.276021448211166,7.192784940009213,7.234562479329412
A9ZPJ6,7.290074258874782,7.272815518269045,7.236022338184927,7.223562580244386,7.230611028877647,7.250617144890157
Q8L7K9,7.14302973079057,7.074388090714542,7.058275743323191,7.019836139168446,7.292845081435834,7.117674957086517
Q8GSN1,7.42856837073199,7.620472562541739,7.467322797140207,7.460158068296302,7.400226574598404,7.475349674661729
B9VU66,8.57857872751981,8.575275475316758,8.478338355296838,8.503422245911018,8.562142757112447,8.539551512231373
A0A076N8Z0,7.573933923406699,7.178059633110318,7.404896958322574,7.1849938704041,7.2808305271104885,7.324542982470836
Q1XBU5,7.2667366462820056,7.216040065190519,7.26136027849146,7.27280606832014,7.194750955800473,7.24233880281692
A1A5H8,7.357578446438855,7.333815747731552,7.3806277999869145,7.416955360544303,7.365336106483932,7.370862692237111
A8C781,7.775496297867523,7.593389775472804,7.759032650723374,7.6302586838219035,7.584886079707827,7.668612697518687
M9VUE0,7.018993910444772,7.133009247053096,7.043046549296699,6.987885144434308,6.933698342911528,7.023326638828081
P30431,7.731135778208277,7.576550770855194,7.717414693196941,7.487281817058737,7.720290178016786,7.6465346474671865
P24481,8.673680596897103,8.577972846684208,8.479766451259177,8.579803941426755,8.664193963857805,8.59508356002501
I3PML9,5.760562671074444,5.492618353214953,5.435840898389568,4.631974106016556,5.5289255413619784,5.3699843140115
P78356,7.3610387751627115,7.333946829061142,7.305821385717499,7.350534716934353,7.344853018314657,7.3392389450380735
Q93AL9,7.1734846604926155,7.27988323916385,7.318982996182902,7.473254381826827,7.439913258873515,7.337103707307942
O54857,7.40685912471373,7.5100313176083855,7.544317263746444,7.670781424894101,7.411886165886569,7.508775059369846
Q9AJM0,7.936762774802032,8.036493789758637,8.219688424121845,8.082532304470284,8.238589158323634,8.102813290295286
H9BIH8,7.1354608444194145,7.212982868618676,7.200089435007717,7.218957969738575,7.145055589408992,7.182509341438674
A0A127F6U7,7.826924128371599,7.581234049458323,7.718912671217204,7.592801399352426,7.785201020025319,7.701014653684974
P18394,7.403433206904243,7.299358752652395,7.7557493842629235,7.305449631332109,7.6954006075783745,7.49187831654601
Q67ZJ4,7.814028129078575,7.922064216382908,8.089393459803548,8.0250510558865,8.111456798329991,7.992398731896304
P34210,6.776628615372675,6.939716752750005,6.896395230120855,6.848881753716879,6.852402699233267,6.862805010238736
O02623,7.532189759657012,7.521853877247199,7.570100619095431,7.576842711536141,7.58341896705537,7.556881186918231
Q88AH6,7.75471528183605,7.851142050972879,7.858370292214268,7.748508378264936,7.704258563332868,7.7833989133242
P11928,7.400000000000001,7.430252004281935,7.400000000000001,7.392572195303666,7.399999999999999,7.40456483991712
Q97YI7,7.104535020167539,6.893418490778279,6.7867494261945955,6.875890110798268,6.995416582615679,6.931201926110873
Q8RMD1,7.596009756868355,7.438451420420953,7.756448873761988,7.6776121363497705,7.635354113502926,7.6207752601808
M4I787,7.4766402277350625,7.761874090100233,7.927345530713935,7.941569706636956,8.008673225887792,7.823220556214795
P47897,7.653670760216148,7.609590627236033,7.58354879522974,7.725584766751767,7.65550767531493,7.6455805249497235
Q9Y5Y6,7.68702787166179,7.713257261603156,7.771361793989605,7.553950503056752,7.715876154169262,7.688294716896112
Q80A58,6.7095626036399425,6.836603974833542,6.676898749659005,6.848731555442944,6.790225196027857,6.772404415920659
G4U3G8,7.4051037722222635,7.21160636227731,7.193314812034846,7.501520639129137,7.446530094029413,7.351615135938593
Q8VWN6,6.609807567021054,6.4351152068063024,6.673382626837104,6.811082433809475,6.758160028156311,6.65750957252605
A0A158RFS7,7.810378392654108,7.924512723791299,7.860930141385925,7.943380104502552,7.910717490512708,7.8899837705693185
D5L1S4,7.077911653586599,7.096874858936747,7.102040920904706,7.068027306707538,7.043187536512506,7.07760845532962
A0EJ12,6.785487813751167,6.756435016541163,6.919277989798849,7.2274700881478395,7.088167927217141,6.955367767091232
E4QP00,7.610880970204583,7.281169511687139,7.561799545706977,7.878051948353841,7.399745178274841,7.546329430845477
D8L2Y2,6.7986713286923655,6.7490335102572505,6.677085403383538,6.545565134276853,6.83817111723631,6.721705298769264
Q9Y749,8.191643790380848,7.763991885294201,8.190731172720778,7.90829911777474,7.865318532791995,7.983996899792513
Q12629,6.468851028577637,6.6328960921871225,6.480963066831439,6.528521688802489,6.4350958956649755,6.509265554412733
Q5W503,7.328380908984707,7.243176619247484,7.395382173171769,7.584248914747436,7.531439899888923,7.416525703208063
P25774,6.469191411440203,6.562302513561527,6.595554867424736,6.813206581173458,6.493932666066883,6.5868376079333615
O60235,7.724020107769233,7.861006773176476,7.804475364715465,7.649997155185293,7.812670994831841,7.770434079135661
A8C927,7.12628835067791,7.073021121398822,7.122649083142037,7.019466999954949,7.157679202793464,7.099820951593438
E3SVR9,7.509070200386754,7.7573090688298265,7.67896962926129,7.665384028320736,7.694601169515479,7.661066819262817
P55135,7.59184635228663,7.7159483906672826,7.602262901929017,7.556242252580161,7.593849253599238,7.6120298302124665
Q8GMY0,6.750528513744399,6.717808260450222,6.663887703395674,6.662413724630584,6.75941410079583,6.7108104606033425
D0EPY0,7.249677493648404,7.393469675242345,7.397948396568641,7.5321173286728795,7.340117854292294,7.382666149684913
C7FF05,6.758676096571498,6.682514960793453,6.650915943466789,6.612717332222704,6.631730306800431,6.667310927970975
P00374,7.513465575244995,7.583449445222579,7.608760894356898,7.404722290185793,7.594926462859455,7.541064933573944
P08253,7.622882253842828,7.6675357116033,7.643187368740355,7.544419680360136,7.683222483964011,7.632249499702125
Q8RAK6,8.755978744750838,8.245835956478594,8.794909963839887,8.873894550216415,9.05080128872785,8.744284100802716
P06622,6.8557872953769845,7.530029552811154,6.955162204546083,6.998888468450738,6.923233203441163,7.052620144925224
Q9FPF0,6.900578413876286,7.083500659822809,6.965343754245525,6.940480427174799,6.959680454697535,6.969916741963391
Q96551,7.767837903642082,7.727137498145457,7.843425165090958,7.745668535871152,7.763687369269917,7.769551294403914
O43252,7.632287059168453,7.631773592346032,7.55899541212654,7.7510577575595105,7.68770515730254,7.652363795700616
Q8REE6,8.018166735038804,7.780278752098109,7.635087688625578,7.499926751060689,7.53574147688872,7.69384028074238
O00089,4.378970182652285,4.920559323135229,4.457522236492425,4.613145998373515,4.31644254655988,4.537328057442666
Q5V5N6,8.048069184960319,7.725860408224423,7.923896464315565,7.886355551775889,8.0136931189408,7.919574945643399
C7B608,7.448738271888814,7.399677261280724,7.350196483290786,7.355500503059876,7.3051407002475255,7.371850643953545
A9KT32,6.763974733730889,6.6253547879716885,6.543303654693027,6.698436879221795,6.633098621564814,6.652833735436443
Q9AR04,7.414390980824793,7.399248602148335,7.419462108501126,7.468167242151211,7.440688264403491,7.428391439605791
Q10468,6.481243191821417,6.486561194321962,6.504935936823871,6.5862661644938765,6.601917739899701,6.532184845472164
Q9I0K4,7.656800434594912,7.671067841106712,7.666166971326543,7.7008372156231815,7.619585003871415,7.662891493304552
B1VZT1,7.087949962333466,7.520620384319145,7.4265188300286376,7.592417114957954,7.177865172471773,7.361074292822195
A0A088BHP3,7.179353780415745,7.269946404279815,7.429985802412931,7.241308556481286,7.197863186412169,7.2636915460003895
B1VBB0,5.393840513860377,5.457824617344732,5.336342219101696,5.746606779597597,5.35304935403876,5.457532696788633
Q9H3R1,6.927365405258726,6.890438127886838,6.958905420201523,6.991512491516021,6.947532606525881,6.943150810277798
Q9WZ19,7.773328868494925,7.7412253041567265,7.7868616587897606,7.99981338324703,7.880503354540304,7.836346513845749
A0A0K2S4R5,5.846788856509436,6.241577800105705,6.019300140951384,5.971138842753509,5.832817217859036,5.982324571635813
O34425,7.8261923761050465,8.004383889622476,7.9203327022041545,7.835447525812392,7.810354605201695,7.879342219789153
C5MR71,7.432361260575749,7.087910500902791,6.957286421130537,7.079203969745247,7.249081239098196,7.161168678290504
P11964,7.3752640140296055,7.731172321307087,7.825939561889899,7.750628226905348,8.169560377738796,7.770512900374148
B3XZQ2,6.6176266260402175,6.48507386179943,6.6991533545207105,6.647777425824355,6.623980289243528,6.614722311485648
A0A0S1NK17,8.338587282137734,8.151052965715753,8.16011900556478,8.057763630571703,8.283140492801966,8.198132675358385
Q6E0B2,7.465944112226282,7.488303369788731,7.44078690556311,7.436105224264018,7.4393509843795,7.454098119244328
Q88S87,7.1225408216863055,7.378594138949193,7.85055394454108,7.025795959131083,7.747595062945669,7.425015985450666
O26004,8.088000202609814,7.8986787020153795,8.009146187071085,7.9130519567686015,8.123691268255262,8.006513663344029
Q8K469,7.400000000000002,7.430497966172178,7.400000000000002,7.3923552851347605,7.399999999999999,7.404570650261388
Q7WVA6,7.916731188836556,7.885392355887187,8.099039104888778,7.8474571306769985,7.91882722350419,7.933489400758741
Q12383,7.627672544171343,7.725577953422968,7.60290705669107,7.632017483731288,7.637069978618362,7.6450490033270055
M1R338,7.405084021102211,7.369241046488948,7.280821822784589,7.291497482738316,7.32905003796729,7.33513888221627
A0A024FS29,5.099598286676647,5.385831952242828,5.258104387798417,5.365865868233497,5.020238939317915,5.22592788685386
D1JH91,7.564168474741933,7.499949246577922,7.612500949842603,7.655341394457379,7.793698795094876,7.625131772142943
P54751,6.434509523762827,6.694486003472472,6.7918052245836895,6.451714085991993,6.368068151298976,6.548116597821992
Q99497,7.555791395354648,7.506581837235478,7.623174368455743,7.694132906401251,7.73646827055596,7.623229755600616
A0A059ZV61,6.547050394364747,6.656231377001612,6.743001358533464,6.7082399539604225,6.564082995501172,6.643721215872285
E3VXL5,7.7032395184980755,7.2979889945798195,7.441523555436188,7.475083650702963,7.567604976550323,7.497088139153473
Q9JJS6,7.685508057542116,7.665249509881937,7.701818778752013,7.743497291697186,7.661984852903897,7.691611698155429
O00469,7.2894059675757,7.044502213343619,7.418374074813322,7.319662603838755,7.187424340545924,7.251873840023464
I3DX19,7.750108146192993,7.920232199262827,7.82778136693552,7.810248289870751,7.815507453365679,7.8247754911255525
Q3IG38,7.426044314361789,7.61628647080377,7.378107158755812,7.504077363922768,7.37798062092014,7.460499185752856
O54051,7.3248127948036394,7.592174800205188,7.456516900832225,7.498874569319839,7.709648857157439,7.516405584463667
Q13057,7.57638849591835,7.6031632626442835,7.697851212518533,7.479004941902004,7.5387336700429515,7.579028316605225
A0PM49,7.483312197469042,7.479198452385751,7.398870259671111,7.518085232035341,7.550412155126965,7.485975659337642
O48944,7.676845870730283,7.476581279500166,7.549525671293333,7.639062012614288,7.636154226141123,7.595633812055839
G3LUK8,7.42236520015979,7.797733681390895,8.005586559683145,7.814392895479743,7.780409005485071,7.7640974684397275
P40817,8.121813040283206,8.13819928504678,8.135548571254894,8.117674635396632,8.135631915306007,8.129773489457502
O52185,7.780675777638194,7.601727255745654,7.5320847061350955,7.728923268543685,7.7777410324639495,7.684230408105316
Q0CDD9,5.52690914426088,5.595971233726368,6.154336951478463,5.865730502381616,5.928281345321899,5.814245835433845
Q55020,7.292748570535772,6.968001359953007,7.318299922252375,6.998624168464905,7.321340793887829,7.179802963018777
P83788,8.229797405956841,7.646715377832361,7.999999409578068,7.541924183824589,8.203897151866707,7.924466705811713
B9ZZZ6,7.001456595055728,7.797574850878544,7.704995093271473,7.823704462072159,7.075744598542119,7.480695119964006
P18266,7.248331589475765,7.248364904922542,7.238438987416105,7.268380358073916,7.2195140922944585,7.244605986436556
Q7Z4W1,7.167029926953743,7.273665957178799,7.218635405297962,7.350647071898944,7.250391134612066,7.252073899188304
Q08649,7.687276410292872,7.639154602105046,7.669434025694529,7.341203907332057,7.583669149064608,7.584147618897822
O58802,7.822122612725941,7.8089336348378415,7.914980744390741,8.042311609441814,8.074749100733808,7.932619540426029
A0A1B1NX89,6.1148835498909335,6.300996812568885,6.061748789292711,6.092126992174148,6.385218768274363,6.190994982440208
Q8GTJ2,5.096173922265468,5.282580778688045,5.097882238607519,5.36027858326532,5.10046182597991,5.187475469761252
P09147,8.351145045223817,8.195696224574984,8.36030681838173,8.264548874119352,8.390189875528439,8.312377367565665
G0HQ35,8.180830221402504,7.956511902146554,8.009179821724095,8.137062387235112,7.97321931679455,8.051360729860562
A0A0A1DZ36,7.296305308641681,7.49996432584853,7.169350082229808,7.151035660629429,7.51276739599026,7.325884554667942
Q5DRK1,7.018399180348686,7.065867436155482,7.048893723741848,7.042018672590502,7.069667937419757,7.048969390051255
D5WTR8,7.59665634758494,7.63791482453542,7.460491078156399,7.561043408939161,7.474812289132879,7.546183589669759
D7RJ66,8.431245741168162,8.325063568471368,8.523937709849916,8.195534784016687,8.371603413558631,8.369477043412953
C7F8M0,7.124763714522247,7.303592832133088,7.141490600560127,7.2465496666746105,7.189276125221122,7.201134587822239
D5JWB3,7.33248401058397,7.766508792629306,7.655889616838307,7.469659066807323,7.4372290627167885,7.532354109915138
O30438,7.810575177053066,7.866197187535398,7.816764486079416,7.799404696279616,7.808170821126939,7.820222473614888
B5MGF8,6.800747815095265,7.263640155089879,7.1185763936524005,6.968911716007954,6.794418162111013,6.989258848391303
C7NVN0,7.5756190877300424,6.682083109530274,6.898477665610203,6.998214151036767,6.916466178118218,7.014172038405102
Q8CHM7,6.902092749051706,6.8370054919414045,6.888319889300341,6.930385792441594,6.8230555995399484,6.876171904454997
D9IL10,7.759094680934485,7.9514267697191485,7.921619055946731,7.864759294896512,7.785353518989772,7.856450664097329
C3PTS8,7.083240190316786,7.198332398946924,7.119281455725984,7.142117270698436,7.161064240465754,7.140807111230776
Q9NWW6,7.368162647367445,7.36016324951524,7.226361496059365,7.373894826454849,7.306171445783608,7.326950733036102
Q68KL3,6.693351154615478,6.887772868183042,6.649492290139028,6.781381642194943,6.699011540306074,6.742201899087713
A3MV85,7.726944550303195,7.698923410176925,7.797915589323812,7.64043423551518,7.6566719817439886,7.70417795341262
Q9SS45,8.6885625658205,8.571032969991128,8.479289039300932,8.57116598456275,8.67641272034939,8.597292656004939
E7FI44,7.278846765172435,7.690812958721882,7.768910669582931,7.398687255383261,7.472653614917608,7.521982252755623
Q58980,7.095820392507464,7.248258001536032,7.287382253417641,7.418543826437103,7.158193025102041,7.241639499800057
O34788,7.69019553404555,7.519896097968012,7.697653443975476,7.507677319777497,7.696318549305676,7.622348189014443
P95748,7.602126000766704,7.650761958011,7.678392536607712,7.618966942292738,7.628335167723321,7.635716521080295
O55123,7.672513081280254,7.692808434595469,7.6897988346882435,7.553654307897376,7.78088620911111,7.67793217351449
A0A075EDT8,5.832861163420044,5.8968633700936985,5.813664382615115,6.0235839710320835,5.81287962277427,5.875970501987043
B9VSZ3,6.672677584470808,6.738307470605619,6.709979342299606,6.683681221949195,6.687645270204479,6.698458177905941
A0A145YEM9,8.734826924414067,8.68402096001935,8.704350003438787,8.623149768054322,8.772332920276051,8.703736115240515
P09107,6.768007810766415,6.838461821101703,6.7742426528049196,6.852123116012331,6.666137814282671,6.779794642993608
P00800,7.433286992314011,7.471544672824843,7.541674684791741,7.279240414202187,7.4659727232478,7.438343897476116
P43341,7.785245255318589,7.81257362365216,7.747882779756722,7.670896475742669,7.7676497461951115,7.75684957613305
P09237,7.516236577629574,7.729283491095302,7.632323702182294,7.556887377370869,7.726861612643325,7.632318552184273
Q8U0N7,7.910322669515247,7.85010968681029,7.890274816648001,7.808692929777313,7.8731354176780926,7.866507104085789
F9W8I6,7.030047495070417,7.297032912184298,7.024980920895347,6.9473651893515775,7.249562528881931,7.109797809276715
A2GH85,7.365429759805772,7.184133593741235,7.401816006645529,7.070816352299522,7.416386604490365,7.2877164633964835
O54050,7.3956884425012195,7.691540195401826,7.537950708564553,7.455314844094337,7.546415834091131,7.525382004930613
A8D2K7,7.360585431454359,7.1819615357113475,7.404463853825137,7.563442019181469,7.400664832951497,7.382223534624761
P11444,7.548722041431157,7.253464546573202,7.286759074327533,7.220449261787461,7.3661440627102195,7.3351077973659145
P23293,7.153994624771107,7.227459453087624,7.160312370502031,7.155743836841645,7.119659451378591,7.163433947316198
Q4QC75,7.4809577429359,7.811072028055003,7.7466575356108045,7.515322082159488,7.8245369599441705,7.675709269741074
Q16774,7.5105733208546415,7.530343048627302,7.651910232937657,7.525814409565365,7.624187969023188,7.56856579620163
P22320,7.480945679665131,7.533429118718397,7.598923124885665,7.579269207775612,7.582641520212546,7.55504173025147
Q7TNT2,6.939115465024416,6.768774194615013,6.962022045783527,6.9391671808024205,6.81524261818237,6.884864300881548
O27726,7.742399875964862,7.70430619199721,7.68300067191416,7.74296266851114,7.663150253476067,7.707163932372689
E2QJB8,8.158574294381626,7.973221865718871,8.115622516118911,7.911989227686231,8.120564075710812,8.05599439592329
Q9LZJ3,6.8460522703890945,6.955182375367989,6.942227116980256,7.025508718775464,6.816952445436224,6.917184585389805
P14384,7.6355076977384115,7.562275234115161,7.692930488720876,7.801335312392211,7.994597834504582,7.737329313494248
A4YDR9,7.663423479995473,7.680977129994924,7.836939701508108,7.615966207664598,7.5573049264745045,7.67092228912752
A0A1E1GL61,5.467225862422751,5.546985332741957,5.909901652253869,5.764432931273005,5.788640327478662,5.695437221234049
F4NCC2,7.521903583450994,7.5148347430716536,7.5008276332074075,7.334807056638544,7.534222480715461,7.481319099416813
D0VP31,8.699589075033408,9.009096594323857,8.687224346114448,8.672852922727975,8.708912628584214,8.755535113356782
Q8GTM3,7.11349202321361,7.406828323149525,7.543898253879185,7.319361665985081,7.6457787075787405,7.405871794761228
Q53EJ1,7.9617290947736254,7.737359584421906,7.742740789607695,7.781075464239082,7.9800986514491665,7.840600716898296
I3RJK8,7.647617156459454,7.553987817339218,7.82811560771229,7.497859356449395,7.487840726605013,7.603084132913073
P95231,7.672551949013789,7.706284349640498,7.758921472901392,7.660214325218607,7.615017317051285,7.682597882765114
Q03520,8.138553222920567,8.143319219585589,8.198578343830894,7.673440206996559,8.120520124183829,8.054882223503487
Q5H7M8,5.402836911645618,5.406108782553188,5.453126731838981,5.5251211403843765,5.546061158498761,5.466650944984184
B9VXW6,7.477808481276478,7.482631176349794,7.487946766661317,7.491472372626429,7.549886012993998,7.497948961981604
Q9ZVL6,6.987764047240283,7.091657684728028,6.915899037887112,7.249848389064605,7.0475263739868845,7.0585391065813825
Q84HF5,7.846125787366353,7.6086278557050395,7.614928156339024,7.679715433289265,7.686816991128206,7.687242844765578
A0A142UTH4,7.596492770527437,7.6262839515052585,7.461576783354496,7.667157005669198,7.493255084850526,7.568953119181383
E4W4G9,5.855989532349053,6.077830255326139,6.037554262330372,5.862488382315442,5.51798739995694,5.8703699664555895
A6YJX1,5.138837218163095,5.837181755672926,5.73608795167203,5.603922754376784,5.42101594772454,5.547409125521876
P17118,4.294772280404315,3.717456291399888,3.119466826391342,3.415099109831411,3.7254831067942193,3.654455522964235
Q9NDH8,6.717476532903196,7.038589758856892,6.964311769413886,7.355688493251828,6.821791252657452,6.979571561416651
Q7UXY8,7.47387168828386,7.7728377277569365,7.64561805990699,7.445272258031041,7.55837339614175,7.579194626024116
Q3LS76,5.098765495801467,5.604191148830729,5.370577239749802,5.909259628363702,5.070242425058733,5.4106071875608865
Q6QHI7,7.9309907733454,7.770057772318381,7.807343010412524,7.735319998614368,7.769010437854487,7.802544398509032
Q9EV86,8.123000976039227,8.208772289054947,8.202514448081224,8.317377809648544,8.377035036792078,8.245740111923205
C6FX34,7.238834718479766,6.902563949884792,6.698899483111469,6.983679662618368,7.210538852312052,7.006903333281289
Q1GZD1,7.609688223221278,7.693004808042009,7.847542003201365,7.663615129956366,7.626014339762156,7.687972900836634
Q88B90,7.605451463112024,7.649712970317086,7.578063363168765,7.508188185009454,7.541117119098079,7.57650662014108
Q9APM5,8.124675552785487,8.450042366455015,8.33266418798474,8.320346004506769,8.162559684584334,8.278057559263269
G5D7B5,3.810547394241721,3.9424412224827723,4.138627763041185,3.9576870737439798,3.511366312172512,3.8721339531364345
A0A2Y9CJ10,6.830862089525014,7.0216916831544225,7.446303857321109,7.137333999317887,7.077061794086494,7.102650684680985
F2X5L9,7.437943324286934,7.756830912290482,7.776279300463825,7.957485483223282,7.971899412125166,7.7800876864779385
Q7UDT4,7.975442723494126,7.795003578337717,7.924493434957414,7.922277443158961,7.988005812908967,7.921044598571437
Q06069,7.761238064409168,7.4872586619204196,7.525926801054421,7.463917223851268,7.578189766697079,7.563306103586472
A7LBQ5,7.683083969758266,7.482498752801469,7.695371379745566,7.681598612998863,7.676556342724108,7.643821811605653
A0A384ZRB9,8.341197267651562,8.377334819235925,8.564422349525891,8.423318417502513,8.495087642866455,8.440272099356468
A9YDD9,7.0141640112886225,6.711481661145617,6.965771933572458,6.6243646716251225,6.468744135364016,6.756905282599168
C4LUW9,7.700742749305261,7.5009795139273905,7.521054525150908,7.674090327462003,7.66551224936053,7.612475873041218
Q83WC3,7.712454922179013,7.738327688774298,7.696867552026557,7.699518726377793,7.593357090504511,7.688105195972435
K7T9D9,5.030537872988775,5.058292903896974,5.141569156518755,5.079294546537307,5.219277109782444,5.105794317944851
P15316,7.444242788895764,7.07161428395168,6.928103323982818,6.713138178571471,7.003078523215014,7.03203541972335
O29588,7.446944499177704,7.146084664291089,7.312839958579799,7.105738799182506,7.205713853715736,7.243464354989366
Q9C8Y9,6.101825876625547,5.60066714125602,6.013554771467874,5.927123619454864,5.89889067380537,5.908412416521935
C4LWC7,7.527539945865771,7.642624204159537,7.729329918301055,7.888602017663121,7.841371737535242,7.725893564704945
E5FGC5,6.384819210648274,6.249736416866941,6.329653756136963,6.464745339799441,6.61073608602475,6.407938161895274
B7XBZ9,7.113811035005904,7.317444878307061,7.156157288563932,7.3219141691182985,7.135457287186826,7.208956931636405
B6D7P1,6.679862715561352,7.063263137497524,6.94042217671473,6.914933605433733,6.9335742490709436,6.906411176855656
P25576,7.455203840594304,7.5432497449107405,7.480157190573283,7.478620098288083,7.467364659547208,7.484919106782724
Q8WZD7,4.709891282616156,4.960214903886275,5.0399799865689445,4.801988637391928,4.701254863815588,4.842665934855779
O24721,8.119255497086545,7.479802836732501,7.841997057824663,7.90931384581765,7.870592080623119,7.844192263616895
Q57849,7.481774620170523,7.462628477614928,7.4861378267016985,7.295105182208127,7.426086623496516,7.430346546038358
A0A1S6WME7,7.636251677074854,7.428075785371674,7.535022835720511,7.2704783798951675,7.70357483120072,7.514680701852585
Q9UQM7,7.9307462480623325,7.60447528228132,7.904121128342595,7.886307063489343,7.933544848727571,7.851838914180632
D4GP33,7.994833674754102,7.820388585664335,8.03026109843232,8.016282960842894,7.825676654944564,7.937488594927643
D4Q9Z5,7.08305331376762,7.172838766313616,7.250998712749357,7.1491706392698315,7.174605831254926,7.166133452671071
Q8RJQ9,8.39248298968025,7.997771413728719,8.043568159041149,8.15546332750562,8.053031537760335,8.128463485543215
B2NID7,6.364889034857921,6.9755907991778585,6.381888877074881,6.321639750348082,6.249795120051218,6.458760716301993
F2YCN5,6.564483542426586,6.719524233878403,6.778147304358448,6.7925426482293645,6.830963309889729,6.737132207756505
Q84H88,7.433350086447566,7.620830904272481,7.579450148518983,7.523884557171764,7.585624647350633,7.548628068752285
Q5JD38,6.937652780791623,6.822227432466722,6.733703443262135,7.016094512931941,7.044546176984378,6.910844869287359
Q831B2,6.964885527346274,6.8918579521202865,7.007435954962726,6.594454469666498,6.907132733712306,6.873153327561619
Q8J0K8,5.518527990945607,5.697685177420855,5.508223633861127,5.8770080702084115,5.759522712117716,5.672193516910744
Q973H4,5.934202623589387,6.522149236912767,6.39062053861144,6.196557471094117,6.198719840222859,6.248449942086114
P52888,7.518490326660373,7.588105374245666,7.270587745920505,7.396490440505264,7.527081384142414,7.460151054294845
A0A0A7H6F4,7.015885741771499,7.373186740794572,7.192209033425307,7.177330985296058,6.960189293908161,7.143760359039119
Q6T1F6,7.562403170144661,7.710350350235608,7.732857486684446,7.801045748637122,7.63761377050743,7.6888541052418535
P25891,6.402250463895429,6.852664322184712,7.159966116483029,6.841594186950104,6.681298780652357,6.787554774033126
Q6PMI1,7.503687451396227,7.457045473747465,7.4515516509582795,7.472080588436806,7.5231437958676945,7.4815017920812945
Q2HNY9,7.728490045251155,7.764937919225839,7.994817909951665,7.973344871716363,7.525232043282752,7.7973645578855555
P78417,7.518693398867053,7.518061372963823,7.5514610529682145,7.483743646250971,7.5184020650440075,7.518072307218813
I3ZTQ5,6.460771475924053,6.303753018117321,6.762118604181912,6.620236353285278,6.330893106199354,6.495554511541583
P29729,8.298903013399809,7.739339119511348,8.068196920311827,8.062455948968207,8.201397386134328,8.074058477665105
Q8TZJ1,6.413903164718883,6.929125976465759,6.739866628810835,6.798903344497107,6.950374647403749,6.766434752379267
P56073,7.7544214639025055,7.521717078502572,7.490092788596574,7.398939076367315,7.716216342345705,7.576277349942934
P10442,8.608023689190897,8.398558699176796,8.640345312550245,8.603731382524309,8.18490943375695,8.487113703439839
B0B0H7,7.567432522385369,7.25122165556316,7.496104995280968,7.039657573214132,7.5513865989589615,7.381160669080518
Q9GV46,6.6914095912885445,6.775651775823869,6.501389230963813,6.231635423610256,6.576618172350139,6.555340838807325
Q9F918,7.287367014947094,7.257092697439367,7.477196594102468,7.218821692877483,7.331512942297737,7.314398188332829
Q949J1,7.893901257657552,7.839152428048573,7.759331727276551,7.753038460034058,7.820595391857587,7.8132038529748655
Q46A52,7.482941189482748,7.683468827481887,7.596319598262125,7.672677123450615,7.686570635374469,7.624395474810369
C5J3R6,6.6692044172729865,6.8091657431540185,6.804697010670104,6.748965272354559,6.640432298953211,6.734492948480977
Q8AAK9,5.770629870638446,5.987805572263808,6.006514724935355,6.222916110627091,5.9827625219124165,5.994125760075423
B3EWG9,6.187545809856198,6.736750501591318,6.662378553569583,6.059234197759679,6.148457281999795,6.358873268955316
H9JSH4,8.143788678916103,8.116811112481841,8.096427631025549,8.075684004772823,8.208035752059516,8.128149435851167
B3VPB2,5.365080787149717,5.111876751229327,5.112745005827081,5.2772228602483615,5.177102431183208,5.208805567127539
G4I5P8,8.248973970113452,8.14527653918407,8.149469979406927,8.273378691351509,8.132024172255116,8.189824670462214
A6XP72,7.347861365153067,7.284286923200944,7.297759667596723,7.3941769696505215,7.434661421269512,7.351749269374153
Q04828,7.3997957995039805,7.474193831797715,7.408900943764982,7.466727114607393,7.440285510138688,7.437980639962551
P81054,7.4605859901431675,6.932670328449406,6.954758677942085,6.691605995296518,7.3221644955898295,7.072357097484202
Q9REV4,7.629798602992318,7.681503842418194,7.686223625189544,7.754113110633611,7.468562085199265,7.644040253286586
H8WG11,6.541985962653957,6.766357706966021,6.738902834759237,6.903313220316468,6.814799776972043,6.753071900333547
Q988H5,7.665110814136267,7.376772351302273,7.600928034335075,7.041000566581573,7.278712031342354,7.392504759539508
Q8KT80,7.741768645636794,7.759352795455776,7.839953395778138,7.832555107761413,7.8401427678119155,7.802754542488808
Q8IEG9,7.8998514973303156,7.599523551723745,7.832544215682747,7.7520164401485925,8.000699962657123,7.816927133508504
Q9SV43,7.825545387464711,7.916407832403356,7.684843143639144,7.57331047302143,7.860613737929134,7.772144114891555
Q2FUB2,7.417838068910842,7.640843522511491,7.344629672157522,7.342104711826472,7.4217167490618206,7.43342654489363
Q52032,7.441921590891601,7.832771608031725,7.783599604482875,7.949114867699189,7.980792553738945,7.797640044968867
D5LIR7,7.3926775333079195,7.405926126152449,7.3488853332593145,7.417044416640373,7.325071399612572,7.377920961794525
A0A0G4JRN2,6.064877447687257,6.073472711480925,6.116310383933184,6.2119585434107965,6.1948156826754355,6.13228695383752
Q02759,7.565226165741382,6.6322368849875,7.123912812108669,7.048031322654706,7.518211092283517,7.177523655555154
A0A1R1AUM9,7.435680823777269,7.663316227140625,7.627999382314497,7.661665850163388,7.67589338055341,7.612911132789838
Q980A5,7.658230849565329,7.620398231410517,7.70933266522227,7.551502043862401,7.498139020152431,7.607520562042589
C7EDT0,6.3931672480805934,6.736260285770898,6.16922140635125,6.73490941902195,6.182854864930491,6.443282644831035
O28025,7.60125573032539,7.7209635209452525,7.721252477371498,7.73197232024635,7.8330448769870875,7.721697785175115
P94523,7.110670096230531,7.254892094712483,7.147615613067982,7.20710067685627,7.095089204296,7.163073537032654
P16068,7.404771772040737,7.433462343495645,7.412477690419053,7.4303188468842585,7.3634855759630575,7.40890324576055
Q9LCQ7,7.779261765975566,7.253828143081515,7.486700154962924,7.254276782214223,6.460080441148037,7.246829457476453
Q1XIQ9,8.070129614821221,7.940100180638174,8.01971237631279,8.030962234563123,8.06276962208181,8.024734805683424
A0A1B3TNR9,7.804288693959013,7.639921818992438,7.779425354027948,7.799220238451286,7.634743354533311,7.731519891992799
Q9XB60,7.264001485838321,7.568105578659637,7.796224246611531,7.950883721875883,7.687762283557176,7.653395463308509
C4TP07,7.075977431203,7.116229444513106,7.051586640370139,7.253020901832738,7.265096966200584,7.152382276823914
P0DI77,7.999998964855558,7.176049578281478,7.999999080735398,7.999998710738906,7.208676584723149,7.676944583866899
Q2V0W1,6.555792558185143,6.835992614264222,6.658307867085659,7.060403266290717,6.442225525124984,6.7105443661901445
Q9YA34,7.126935286346582,7.233573757853699,7.321673154442863,7.242569591019662,7.719845215682218,7.3289194010690055
L0D9B6,7.518108780083697,7.744156586913565,7.784037134336305,7.82415572067854,7.950780861055049,7.764247816613431
A0A1Y9TFD9,7.709790241938649,7.4252641247163345,7.50048050395202,7.5282868090687085,7.610845100126882,7.554933355960519
P77215,7.691321723733669,7.189425257667353,7.4948599910829365,7.563200434701734,7.306165762044693,7.448994633846077
Q76M73,7.938635366633417,7.826328032936836,7.8746710034047105,7.9067440377339935,7.9735000563145935,7.903975699404709
P22318,7.386208700028519,7.22189406351539,7.227510968891668,7.431235900665159,7.2008851296608825,7.293546952552323
A5A699,8.999995241126886,8.999992493788012,8.999996500642753,8.999993520132465,8.999996194382298,8.999994790014481
L0BXX7,8.644049380948914,8.568634980185003,8.479850922745374,8.57145080588005,8.642958017739394,8.581388821499747
Q4AEG8,4.378574491939352,4.916226806810643,4.45601956689772,4.610789548920788,4.315916173619885,4.535505317637678
P06197,7.764362425401325,7.740046297319973,7.893082183113314,7.874672449969758,7.80491259729162,7.815415190619198
Q9L9Q2,7.168426518376838,6.996138908235229,7.250670005666079,7.137712022591578,7.144318898588223,7.13945327069159
Q3V6C9,5.4730227358872074,6.3259952495044836,5.8600512664980755,6.175440901638876,5.744910302783811,5.915884091262491
Q947C4,7.29378138443497,7.273107870495963,7.120248534219415,7.242404303637845,7.374243094878603,7.260757037533359
C9E9M9,4.98807212035956,5.135611616761649,5.077335415105512,4.927752046978926,5.32213785368363,5.090181810577856
P77847,6.106886544014354,6.086736730604116,6.110145150346398,6.089939686866488,6.070177348573783,6.092777092081028
A0A024RXP8,5.013143688478276,5.199999314000726,5.199999554205311,5.199999613504147,5.199999310316908,5.162628296101074
A0A3T0YV60,6.332767310002907,6.4355108134540835,6.31864705214517,6.267686559375024,6.616743310268321,6.394271009049101
P43478,7.714025571005465,7.505356670076792,7.674415204555159,7.590534950820047,7.8141010705630425,7.659686693404102
Q00IB3,7.966549182010303,7.850268700868405,7.9530879636706855,7.951757762040318,7.914871502903657,7.927307022298675
Q5CD72,8.127630177224308,7.959503010081854,7.954736600796142,8.058383854678919,8.059253750603897,8.031901478677025
A0A1V0ELS9,7.828522410000867,7.0857314113203556,7.4094477475880645,7.454529657476874,7.329073492852105,7.421460943847653
F7Y223,7.460237998173687,7.781739074790766,7.563512035823079,7.487134888677666,7.497405752869511,7.558005950066942
A0A1C9EFW4,4.44917529885402,4.303520786181359,4.420627676756022,4.768817913655116,4.179187095258511,4.424265754141006
A0S5Z5,7.702733622102102,7.762655739746009,7.774259756955038,7.663304233895887,7.655209202222874,7.711632510984382
A0A0H3HE78,7.435448700765125,7.299076880570882,7.391848978663637,7.419542329609593,7.395855119951724,7.388354401912193
A0A0A0WA73,6.680682599807289,6.789919923334226,6.508635709188693,6.725622174960151,6.847496426219466,6.710471366701965
A0A1S6LQW6,7.800118634706185,7.787859803777131,7.808122117947573,7.747355636493558,7.847645840176295,7.798220406620149
E7CYQ0,7.820919658312032,7.016147547955288,7.412924250807153,7.349656443061003,7.333832197674345,7.386696019561964
P57681,7.253541816278139,7.225851091248334,7.233939476631262,7.343946697742424,7.319734594417696,7.2754027352635715
P0CW58,7.6425466612731725,7.596119816928823,7.591094487567264,7.6785506560921375,7.535964729189825,7.6088552702102445
O81852,7.985712233158729,7.765532381842418,7.879196129362352,7.727923012115708,7.9288244030046755,7.857437631896777
O49235,7.508675057558348,7.583391805856024,7.529701531182366,7.599005927633476,7.568559459330954,7.557866756312234
S5M3K7,6.65428973834606,6.942051308875463,6.877901628580535,6.711037039552684,7.481268804808208,6.933309704032591
Q8ZKE6,7.963032011946904,8.029121222341498,8.007931591576732,7.744965400018309,7.942666635342728,7.937543372245234
A7UHH1,7.648109952463281,7.72211709752909,7.6609753980196444,7.542585421346162,7.566352041598478,7.628027982191331
Q58923,7.3113186215504475,7.628167721894144,7.52864654621164,7.357648395379048,7.613671522770263,7.487890561561109
A5U4N0,7.644989309435896,7.629523455238289,7.744396293417883,7.7090525221093795,7.695574453741166,7.684707206788522
P94127,7.132568807146891,7.349787787380809,7.227500575374941,6.897308006647334,6.936999452605049,7.108832925831005
Q8U1H5,6.231786077647115,6.150860158358232,6.376675009513407,6.2620135224387905,6.519939181547247,6.308254789900958
Q96DG6,7.2432135393118084,7.345386398922837,7.522182184211594,7.334063139068905,7.420872999285715,7.373143652160172
Q1W622,8.866266997511953,8.946530588807661,8.991060599118551,8.991595673705561,9.065087672357814,8.972108306300308
O31616,8.064708117882832,7.965491822380086,8.028884617382213,8.014342643084408,8.033354053499083,8.021356250845724
P32752,7.68601622563955,7.467735893000896,7.593205549840261,7.5422887346513825,7.394174217803647,7.536684124187147
A0A0C5CE51,5.357024959678614,5.754378528402892,5.498230614955197,5.986504070495486,5.089289925560767,5.537085619818591
Q6QDP1,7.846948906328214,7.590344160666032,7.798540477452728,7.61979469921261,7.740319051946273,7.7191894591211705
A0A0F7N1T1,6.454797866278154,6.147614131907474,6.544029596371928,6.3559191697555075,6.484297829788563,6.397331718820326
A0A109P1X1,7.083649960488518,7.071096518355371,7.199484969023661,7.292867704402598,7.240256493215565,7.1774711290971425
P10478,6.788073765832741,6.732333478667103,6.7264594361019885,6.79215402738655,6.734164596619575,6.754637060921593
A0A1Q2U2F1,6.569868788800523,5.63534844275,6.310725456749987,6.293022129525312,6.240538084266268,6.209900580418418
P55329,5.4904382193457595,5.809518584093189,5.892428891769226,5.742279641767109,5.509748394503419,5.68888274629574
P9WFF7,7.904176651983622,7.77878724035903,7.928426520392689,7.791705664828412,7.901404747819335,7.860900165076617
Q84JH5,7.536075285372354,7.60124755668782,7.578292509338137,7.609675431285785,7.493030163916093,7.563664189320039
Q10469,6.714525169188809,6.591558393013527,6.8757432166551,6.631201537527753,6.664491534810045,6.695503970239047
D4GS48,7.753561288956722,7.809857071414115,7.539152203177108,7.521245067312013,7.442143395456478,7.613191805263287
Q02108,7.3542561368794175,7.454181914134116,7.4753363412704505,7.403522326029259,7.402821895365957,7.418023722735839
Q18AQ6,7.271302248169905,7.385647876648431,7.319862399923479,7.566556420818611,7.3010071968958545,7.368875228491255
Q8H2B4,7.033925751081554,7.099359690941812,7.1673445382978285,7.1096215868490376,7.085221723009498,7.099094658035947
Q48154,8.029816337421812,8.125031726918259,8.009959910022788,7.916596429211124,8.131850060785945,8.042650892871986
P63359,7.526046675649985,7.591716314659706,7.475682686292819,7.489618228003547,7.477460634408796,7.51210490780297
P22352,8.48114122296279,7.6031196423448755,8.326948835581817,8.19391078167866,8.758963728690972,8.272816842251823
Q9Y7D1,7.9273907486978095,7.872728911282309,7.969248774630497,8.076886299526906,7.640881246577035,7.897427196142911
E8T502,7.188645722889424,7.259319988778477,7.318338519010094,7.321586112235277,7.310455433386801,7.279669155260015
Q6VCW3,7.455413484242156,7.629894204801409,7.40089335370781,7.465438502643759,7.429238627529385,7.476175634584903
A0A024JUE5,7.731664857361057,7.550564736103073,7.48562623752279,7.464597954897053,7.471534829169226,7.540797723010641
L0N807,7.608668357405589,7.574047334812187,7.5241953479640085,7.643269734179752,7.4625407664636505,7.562544308165039
P17811,7.128678671357286,7.2859721978196745,7.3546424297276705,7.264913353832313,7.365334985901502,7.2799083277276875
D4GST8,8.006910743954299,8.008562905682252,8.004644235977466,8.10041192863667,7.92978134284666,8.01006223141947
E7FHY4,5.647552065805632,5.968830465668328,5.528384652347625,5.82889737312159,5.729217647310854,5.740576440850806
Q8NT48,7.305297878125919,7.348480466021819,7.515678107467901,7.472312624893206,7.453019923094167,7.4189577999206024
Q7X9B3,6.858342542119749,6.866006455507951,6.757169950502499,6.786078357158436,6.806309127667998,6.814781286591327
U5YTM6,6.7716483331785104,6.843413594162172,6.753411638793917,6.778816150288735,6.858258849485134,6.8011097131816936
Q9KWY4,8.766697558989176,8.893211986940743,9.007747646168202,9.050739880100338,8.88822524037556,8.921324462514804
Q57751,7.563082937553203,7.5288698878266676,7.631142258974972,7.654450716198189,7.4489531245506875,7.565299785020744
O29428,7.56310852331389,7.367597655996754,7.2093016778032055,7.446127536214999,7.5430794694547245,7.425842972556714
Q2KTH1,8.72128821708187,8.602793303716481,8.48905309007026,8.545220436541843,8.722173560007974,8.616105721483686
P21130,5.906455031256142,5.868368969217394,5.977117080232825,5.930610151866913,5.931947002849372,5.922899647084529
Q8L7R2,8.046261383146806,7.9082450759302585,7.732207492494698,7.913358180430734,8.0301642877961,7.9260472839597185
Q8W4T9,7.534857710906915,7.444739216412469,7.449502970493962,7.505501739512704,7.523861529691807,7.491692633403572
O08841,7.58805068143837,7.651849990527022,7.873322814228726,7.584702096838445,7.670036320082554,7.673592380623023
Q932V0,8.3007034506719,8.281466474234676,8.305325600253465,8.340257661044042,8.511078629056502,8.347766363052116
A9LIN4,7.509915409660249,7.433510857725926,7.450885161016485,7.43900823246053,7.523348495734194,7.471333631319476
Q59931,7.766995828072499,8.028200131463857,7.953497656259359,8.157702692275912,7.783685886220779,7.938016438858481
Q8X1D1,3.620636235580842,3.710875239974417,3.928844727865788,4.185594431546582,3.7981515319944448,3.8488204333924143
Q9WYD1,7.608466023234234,7.195968872392921,7.238225615112917,7.289086452092965,7.006801012869539,7.267709595140515
Q3HW35,7.998355102624759,7.791134371064954,8.022088130039366,7.90189074683487,7.999839192523736,7.942661508617536
V5QZ74,7.578240546372685,7.691922111507091,7.798376262798856,7.699041319735387,7.5106322889990995,7.655642505882623
P56216,7.795191374691223,7.73199334734324,7.5494704719355,7.725020327281749,7.658512340850935,7.692037572420529
D0QF43,5.862302308597606,5.944637169781821,5.730291633497126,5.315333356603168,5.865189060813044,5.743550705858553
Q9ZQ94,7.576858927196239,7.5844176824729335,7.312038927012386,7.628668084741941,7.384521335171803,7.497300991319061
Q7S3R5,5.115075644830686,5.216006713982155,5.16408216235369,5.13775371872687,5.315716120090836,5.1897268719968475
Q0GU43,7.455571065288572,7.505316922629476,7.385591491608309,7.647267790682507,7.3049774531619,7.459744944674154
C4TJD4,7.7998822053394035,7.624946197834758,7.843116003069371,7.769535424425204,7.966040279067834,7.800704021947314
Q4LEU0,7.502856394792932,7.583707566506651,7.521244827145469,7.401843596767096,7.511022327665357,7.504134942575502
A2V7M5,7.590382249136999,7.614093747201091,7.486376516701583,7.5064646287917345,7.482707972868981,7.536005022940077
W5RWH8,7.0597404370572505,6.95081627668324,7.285955304700578,7.191877403089515,7.12361800528486,7.122401485363089
A0A7G4NVP2,7.95493225951095,7.681939919631204,7.795593096202816,7.6883010157574745,7.713921343899297,7.766937527000349
P21890,7.552384012218523,7.6043028265591,7.555386344843022,7.460519267422674,7.639386049562264,7.562395700121117
C3VMY4,5.2100687856182475,5.170101364268798,4.946218360780873,4.983626675226126,5.2167690755320315,5.105356852285215
Q8RDL1,5.506515666003482,5.8820897473987985,5.922049558981129,6.0295093535102655,5.784064290717158,5.824845723322166
A0A0H3JER5,7.438524619014158,7.330683533854009,7.458189637126722,7.486811385348129,7.357518018899999,7.414345438848604
Q9XBQ8,7.887899963336492,7.820239409860344,7.78476842192322,8.034990983695751,8.080625012463763,7.921704758255913
P43133,7.493651479014714,7.458167634038409,7.348029855705951,7.287138922475453,7.574230989387411,7.432243776124388
Q3KN75,7.061863517699484,6.976112450504826,7.030953662961938,7.030693475810706,7.148812130049335,7.049687047405259
I6Y4D2,7.342970133738437,7.264773411933652,7.45665534538478,7.475536106305732,7.709572274249563,7.449901454322432
Q72JC9,7.901286511134479,8.012504757410785,8.127368273913637,7.97641249048757,8.139656083872895,8.031445623363872
G0T3B3,6.994213496244886,7.36451689249086,7.158103655607136,7.194330239476785,7.335414546180478,7.209315766000029
J9XGP8,8.650148399472593,8.681039846964492,8.905318788217183,8.768192371229768,8.85629201735488,8.772198284647784
A0A0U4MRI4,8.298656554096002,8.36392419591061,8.313021521580234,8.365247693747492,8.463700358298983,8.360910064726664
Q8DVS2,7.250776349891208,6.887576614572124,7.207679758072414,7.114213226106308,7.101534749786142,7.112356139685639
A7DWA8,6.68597807764476,6.8089575013052155,6.690346915511405,6.898281550729971,6.709536502300255,6.758620109498321
Q8C2W3,7.399999999999999,7.425218239391257,7.4,7.416686395042754,7.4,7.408380926886801
Q7X0P2,7.465640120773825,7.400303533329064,7.571059408443875,6.871507412222947,7.337884763694364,7.329279047692815
Q9X024,7.487792684662174,7.648893365542724,7.464010824624715,7.846732300328988,7.681780857657051,7.62584200656313
Q65EY9,7.410688437739022,7.5278390319454855,7.639614263712636,7.6765338128892004,7.631130471334844,7.577161203524239
Q706F9,7.007859698369634,6.657776625199301,6.585519425938249,6.256126378209792,7.254932008669294,6.752442827277254
Q7XAU6,6.6751499139004835,6.410733174803502,6.4667106839055695,6.251454093756408,6.226652806719924,6.406140134617178
A8D930,7.437799688409843,7.496630794887658,7.462182975310518,7.506961014625711,7.525234911290784,7.485761876904903
P12047,7.7639421713973995,7.77710702656271,7.895745459976565,7.789774003986516,7.781334811654316,7.8015806947155015
Q9YGB5,7.079772195196338,7.229473002028579,6.892634461007164,7.155791590102552,7.105424461271525,7.092619141921231
Q0E4W0,7.525369243237197,7.379520965604764,7.46642274805113,7.513197830064048,7.502269426304297,7.477356042652287
Q50LH1,7.734436129019381,7.783901418906922,7.753207146871554,7.719412745220332,7.815584437748525,7.761308375553343
B3EY95,8.377764684345959,8.296788315830927,8.315829817857976,8.378438824421021,8.560615889742866,8.38588750643975
G3YE52,7.366864136693656,7.190888693532815,7.2237819347053644,7.290796565999919,7.408821474356072,7.296230561057565
Q97U29,7.367743241294313,7.417429332430897,7.292995517360982,7.159817194190977,7.347142763277337,7.317025609710901
Q6L2X5,5.6340308407762745,5.598097627114836,5.478289810890806,5.775610021872027,5.669402332925646,5.631086126715918
Q5NTH0,7.292716021050911,7.297185188037309,7.255472979050364,7.254359170486383,7.163129356664445,7.252572543057883
Q9X1S1,7.414354292639638,7.438630400628108,7.294290212887177,7.833382212069759,7.260481599687118,7.44822774358236
B8ZV93,8.692932963328301,8.584210948624502,8.66570704886087,8.655304464560558,8.680923265459974,8.65581573816684
Q195N6,7.502266270657959,7.537406007953729,7.629786739613256,7.605508189791454,7.569165864071763,7.568826614417633
Q8MZS4,5.120300273675392,5.72162734217477,5.073710427902731,5.282077101224129,5.033789651712302,5.246300959337864
D8VDY4,6.730922647588496,6.544915301830617,6.608520042711363,6.643228713537319,6.577422588478488,6.621001858829257
G2QH47,6.763318791188345,7.038958187684596,7.127726980603725,6.9479750696490346,6.988464318804886,6.9732886695861165
A8FAG9,7.279305715336902,6.479964052319034,6.8165051335652365,6.994654944284759,5.183377173462381,6.550761403793663
D0KN27,7.453114309064473,7.44014711718941,7.33248759714216,7.459479511133713,7.516753665997984,7.440396440105547
F6IXY6,6.9660756370317065,7.126499839208037,7.02661205535717,7.130566615386212,6.986009154943707,7.0471526603853665
C6Y0D8,7.210034665907777,7.31537657860205,7.380106686948276,7.382812880063388,7.133114728047742,7.284289107913847
Q6ZXC0,7.416223341902107,7.650145878734108,7.50671088319714,7.432089402077885,7.453610289624212,7.49175595910709
Q7WTR6,6.27522037912553,6.500154149356289,6.238526509222131,6.3142664632403775,6.317493130223122,6.329132126233491
A4I2Z3,8.192895474770902,8.134244282328984,8.149974109093852,7.9620638652381945,8.152215802278123,8.11827870674201
Q2YIQ6,7.810956593814629,7.878574957543285,7.890504064207708,7.893806706183268,7.880267137642228,7.870821891878224
P9WM67,7.399102071200129,7.353842108615964,7.250037758967546,7.459476951319724,7.423738354197966,7.377239448860266
Q97U30,7.138174559248132,7.476981311766098,7.451146303568986,7.4027508690112445,7.349980331400037,7.363806674998898
Q46920,7.351867585169119,7.466976431407408,7.402980803970701,7.502142020088712,7.361537062703421,7.417100780667871
P66032,7.582538683557123,7.405000452715971,7.578287317423291,7.2519684800621675,7.618070148752734,7.487173016502257
Q9HKS9,7.15566812233857,7.396549942056955,7.4120371575559645,7.535581893277421,7.270649721190367,7.354097367283856
Q8EJM6,7.744327402087286,7.87435071431194,7.513369965136904,7.7866631461025335,7.768750839621729,7.737492413452078
H2VFG5,7.323052227382014,7.383008734474123,7.311744633846148,7.354010313878192,7.312824503710294,7.336928082658154
P36205,7.159429953744382,7.375793481082839,7.333740902770153,7.222370057088647,7.1122121828979825,7.240709315516801
Q9SJQ0,7.339329178656149,7.735142435163173,7.824106034806958,7.604718640555337,7.758268912181425,7.652313040272608
Q6ZMB0,6.545724674337589,6.6846641008986225,6.818299891326854,6.725812466747971,6.678555359571843,6.6906112985765755
Q59185,8.214924853762465,7.919905470453896,7.977715011198928,8.11967276238655,8.10525049620954,8.067493718802275
Q7WYV4,7.776527739219107,7.901195107194945,7.898448797409122,7.6332145715082955,7.87977097813301,7.817831438692896
Q9C4M3,7.871603534452458,7.598437633634882,7.921191654631984,7.68717385942044,7.594056968383756,7.734492730104703
P33677,6.572100011997101,6.766219112933418,6.678103084092752,6.929280369758329,6.652653732108461,6.719671262178013
Q9ZAE9,7.348183099654737,7.483899421091492,7.357435799090798,7.418109354359164,7.379010844775488,7.397327703794336
Q9I676,8.289855251548527,8.64815264402878,8.765738152195155,8.631369252030488,8.816546304115107,8.630332320783612
A0A1D8GRD5,7.614373456593054,7.513479737471307,7.549369617724555,7.619011244244654,7.901832415511118,7.639613294308937
Q84FL5,8.403296821013306,8.229990473084532,8.290496735293237,8.33338723251585,8.374605561427275,8.326355364666842
B0SN40,8.221306509159676,8.056036790060883,8.003589114670023,8.06808784216469,8.20957392104349,8.111718835419751
Q46893,7.688017765177362,8.126056739040685,7.867963504938678,7.641020415999481,7.764937296230591,7.817599144277359
Q9HHB0,5.721319739031937,6.046105177330595,6.306050739863785,6.413029508605847,6.029846643737088,6.103270361713851
P37794,8.14894393249067,8.195002963762335,8.097045286639338,8.4131523112731,8.402286974553293,8.251286293743748
Q93X60,5.534846343000975,5.668672479125188,5.76046464699818,5.57329672853766,5.5511381378142,5.617683667095241
A0A0H2ZQZ4,7.839747349289063,7.746926844619944,7.753634727809713,7.806742526785861,7.868439891995608,7.8030982681000385
O04385,7.567450845336724,7.664449878207537,7.7862707645475755,7.814689615416032,7.625398767266034,7.69165197415478
P39464,7.17687797161962,7.475776955393563,7.269117628846573,7.3568580374398636,7.375934147015389,7.330912948063002
Q8KSC8,7.049014892713014,7.535603329645459,7.094676122102583,7.250710547752731,7.219209225285809,7.2298428234999195
E5RQ20,7.982161845590383,7.760454677167924,8.031762452688831,7.9311259624340185,8.013489639063765,7.943798915388984
A5H0J6,8.371360969573283,7.445607584417443,8.122531062801169,8.268675993184202,8.420070348642064,8.125649191723632
A6ZKY2,7.550788816170954,7.459325371064335,7.605083284904656,7.5065243399294665,7.454317614631269,7.5152078853401365
P68403,7.456762763093913,7.449797041385564,7.467870821114149,7.498840561609143,7.505948345194756,7.475843906479506
P37136,7.330156081138672,7.521822629117242,7.37691016266139,7.3412285212667125,7.449750636611045,7.403973606159012
B6SBM1,7.732436416090254,7.833339171809229,7.843850828928376,7.836272546660913,7.786433110574842,7.806466414812722
Q9Y5R4,7.538515388519562,7.532203628975453,7.563043833570678,7.419801711685372,7.533101349350839,7.51733318242038
Q8IBI4,7.601703744957659,7.5185260489532535,7.563343582340691,7.52247842368911,7.533900916325223,7.547990543253187
Q9SRT9,6.7828342898123335,6.736984707498157,6.761764407903442,6.844397384492625,6.773393189766891,6.77987479589469
Q83XK5,6.752372316184783,6.421348302391342,6.576441260424037,6.438388653586578,6.508631431784749,6.539436392874298
P13956,7.169109048801651,7.335309657325097,7.247278681296646,7.169859431551096,7.03034540179799,7.1903804441544965
A0A3T0YV67,6.607060448072968,6.661274563369864,6.5822666295367664,6.5396956238044766,6.604252468780063,6.598909946712827
B5DFD5,7.655047337201367,7.766564144453076,7.71870083298427,7.629737200857935,7.790770216400077,7.712163946379346
F7J663,6.320957687657184,6.57494523040223,6.553613861995992,6.471783024408762,6.639200348275442,6.512100030547922
A0A345K402,6.20743986970672,5.097753845046289,6.187984973537934,6.212967831350474,5.671303753504979,5.875490054629279
Q72L69,7.2230785027111395,7.438025394274632,7.482108336379131,7.546921389328088,7.52027396154638,7.442081516847874
Q9VZW0,7.2406958590851715,7.298281958894491,7.222954847716926,7.340291550357952,7.242548568151424,7.268954556841194
A1XBT9,6.513002992791996,6.574195749776976,6.645057358177479,6.846730870864736,6.708298138806041,6.657457022083446
O83023,7.2438540303293895,7.28754359552855,7.257066857919127,7.424229834290869,7.207966521557548,7.2841321679250965
C7ASJ5,6.874337751288412,6.721808628381137,6.3692697740399655,6.367431808437422,6.903626851684981,6.6472949627663835
Q53766,6.578488457331718,6.996247735704461,6.574466426621401,6.540193501000732,6.564951331924457,6.650869490516554
Q2PWU9,7.582158959178234,7.57527079588168,7.575730998840681,7.620011862759338,7.676644368279738,7.605963396987934
P23316,7.588068529528222,7.5594841714100625,7.6386967085184825,7.480164049899123,7.509055807297086,7.555093853330595
Q8KBL0,7.206170656638891,7.259487581040439,7.042359240975305,7.012982165679565,7.265027921507571,7.157205513168355
O95453,7.288134319628561,7.3872746654606685,7.242999684715597,7.338803443986707,7.26081180819606,7.3036047843975185
A0A085HKM4,7.647272604546168,7.551984172712534,7.493454471675159,7.681019046443469,7.492940057864335,7.573334070648332
W8SKF6,5.9884551485619415,6.593186665688309,6.4476002354708655,6.259186761129886,6.045319974199009,6.266749757010002
P47058,7.674751412685509,7.743885858407339,7.634362569251985,7.660011822292669,7.666543576701575,7.675911047867816
O23240,7.934818355074713,7.747835814861574,7.590503615267382,7.846079508130439,7.961502916431137,7.816148041953049
P28826,7.58797482719895,7.685577897366154,7.766102142599147,7.514571196666653,7.619370902716409,7.634719393309463
Q95JH4,7.374599629040315,7.420892254676112,7.378077250274431,7.478398394711462,7.399774648307739,7.410348435402011
Q08388,7.163330766562715,7.139515505115218,7.0627542107505725,7.1166895605398235,7.111043873451546,7.118666783283976
Q07510,7.671078115081794,7.479142758784114,7.542996861700274,7.633169175316933,7.637611174876781,7.59279961715198
P42220,7.443654681089422,7.253105755602629,7.379278988649883,7.292450536329774,7.316099447676386,7.336917881869619
B1Q002,5.865276380920347,6.033878006811839,6.063611439156138,6.00810993999235,5.79782083343209,5.953739320062553
Q9TTF5,7.227096012767612,7.0069284983780715,6.9193457245389345,7.227400844638932,7.177674180403827,7.1116890521454765
Q8CWX6,7.679208077003595,7.633565347587469,7.721578586519417,7.683907550430627,7.505140064812996,7.644679925270822
Q8GME2,7.459332298675626,7.540509606625937,7.4968966123981655,7.495132817211169,7.476236112244199,7.493621489431019
Q0PQY8,5.421453930693662,5.3796661222980475,5.178380830735485,4.664299439923234,5.297429372939245,5.188245939317935
A8R0Y0,6.051246954005165,6.398099293912091,6.034920379940593,6.271345546329725,5.885426656900046,6.128207766217524
P63146,7.517282303802057,7.514666998802486,7.52937888953969,7.475955168296419,7.522737786183701,7.51200422932487
C6JUF6,7.315666107192322,7.5370429003814765,7.40540756954221,7.5052036018715835,7.2988285845245064,7.41242975270242
O16843,7.563334722420958,7.724522567426014,7.683876731665305,7.744929361612062,7.559649907123044,7.655262658049476
Q3IL66,7.125215828671385,7.31261636626085,7.047006468343168,7.344754854071232,7.091375506246276,7.184193804718584
Q597B8,7.156066453870561,7.157899348547101,6.962730546082366,7.035604030460602,7.311316267763429,7.124723329344812
Q9RMM4,6.349692607887027,6.5638808814682585,6.616390716198299,6.504042434808168,6.672222448688415,6.541245817810034
A0A0C7DVW3,7.108944563437441,7.049890904635431,7.091124670103891,7.041975776064568,7.0963516682502545,7.077657516498317
E7FHY8,5.2253182958382,6.138084239456667,5.609143239926146,5.647245712255183,5.342686407496968,5.592495578994634
Q58439,7.469730514189631,7.359619726469676,7.163263192353263,7.3215510218332245,7.2259531936514225,7.308023529699443
Q13496,7.489605058002947,7.489403345522309,7.425073194275044,7.529822581811252,7.498803517729517,7.486541539468215
A0A0K0M737,5.206426518283502,5.019092362021421,5.238257939166442,5.0740433882801455,5.221192555073015,5.151802552564905
B3TZD8,7.400000042366527,7.538316210614441,7.505996217410312,7.400000117116806,7.400000027263919,7.448862522954402
F6KRI7,7.286889035691999,7.157039002315491,7.203525167179215,7.394665038947798,7.310120351164188,7.270447719059739
P73833,7.956254654376682,8.037706413869286,7.700046867087674,8.02330939878481,7.97129100364133,7.937721667551957
P22735,7.613684715328808,7.300256796241297,7.343971790826038,7.6266194037381965,7.639531644062224,7.504812870039314
Q875I9,5.80781083054165,5.657364824548736,5.683752563463088,5.932927054380489,5.9109420491166595,5.798559464410124
Q0P9D3,7.655700726444758,7.6968439243256785,7.533525341465509,7.6186683266126956,7.658192656777823,7.632586195125294
Q9KQJ0,7.414528708050774,7.492675577569438,7.449715051019043,7.5441814970180445,7.4668884970517695,7.473597866141813
Q9FPN3,7.5,7.422058749745538,7.41040166522451,7.3803603825038415,7.400802680897204,7.422724695674219
C7EXL6,6.79637363278016,6.9033329201250915,6.87561479869837,6.628773197829849,6.682129134473277,6.77724473678135
Q9ZQC6,7.08131067272216,7.241374931498852,7.335758059790451,7.316820995383585,7.198883557887186,7.234829643456446
Q4J6M3,7.6221459444117485,7.630652696577079,7.772046417708502,7.82712657543422,7.8030704627597505,7.73100841937826
Q9S434,7.595159312183156,7.516083536879847,7.576611240913071,7.708822950189072,7.63347116912391,7.606029641857811
Q93M81,7.175227259617865,7.277207763022728,7.261915842342119,7.20810749037366,7.169600787509845,7.2184118285732435
P9WP79,7.815786177489704,7.942520012341594,7.771016645717401,7.6290616568907845,7.765720290082888,7.784820956504474
C7GM47,7.452561898859598,7.648125289497125,7.47862547275593,7.468102151145996,7.489972239417897,7.5074774103353095
Q5JNT6,6.95760217753236,7.348741913168563,7.305177911478335,7.304394084904056,7.309517088624487,7.2450866351415595
Q56232,7.530224929854006,7.730055673103159,7.782464107461848,7.702999363249354,7.780811862295404,7.705311187192754
Q8NK02,4.938248018342184,4.997113960290838,4.900576396430913,4.995809023402771,4.968932127242423,4.960135905141826
Q8K2C8,7.489624391327288,7.440768512778844,7.470866362374238,7.433921434644596,7.499619696771223,7.466960079579238
Q8NF37,7.359246423371015,7.356124878019646,7.352989775888227,7.33506643947965,7.350255023750769,7.3507365081018605
Q2UII1,5.369050937722573,6.378910694112646,5.937185540064347,6.235891717958678,5.792130399500731,5.942633857871796
C4M4T4,7.486238874397223,7.613055997761698,7.624785512188948,7.5817080802460115,7.78774849748258,7.618707392415293
Q8W000,7.472848362159457,7.416359659717518,7.444990990944954,7.450053193672335,7.523627870045175,7.461576015307888
Q7SCE9,5.360930367040734,5.958310580599655,5.766507304203525,5.563493942338985,5.399899685549,5.60982837594638
B0BNM1,7.213608022057139,7.26000787658371,7.216484410710972,7.229942875902228,7.201048246262184,7.2242182863032465
Q24JJ8,7.493435989913605,7.588882481241235,7.597377324373207,7.505164440708531,7.488046519168291,7.534581351080973
Q8KBP5,7.462895725135768,7.612214524601148,7.743206057158211,7.706307277866214,7.291699169264737,7.563264550805217
P80561,7.609176630369072,7.500418275344364,7.441451653951701,7.521923283144626,7.787907212006695,7.572175410963292
A7U0E5,7.588666569553213,7.590810238888151,7.724916237072254,7.752578545397984,7.591642397674052,7.64972279771713
P94494,8.656425493685822,8.489790383285563,8.685991549275585,8.699986793233101,9.026539907492081,8.71174682539443
H9N839,6.961143413125996,7.3083505890376745,7.027163732677732,7.235667243052862,7.315748087182731,7.1696146130153995
O48945,7.674265621522753,7.489722879715339,7.551004333125947,7.66126078273532,7.639362459144978,7.603123215248867
Q7MAW0,7.968393907156162,7.951147536254549,7.939987342357479,8.245002902384343,8.039476885192887,8.028801714669083
A0A1E7YQH3,7.042437015499361,6.892589707092109,7.096988095572369,7.174866000368993,7.215108965386625,7.084397956783891
D0UHB3,5.938510087035379,6.224255807858308,6.052746053628143,6.048206790922223,5.944002005869594,6.041544149062728
Q304Q4,7.450281116588828,7.425446462794968,7.4441292028255805,7.45894997143078,7.461737454840309,7.448108841696093
Q9UNP4,6.438162377379156,6.757024789158066,6.9553107971029275,6.575802107047901,6.384290105918707,6.622118035321352
I3W8N1,6.273170554832453,6.309145448897608,6.23826496736786,6.232507201930922,6.197628267736678,6.250143288153104
C3W4Q7,7.794710073915779,7.7183953180497955,7.7685876372359175,7.761723221800326,7.76154056881713,7.7609913639637895
P21643,7.391339959160746,7.501587463059787,7.324887274587077,7.3676528481553145,7.383671914452251,7.393827891883035
Q65MY7,7.588968164949373,7.6656196728202755,7.663112687295381,7.487986823559481,7.681322239194911,7.6174019175638845
Q8R3B1,7.237378083248753,7.393586350762779,7.151654627894013,7.144226800482123,7.220101847447127,7.229389541966958
B2BSJ7,7.501632621729627,7.422733171447007,7.250225093917807,7.325448828019983,7.3400196761786995,7.368011878258625
Q93TJ5,7.719699235320641,7.732372495572651,7.88003802727656,7.870548008446807,7.83218574318411,7.8069687019601535
Q96EK6,7.364464050458032,7.43911699360895,7.489636696746485,7.5022986099557,7.524421846949957,7.463987639543825
Q9C3Z9,5.308986010143661,5.385699784850995,5.108274000579048,5.410172470811437,5.1859990823572675,5.279826269748481
C5NU54,7.143817802136883,7.308087256373191,7.265990687060204,7.311549470514388,7.164139505316314,7.238716944280196
Q8GZD8,7.987191505985287,8.009518410687171,8.052750412571351,8.070330166763469,8.124470387344438,8.048852176670342
O47881,7.992558829279307,7.89927989461396,7.804026050474436,7.9605476608524,7.9846292600817215,7.928208339060364
A0A098B5G4,7.200000203046824,7.200000369658037,7.200000185091735,7.200000380082928,7.200000267203865,7.200000281016679
Q8NCG7,6.8606998244492825,7.479023529290783,7.267053990535028,7.145970212348933,7.123878618267234,7.175325234978253
P06721,7.364095583421388,7.169933412045209,6.701835700347969,7.458758916890742,7.62559304966914,7.264043332474889
B4XEK5,7.049425215647636,6.585464563790503,6.569662341008753,6.814266422399869,6.505978690919976,6.704959446753347
Q12640,7.742966527729764,7.734232738732169,7.675505782144275,7.7559373636073214,7.6291917729957035,7.707566837041847
Q6R4Q9,7.961259850672047,7.933946746260253,8.014667101638777,7.867851377066776,7.808231437929127,7.917191302713396
Q5JBG6,6.695173742278174,6.937841327931981,7.048155397039675,6.597896741394345,6.429150935930521,6.741643628914939
Q5SJC3,7.128620649619634,7.273595318678875,7.419501245473299,7.308812021656303,7.382467441774967,7.302599335440616
Q9SE50,5.830691511553292,5.5675553655118115,5.95561487565485,5.868634874225982,5.903504814444771,5.8252002882781415
O93647,6.417121721262823,6.526239417964717,6.821418471374855,6.21046626805436,6.064158927020008,6.407880961135353
Q108P1,7.5635081581898,7.463240508181,7.651042435537429,7.467685934400874,7.53404928843524,7.535905264948869
Q57501,7.545748771430231,7.767670712392688,7.629165596849443,7.476684705858831,7.479613138891372,7.579776585084512
Q8IXK2,7.291191932046558,7.2374891235072,7.170172524156992,7.082800929491397,7.138779577475175,7.184086817335465
L0N6Q8,5.1287115938928345,5.238117906162499,5.226594636533266,5.010812758176833,5.319164727520528,5.184680324457192
J9QYL0,7.093699274079077,7.053353348949617,7.067648243359114,7.039257577736521,6.879450401516766,7.026681769128219
Q8J259,7.307868614920677,7.38678073749214,7.302807282590607,7.317540710075496,7.395813927512258,7.342162254518236
H2IFE7,7.706592788838021,8.211572756486493,7.99194940897849,8.069616946961357,7.554642909696351,7.906874962192143
B1HP60,7.449154908028347,7.284471078332132,7.3793445674145755,7.0293847963403655,7.318058857106529,7.29208284144439
O59828,8.387296873291604,8.35272151802004,8.294375482072509,8.445585006521299,8.626219823881133,8.421239740757319
P39476,6.829079940483823,6.91477354641745,7.215978274755574,6.516509693812948,6.836917543348097,6.862651799763578
A0A0K1E2F9,7.793302353332512,7.589183326105221,7.699675421892541,7.611578481607461,7.641127383872414,7.6669733933620305
P00736,7.676724316935567,7.694233905664467,7.769604106112445,7.450211108960885,7.623100606039065,7.642774808742486
O75795,7.416802685419176,7.415620243948287,7.415682132325401,7.392825791676023,7.414496237751936,7.411085418224164
A0A0S2VC96,8.770947173539899,8.78443236779815,8.74230261400043,8.800145858339551,8.835643954184565,8.786694393572517
A0A1Q2SVY7,7.611599372690968,7.579117136409958,7.6362265757692125,7.646393792284842,7.587218998257159,7.612111175082427
P51852,6.853196988273982,6.913476032577593,6.775038099710274,6.863656866023989,6.6870293093508835,6.818479459187344
Q9RP48,6.423723246516369,6.600858988773931,6.60070158980159,6.423364324890445,6.41576719537742,6.492883069071951
Q96YR7,7.177465702581165,7.3805923049888476,7.29953173365732,7.335985497712635,7.3484954759522,7.308414142978433
Q5Y152,7.6294443691891445,7.764185284362459,7.566328121473775,7.7572065788922675,7.591957696346103,7.66182441005275
P16116,7.089872717290758,7.021728092845898,6.848749849563121,6.916416320192338,7.045521840951645,6.984457764168752
B1NF19,7.601723926785859,7.504336217883952,7.507617487346559,7.5183285648553095,7.531782337376014,7.532757706849539
Q59632,7.763642919133526,7.825604429682964,7.799215596414028,7.713907182013417,7.669026407536624,7.75427930695611
A0A0K8P6T7,8.047017539774194,7.950219459486571,7.863215079914466,7.759725447518475,8.113520463949765,7.946739598128696
M1R367,6.174448855403481,6.09572487698402,6.217432254317024,6.28625145289579,6.057944238422402,6.166360335604543
Q8MJ30,7.163176935518917,7.482421563227709,7.364425984001752,7.480325085524826,7.424472366083889,7.382964386871419
Q9SLA0,6.222347080069365,5.6321553930462045,5.967908765193557,5.933659630474075,5.812573793442462,5.913728932445133
Q87EL2,7.431563972995536,7.5882144408632195,7.508919806353635,7.300413247622627,7.117521428178211,7.3893265792026455
O08796,7.43230490023114,7.326101398043884,7.405945973678511,7.392446378139418,7.430279678088663,7.397415665636322
A0A4P8XUU6,7.579325181142988,7.377315928897639,7.5345288398558825,7.406746453087283,7.458028968935691,7.471189074383896
O00085,5.332687980260637,5.091298326626246,5.034501366833584,5.190690786283989,5.177460023457679,5.165327696692428
Q9AEP4,7.419567385383765,7.203733671027242,7.319349338642643,7.193147620371186,7.463921210405022,7.319943845165971
P48643,7.783405031121387,7.773545033041121,7.795060594694573,7.654852629565659,7.7870066820882355,7.758773994102195
Q9WZP2,7.353183772315877,7.5434527568040455,7.3987264296823545,7.463013828575705,7.5071680132363605,7.453108960122869
C9WPK1,7.2882060839779115,7.347305407357668,7.3373551512667134,7.2785282933495665,7.236439996770223,7.297566986544416
O67644,7.638600936431256,7.7308842385168495,7.879956059824488,7.72493756842418,7.785437062972068,7.75196317323377
Q5B5D5,6.394531338112345,6.895897362748286,6.487056272455945,6.29594445736233,6.417886390912272,6.498263164318236
D2T083,7.792047438013977,7.649420829680217,7.411871901908349,7.626238050590915,7.811699909490396,7.6582556259367704
C1LT16,7.548567117410194,7.552923520020583,7.742718683126927,7.7099030441275715,7.595487716936123,7.62992001632428
S6CFJ1,8.010509308362627,8.05148087062321,8.11884949936654,8.092348492704486,8.397229288538831,8.134083491919139
E2GDF4,4.825570760104323,5.201894842032871,4.984931059530224,4.920500150385335,5.016991348761046,4.98997763216276
A0A0P0DIY6,7.502718349636972,7.511263151310778,7.493366898672032,7.417902076646521,7.421169790730165,7.469284053399294
Q96EY8,7.615371245163502,7.643824679175927,7.719058611012738,7.521126259384802,7.581719846973586,7.61622012834211
Q58499,7.502481929480715,7.503285869580041,7.592079994267528,7.70713988895983,7.3942918885508835,7.539855914167799
H9ZGD1,6.380082834131439,6.5614417486453736,6.484011800132491,6.429888097401165,6.643409978727117,6.499766891807516
P54493,7.552940832165785,7.492776141444054,7.52430016045773,7.363073910038693,7.4040687753436405,7.467431963889981
G4XUJ7,7.799210378325901,7.790491740150475,7.721164500890515,7.732166990079804,7.84176643372019,7.7769600086333766
Q4JC35,6.692912179971518,6.580206228173802,6.625186327478591,6.356834654097058,6.486594346516421,6.548346747247477
Q96G23,7.462229099920826,7.4451865091938165,7.436146300403384,7.435674400184535,7.459424766006228,7.447732215141758
A0A0H5BR52,6.671874384579934,6.762935264132236,6.907450544597602,6.780327846186902,6.8111541930053345,6.786748446500402
Q8TFE5,5.121047726480768,5.277170346070631,5.082451848881329,5.021488384804918,5.090387585751564,5.118509178397842
Q9Z2D1,7.58949253998155,7.433260579686392,7.5561174347436015,7.60177380729092,7.689992756762044,7.574127423692902
Q5A6L6,7.374027923068853,7.4297954491630644,7.507818070287257,7.279166915517177,7.407450678643311,7.399651807335933
P52917,7.458874528925473,7.497448197512625,7.482745862692203,7.3999402322669,7.3900911029775695,7.445819984874954
Q9HA64,7.538428012542409,7.554201997164373,7.5697501912326794,7.587825896413397,7.538758252183531,7.557792869907277
Q5BLZ6,6.448396240342558,6.6503251359867335,6.37550940482331,6.596992478852242,6.490329890537302,6.512310630108429
O95363,7.545864648434465,7.677022649420567,7.6039727018453185,7.735404322048092,7.637142624660731,7.639881389281835
Q82IZ1,7.340193982495007,7.533514228741206,7.289798906867773,7.296385883896793,7.259755780117649,7.343929756423686
A1RX09,7.45245545227573,7.384277772567127,7.245489413314945,7.340932769145578,7.10856109535534,7.3063433005317435
Q9NYA1,7.326777515916195,7.270232831540719,7.3231451200302935,7.264743246378508,7.314503814030674,7.299880505579277
Q709M0,7.536521397872486,7.491808727863626,7.458894174404605,7.498516817846987,7.447629126896447,7.48667404897683
B3VTK1,7.438208910694183,7.763962118807132,7.784032681034836,7.9655785091439135,7.972331675482957,7.784822779032605
P09871,7.674154803266617,7.689538798739342,7.712593977326515,7.511423407729004,7.6617058242681075,7.649883362265916
Q59825,6.163692308560085,5.807001127618424,5.270781059495305,5.361442142129636,5.480940170190998,5.6167713615988895
B9A1J7,6.32099353097353,6.667452157448783,6.615815202391337,6.834941733659865,6.815930004159052,6.651026525726513
C0IRI2,5.739544477310409,5.756182415961351,5.707521914955467,5.806101232201681,5.768824648579963,5.755634937801774
P21396,7.513325129909347,7.760552625626616,7.729506281883996,7.6616759702971144,7.63790205913287,7.660592413369988
Q10LH0,7.077911653586599,7.096874858936747,7.102040920904706,7.068027306707538,7.043187536512506,7.07760845532962
Q27793,6.983734801339683,7.194128477818715,7.153062537177053,7.073830991496484,7.471676513838032,7.175286664333994
P0ABJ9,7.3560051600023755,7.476464506367524,7.502609474504078,7.531762012353491,7.737079570309421,7.5207841447073775
B8E1U6,7.330174847011206,7.369660154536568,7.450177046955986,7.322965356132167,7.377859906909895,7.370167462309165
Q44492,6.944330222733623,6.845737531085728,6.751139743528286,6.720009120744379,6.885175331177498,6.8292783898539025
O28778,7.001392644947018,6.993803758673827,7.008126814577589,6.6200296997215755,6.87926018578498,6.900522620740998
Q5YYQ3,7.489371278145534,7.599249749184555,7.5817606820091115,7.445335540688456,7.441876948733365,7.511518839752204
D7VBA0,7.922994242330593,7.831427692687143,7.769081806557786,7.715013123218577,7.677993569243997,7.783302086807619
G0HQ31,8.059104866754309,7.88318553284401,8.066390283459075,8.168993314536337,7.979252384661021,8.031385276450951
E9QYP0,7.50000002945624,7.500000028957566,7.500000023567335,7.500000053273344,7.500000025964765,7.500000032243849
U3U992,7.719770166844084,7.575721244613723,7.607521899916463,7.53118664186564,7.699766312099793,7.62679325306794
Q0SE24,5.229528886957281,5.344563800381938,5.984337553088668,5.041892231970136,5.68118164412107,5.456300823303819
Q8GR45,7.262718590506266,7.60417201594068,7.44259619680501,7.487604860957814,7.453152634030465,7.450048859648047
Q04609,7.875277780652273,7.458348667213718,7.7759230906938654,7.5897502899804214,7.636277874651087,7.667115540638274
P96091,7.233451579352005,7.375656332949753,7.682801973809095,7.381653564339682,7.413163447219315,7.41734537953397
D2YZL5,5.038068560590474,5.320393501097417,5.125432009383103,5.32898217625562,5.14440507215527,5.191456263896376
Q32L40,7.691136747838067,7.7042091325650155,7.705580835038514,7.658688042067625,7.82990313009539,7.7179035775209215
Q51548,7.652775825817313,7.622491752148055,7.678868770773446,7.666834162643028,7.570099729914172,7.6382140482592025
Q92LF6,7.404825079771346,7.24231740546228,7.233762806630008,7.2856500647253455,7.378752331225758,7.309061537562949
Q0CQ16,7.513673323114767,7.553287476430688,7.555904516531127,7.618686375957971,7.485238116233273,7.545357961653565
E8ZAP2,6.717849454484151,7.072014469588236,7.018592178403878,6.918455153333723,6.937667636566264,6.932915778475251
A0R4I6,7.712873938739488,7.720519671273369,7.754427068152058,7.824472614921929,7.614279437004604,7.725314546018289
Q00535,7.289748391468785,7.270256572176308,7.245827259611524,7.196030329315324,7.157520446991418,7.231876599912671
D5DCL0,7.603509497324775,7.527257144490236,7.5440537867961215,7.66110250243601,7.528252473981666,7.572835081005762
Q55777,7.844906677580644,7.72036377119139,7.711140531187596,7.843149460010931,7.881472807042384,7.800206649402588
A0A286S218,7.673890532693058,7.906548822199468,7.552179774380036,7.73237956101322,7.757895011590932,7.7245787403753425
B9K0V9,8.043083505955405,7.954297854104096,7.781934370015745,7.632013061001608,7.759968298427947,7.834259417900961
P48418,7.5,7.439423403376436,7.429380141052905,7.401788221694224,7.419793410257293,7.438077035276171
A9ZND1,5.929591011573455,5.979324984747072,6.122526575422765,6.029078953774028,6.003836922102348,6.012871689523934
Q84KI1,7.510978056563948,7.462467444271053,7.392882192932077,7.4837452935389255,7.471934049327524,7.464401407326706
A0A0K2SQX3,6.062677913658424,6.0648471561868025,5.93504517085872,6.084695317411507,5.956216801828617,6.020696471988815
Q1JUL0,6.27037752677477,6.587442920554013,6.235860553341024,6.363566432328028,6.006693271060392,6.292788140811646
Q6R7Z5,5.1532567274373156,5.196758787328839,4.943498156889544,5.405093704571212,5.174808744917809,5.174683224228944
D2RIQ3,7.343731774715074,7.459985622190789,7.412714215323726,7.509494919177937,7.480160959915229,7.441217498264552
P27680,7.688318138256886,7.726815561897165,7.579310205669711,7.66957323105909,7.675658878120454,7.667935203000662
Q88JP1,7.573415935219281,7.992428111612272,7.829219169788037,7.715119682175178,7.908478734849489,7.803732326728851
A5IKD0,5.402329535316293,5.605742220053146,5.3742826113497015,5.656298421082055,5.25523432682596,5.458777422925431
P22319,7.210604299872189,7.406183167422534,6.923409757196378,7.391498103511951,6.979011341982192,7.182141333997049
Q58134,7.11864697892622,7.488665154250016,7.622328923372493,7.750126255084409,7.391102224430954,7.474173907212818
Q13126,7.704132566160269,7.456170654402479,7.536336815209457,7.54354507639961,7.7254177929334595,7.593120581021054
A4UU36,6.739019677525199,6.849696566161503,6.785347831695972,6.66675280981122,6.912878929945671,6.790739163027913
A0A191T887,7.346168185015222,7.270035696364172,7.3302450623340825,7.235491351109287,7.2103353253313385,7.27845512403082
E9NR87,7.287596582065751,7.230757260318271,7.220757697590117,7.585058922691768,7.399949731989983,7.344824038931177
Q9I4W3,7.860929668171952,7.745838099295475,7.789646067195196,7.824248039494424,7.725827971004798,7.78929796903237
F6L7F5,6.789742644794536,6.603061223096004,6.569599894248203,6.48326196988682,6.464463433028839,6.58202583301088
P54577,7.6217634975979065,7.607213947848348,7.633724878189852,7.723661368513801,7.588978811636347,7.635068500757251
U3KZM8,7.280642796639013,7.328976633627308,7.342811150287098,7.411020420166697,7.403196419039665,7.353329483951955
Q9X6R4,7.527988746260368,7.511496968933576,7.433054733778895,7.507222855248589,7.326739746139639,7.461300610072213
P30986,6.6126525723882335,6.6952180365658664,6.690515831993625,6.648254013460033,6.552637477689375,6.639855586419427
Q9S5X0,7.7566846870750314,7.6579530099839594,7.813408380016909,7.582147288521503,7.755898670062025,7.713218407131886
V5RE14,7.403574897402731,7.272175333592331,7.163746057201685,7.100778110111456,7.169381025335902,7.221931084728821
A0A2U9Q8M3,6.579499805634718,6.28069598922604,6.0442925386792234,6.434518335624951,6.515616201742849,6.370924574181556
A3MWL6,5.943338016418404,6.309805266618996,6.205629705032942,6.102873715055079,6.180585901601185,6.148446520945321
F6IQ86,4.104802870836949,4.263566414607821,4.055526216982179,4.336214966739276,4.06565643504715,4.165153380842675
Q3L6N4,5.542894270236722,5.783182450105762,5.789124262350873,5.96844240773775,5.591132432935234,5.734955164673269
P79208,7.634847455140475,7.578004965878868,7.554531908908075,7.5761230063178395,7.750297400717509,7.618760947392554
Q5GHF7,7.890919440649756,7.718764356481344,7.454168286866352,7.465505305959274,7.362056669612144,7.578282811913775
A0A059Q746,7.477276669843498,7.345663669565434,7.493165103397865,7.195263351165984,7.515335433117016,7.405340845417959
Q92819,7.123917105409918,7.083870060081754,7.11206235833467,7.1232979113580726,7.120571777080001,7.1127438424528835
Q4H2B4,7.230189681915457,7.227098928623375,7.29433257233045,7.225890225782289,7.288894290680094,7.253281139866334
P99159,7.038714913563306,7.24355353180548,7.201219502640621,7.193429487124105,7.214648133780174,7.178313113782737
V9Q624,6.299849461639203,5.872494592124579,6.511830729106161,6.323146219705184,6.388008628722294,6.279065926259484
Q4J9M2,4.559859779273321,3.96673807527048,3.3613771903655763,3.5896191509427484,4.1832750610293115,3.9321738513762883
E1APH5,7.2313423868857845,7.00275986246092,6.766378507622109,7.057519039203362,7.251775945065535,7.061955148247542
Q9LDH0,6.486395496071484,6.6218979240917495,6.763868988969714,6.617698497302129,6.763465642178064,6.650665309722628
U6A566,8.440140939803342,9.018473768066192,9.029894052944611,8.899579582943181,8.647461283688056,8.807109925489078
A0SWS3,5.681700946567499,6.21225035658567,6.011848394879524,6.074354575151692,5.8584577205481825,5.967722398746514
B5U8J7,7.602852925514628,7.501671643515296,7.550289055542642,7.535050407315184,7.558281972466803,7.5496292008709105
E2G4I9,7.304691830975869,6.948777284367672,7.134847540920203,7.007198115936749,6.9956283042287,7.078228615285839
H6WET3,7.200000000000001,7.2021744739423745,7.206483232235435,7.2015284146971705,7.2,7.202037224174997
P31072,7.883935634290971,7.91374137748754,7.95504111611965,7.531371725777154,7.917025499460243,7.840223070627113
Q76FR8,7.504540381847788,7.4385731981687835,7.487974623289496,7.406261438581133,7.480312891972011,7.463532506771843
A0A286XL02,7.654822234752352,7.325201748416831,7.24276913620554,7.6509024844897695,7.494298970405157,7.473598914853929
Q5U925,7.46631902650989,7.593081959708753,7.399649092761006,7.71546226291596,7.393235422642579,7.513549552907638
B3LF83,6.663334195054285,6.8197474128853965,6.613382055918896,6.525559362054485,6.552119157561226,6.634828436694858
A0A399G7U0,6.109204386166627,6.201985598896822,6.065024679971221,6.118139171964503,5.953976823779811,6.089666132155797
A0A061D1S0,7.5072929688178665,7.8682682419338725,7.896925433155797,7.807017130591848,7.788606644486961,7.773622083797269
Q9JII6,7.399999795063907,7.399999377211714,7.399999622226556,7.39999939525916,7.399999634223744,7.3999995647970165
A0A2U9GGW3,6.682077182607474,7.045152166344055,6.967414157233839,7.19563518792447,7.1326325868545855,7.004582256192885
Q90WM1,7.643815753817986,7.109326033736435,7.3536011372840875,7.39136724773116,7.662930583794664,7.4322081512728655
D6RU53,7.574376900065619,7.43130393447388,7.624939212813575,7.384945801931309,7.306376104434035,7.464388390743684
Q8MVS0,7.295713013553499,7.220484865805785,7.419870602826775,7.412801687807919,7.388423768339617,7.347458787666719
Q97W94,7.3835535669111945,7.565274848056538,7.4939545610374205,7.5841643275637285,7.485814890203127,7.502552438754401
Q7WZT5,7.372811443486228,7.546626012918805,7.219087991053017,7.280680982712321,7.287494292497046,7.341340144533483
N1Q9R6,7.02977085744263,6.980073598515224,6.997111473370348,7.360904843581894,6.991604480381559,7.07189305065833
Q3MUH8,6.325535748706187,6.564408730523978,6.451719803692207,6.1800063548351165,6.353714026260163,6.37507693280353
O97071,7.528463053746351,7.455441938851768,7.560442542310906,7.574803793617004,7.419724886824779,7.507775243070162
Q45NB2,7.580500541309727,7.563968356513163,7.53621205258395,7.589951373832626,7.5794365117062,7.570013767189133
P0A870,7.289498607606712,7.4559264441544,7.403996070262256,7.3785183151967715,7.356911823089671,7.376970252061963
Q147X3,7.537942069179893,7.43210655054634,7.643561412750928,7.733902874139579,7.799523076252387,7.629407196573825
Q3Y5A4,7.4874608712924475,7.801551428247614,7.5966603100502805,7.638226270260225,7.637205002552211,7.6322207764805565
P06634,7.4781600717882055,7.58924910567614,7.5539158708119825,7.519433918699981,7.6153856750111055,7.5512289283974825
W8QRE4,6.407546078444602,6.4005944065261495,6.466422678344124,6.681549598339988,6.498095163325735,6.490841584996119
Q63159,7.736842967413072,7.518214214836576,7.63084812845238,7.508098599438013,7.512083145370526,7.581217411102114
A9YWH8,6.111314413371259,6.1601010908982525,6.413471743496439,6.061021121279055,6.061987684072287,6.161579210623458
X0M5X0,5.992761757005887,6.0272873376860865,6.025485304883706,6.074309356434853,6.170879054857966,6.0581445621737
A4UA16,7.5437411521014575,7.562887886968487,7.539743659193203,7.784838910987964,7.463707378977196,7.578983797645661
P16406,7.369456508774553,7.134079653847053,7.17711956764056,7.141904863771206,7.24332065863152,7.213176250532979
C6FJG8,5.043909257936262,5.681530065054959,5.604811561520565,5.518248977941053,5.144056301713976,5.398511232833362
Q306W4,7.539176594309705,7.444200398241422,7.65719880249432,7.380118345633422,7.529297815098952,7.509998391155564
Q96DE0,8.002382515015523,7.717786190384407,7.840889454957251,7.81038368910481,7.85515054961214,7.845318479814826
Q9LA16,7.694734623431579,7.801456201518969,7.962176641196194,7.944294156280185,7.952254431284556,7.870983210742297
Q2HQR8,8.55313158177492,8.408683226824508,8.464532347666516,8.4892416421697,8.48591146059617,8.480300051806363
Q2U4P3,7.337022235104348,7.284496253190262,7.305156254108871,7.32205203211614,7.5762557638305505,7.364996507670034
O59445,7.983985473131968,7.877697518932828,7.8307510313503945,7.886724701908651,7.940746977482034,7.903981140561176
P14489,7.169838000828878,7.381388934478014,7.508335613264671,7.25712741305296,7.241595912926502,7.311657174910205
A6Y9U8,6.359418069575511,6.094053386158355,5.976924190411473,6.214984643896393,6.4701190167748415,6.223099861363314
P44046,7.622895788888311,7.675316219448013,7.5126649693490535,7.758812217257891,7.899906945194138,7.693919228027481
Q9LCC5,5.678514341839587,5.907199344085264,5.963217831536307,6.11474918829863,6.084485182440413,5.94963317764004
A0A0K2E5X6,6.979885388678653,7.044586552141806,6.969915676177591,7.298098871884671,6.844212763599211,7.027339850496385
Q92R47,7.619215375693291,7.622616154665122,7.567967802892202,7.557641577940545,7.466993451150351,7.566886872468302
Q9FK25,7.567601366969079,7.631089540543316,7.786462346922912,7.816238337789528,7.631339038413527,7.686546126127672
Q6F3I3,7.328725128924206,7.357203230261362,7.290940003550739,7.347437262640579,7.285057505639604,7.321872626203297
B2DEV1,7.311427556605864,7.72508896088361,7.595519275303905,7.6689817596569165,7.623240043188419,7.584851519127743
G0UZY5,7.296502166884149,7.060096357872522,6.893068105212995,6.850532995613429,7.117830691931009,7.043606063502821
Q4DGV2,7.260816258570938,7.33420240128608,7.273681819482988,7.246756544166274,7.956956939741879,7.414482792649632
G0SGU4,6.6261256084483815,6.964829510167411,6.791537302576421,7.0010451110537,6.698478360894298,6.8164031786280415
A5XB38,8.180990473154353,8.195437311912471,8.319636067513073,8.072487758478509,8.219838012057654,8.197677924623212
P55984,7.55747261624785,7.705489028630831,7.786810039452584,7.654268994823359,7.774489104281194,7.6957059566871635
B6SBM2,7.913270077473429,7.9967232096856815,7.976005163617413,7.924695069725589,8.036520808759729,7.969442865852369
Q6RHX7,5.8181785109169555,5.726294154867299,5.857154195728942,5.815118685053509,5.80073840700971,5.8034967907152835
P08303,6.866159700849231,7.215592125685745,7.166797099556657,7.163744692992168,6.865297322895193,7.055518188395799
A0A0E4B3N6,6.802709209492429,6.574636934509997,6.447402156793693,6.727299609464572,6.60124845115465,6.630659272283069
A0A0H3K9R1,7.500000030145905,7.500000075878708,7.500000050272945,7.500000034848939,7.500000110559961,7.500000060341291
Q1HER6,5.070595405448142,5.154816336916612,4.998501020018724,5.357005420537442,5.093778888047325,5.134939414193648
Q86D78,5.517378810595702,5.550738004791504,5.870378177386002,5.496244230848009,5.416601846410194,5.5702682140062825
A0A1G8DI07,7.809071837249328,7.412567696059757,7.726779813986369,7.222833012945488,7.095533625751858,7.453357197198559
Q70G56,7.0129003540417365,7.309759042896342,7.132233917863445,7.178647599124432,7.030436998610579,7.132795582507308
P23381,7.555538453715824,7.529729419264115,7.521972637726353,7.5118228667500855,7.4983668804929575,7.523486051589868
Q5ZXE1,7.751688805511856,7.80289930341787,7.796593905278001,7.949123213497927,7.787507207201464,7.817562486981423
Q8U3K2,8.31305808836516,8.221672870217343,8.32605713620106,8.033007167497642,8.331542665958349,8.245067585647911
S8GJB1,6.922299017810037,7.241589434446677,6.984805939664996,6.829862011905162,6.810474744042233,6.957806229573821
Q9UUB1,7.531492920018838,7.677122356727658,7.680184776964516,7.6144083474211675,7.503468733830987,7.601335426992634
Q9DB60,7.356622851123143,7.397230569952869,7.463403292587486,7.388934441995504,7.358428611334027,7.392923953398606
Q6XMI1,7.731724246861998,7.7835353273658,7.7539612433863,7.626538296699167,7.7072825220802645,7.720608327278706
Q9X1V9,6.2150050558458405,5.912192969379067,6.085183353391105,6.3057317615871264,6.235905055524382,6.150803639145503
Q9KPK8,7.6839497996762764,7.698997783736886,7.740417335583425,7.640434268906567,7.717142465044033,7.696188330589438
Q9CAF2,7.577173961003691,7.626578189086491,7.663921020663867,7.7872860283952665,7.757505451307985,7.682492930091461
A0A088BCU2,5.831443920878268,5.820510430111348,5.9125057437800566,5.738983076024934,5.630952212897611,5.786879076738443
A0A3Q1MVP2,7.455584739224847,7.427111037151569,7.441230481793055,7.432699919752743,7.45043078744074,7.44141139307259
A9BHI9,7.6460002988953,7.9059633063962345,7.596645246907569,7.72283473581129,7.5060269852981305,7.675494114661705
Q9SPV4,7.470995956590534,7.539116005173245,7.443854596589591,7.478877767221665,7.3571001661870605,7.45798889835242
P00698,5.476809769206529,5.487347597562555,5.456935201913608,5.557978559749486,5.422657861622167,5.480345798010869
P80313,7.817964649390893,7.810730244808852,7.824875513710058,7.791686389477665,7.865872382070301,7.822225835891554
P04063,7.46241813458699,6.8626199141638935,7.061324968508828,6.7249161409341,6.44685789673509,6.91162741098578
Q9K2N0,7.200000000000001,7.2642153515410905,7.225230772346149,7.220954634875177,7.200000000000001,7.2220801517524835
Q9S5E2,7.4976766657590606,7.60657111390917,7.524587851077952,7.375677887170122,7.328067029408617,7.466516109464983
A0A0A7HLG5,7.577286806789976,7.622470077926712,7.5393360181558275,7.425101619336807,7.706230550047711,7.574085014451407
Q5U924,7.328309639313146,7.6338550824415545,7.512946306956233,7.514185442370718,7.497920224977162,7.497443339211763
Q8ILW6,7.645069881597573,7.446634447306247,7.662269703607888,7.524594711301,7.557681103622153,7.567249969486971
P0A9N4,7.531420526416772,7.528844727169117,7.581764235848832,7.833213888044387,7.854293820789316,7.665907439653685
A3FQA5,8.5135608461598,8.480190603961077,8.629809723736923,8.666208966772091,8.88884901683179,8.635723831492337
M9VTY8,7.075833851096272,7.120760328347448,7.034309659100282,7.050134381193589,6.928638061842721,7.041935256316061
O66064,5.7276300473862936,5.486426515491431,5.941260072546338,5.8561560158608845,6.00619322491735,5.803533175240459
P9WNS5,7.305395443335076,7.505011675005467,7.434863226429643,7.4535289176009165,7.4256783009136855,7.424895512656957
K7ZBX8,6.926643510186756,7.272645392197374,7.1962409999672685,6.694483876705718,6.962132228419808,7.010429201495384
Q05193,7.507280483783015,7.48063669389974,7.49467662139296,7.513615791777214,7.495733576420978,7.4983886334547805
C3VPJ1,6.069251694277754,6.166425706361353,5.929931900970093,5.826998121929799,5.803562228041489,5.959233930316097
Q02724,7.719111755943388,7.737487012525241,7.726036189065546,7.582793565928576,7.687398912296121,7.690565487151775
Q2VPS0,6.93643499471214,7.196256353612562,6.9971192282070716,7.061336889333095,6.907587137553726,7.019746920683718
P17560,7.531368002705612,7.448904327158482,7.406778572233696,7.581167894141839,7.366106795894174,7.46686511842676
O33838,6.408099371416328,6.600294573918845,6.415844536288716,6.505286416240747,6.286677840257974,6.443240547624522
Q84NG3,7.5,7.45637290838127,7.440495524675336,7.421779874386617,7.431199557650968,7.449969573018838
A0A1C9V3R4,5.326291062504742,5.701192250947443,5.450751099828881,5.896818378698258,5.513902396108287,5.577791037617521
A0A1J4YSL8,7.8765157961422325,7.810793950116006,7.793230957759244,7.696258667767358,7.980365588238627,7.831432992004693
A9XR52,5.377382422029374,5.55740323152828,5.242311771329083,5.478504218558337,5.348829717929872,5.40088627227499
Q9XZT6,7.748333799340296,7.750349147281405,7.845847050202863,7.798113540871924,7.850226563730814,7.79857402028546
P12653,7.616240317131257,7.594304674881195,7.361837984515384,7.641971825005725,7.514375255648986,7.545746011436509
Q401R6,7.3063476354716395,7.023016880833095,7.218054376949656,7.230758358117587,7.124424358546449,7.180520321983684
P9WJA1,7.579897944793059,7.529136828988969,7.716696296710522,7.62221664387485,7.4633994696070625,7.582269436794893
Q53389,7.794793739739131,7.663913108778669,7.682822013412491,7.53528860342868,7.662939796249704,7.667951452321735
O87870,7.515628120321734,7.833387307303187,8.047336336161504,7.602578787825484,7.77373582611653,7.754533275545688
Q19R72,5.822136870884627,6.004695387054313,5.918824631195891,6.035361952131058,5.709265484463297,5.898056865145837
Q9F234,6.474441097054106,6.440276520534238,6.217476909261031,6.5702350988297,6.4030022203746055,6.421086369210736
O24319,5.376770463526748,5.658322722783918,5.336002821110207,5.3597473245469756,5.480767621788244,5.442322190751218
A5A5J1,7.170281663886812,7.235304876089394,7.200769521819684,7.17735217811488,7.169743799465223,7.190690407875198
P29758,7.733535578145043,7.102937565006757,7.622671745574476,7.7690677059400635,7.711851825153865,7.588012883964041
Q10RB4,4.2944262374945765,4.657223780430984,4.722904849346092,4.5488398131277155,4.417529560530466,4.528184848185966
B8YAD0,7.687338364396462,7.790289660333338,7.86353673548323,7.81869325323702,7.740517943238503,7.78007519133771
Q96KN2,7.49687186289139,7.595310243732452,7.4780032236214815,7.473108478262546,7.488655160385665,7.506389793778706
E9AMH6,6.158872788727245,6.380259491849953,6.339211526312966,6.741043199734111,6.348994817519078,6.3936763648286705
U3T1K4,8.010135181461898,7.994772886641916,8.015073918474402,7.958603167150516,8.103085970397643,8.016334224825275
A0A059VLI3,5.698944123530051,5.742885758980435,6.010432981325068,5.949730373545041,5.881621182517648,5.856722883979648
P39669,7.621435292765822,7.79459591383293,7.753545168715609,7.880064609693134,7.646006028676098,7.73912940273672
A4UU35,6.931560921655551,6.994045432676549,6.967264743577344,7.025190071149468,7.2062702530622555,7.024866284424233
P17169,7.495403869330831,7.538009725955623,7.474196848626676,7.612362514645412,7.583516469798817,7.540697885671472
Q6EB26,7.9295828092202765,7.986478891440887,8.000403827303224,7.864670689556308,7.860685354609544,7.928364314426048
B2BZ80,7.06103323859181,6.7634796831833786,6.459037668086607,6.874215084315315,7.072677968907024,6.846088728616827
Q3SYC2,7.447169882723883,7.371310925139726,7.428389606409171,7.50462664850413,7.464025528211236,7.443104518197629
Q8WPJ2,6.051420396918331,5.508967762635438,5.245717715150284,4.87231846687232,5.961590337320034,5.5280029357792815
V5J3M5,6.530086954937379,6.492969510113159,6.54991426963352,6.449472396086242,6.508242271070042,6.5061370803680685
A0A286S1Z7,7.229918604139263,7.629040968765247,7.464291013876162,7.523035715520683,7.556260357726456,7.480509332005563
Q02745,6.437149309817785,6.68995763573487,6.883494220283397,6.405060928122898,6.370966653320275,6.557325749455845
P9WN65,7.98535621543351,8.029913073438138,8.058898998350484,7.85963175774266,7.855748693852899,7.957909747763537
C6FWG9,8.032063378923613,7.952956506762945,8.079097667307863,7.968419948294851,8.069167781222875,8.020341056502428
P05979,7.595705555149387,7.534782129146249,7.465642444116707,7.587002508927959,7.667142055299349,7.57005493852793
Q92AS9,6.432279670945824,5.950356339435636,6.22442586235942,6.387113978896396,6.343364894748058,6.2675081492770675
Q8YZ99,7.369709006652671,7.737488496365986,7.344101249212196,7.454931082457344,7.402418165672641,7.461729600072168
Q4ZFU2,5.845825057419275,6.18425595627187,6.135814866746768,6.409729333544764,5.999848055694304,6.115094653935396
P09601,7.393740648380749,7.424233580655045,7.321820269843859,7.378633107483146,7.36074424993012,7.375834371258584
Q973H2,5.735831090583796,6.036438088833872,5.965733085730294,5.800183904673988,5.727795920685923,5.853196418101573
Q0ZS22,7.573493961781777,7.407080545432357,7.268605603087008,7.6465846699721345,7.538970745044869,7.48694710506363
P08432,7.83121192059943,7.691147356940499,7.708335155038469,7.557192997917431,7.769595845421415,7.711496655183448
Q10714,6.810921638075625,6.825675275669743,7.015386401207078,6.986476005409182,7.046115141078976,6.9369148922881205
B7XC00,7.151416058168568,7.353869836831152,7.1944747651228065,7.403247367214371,7.171614028462701,7.254924411159919
Q8GBB2,7.092270172452281,7.313442028757778,7.247291682866937,7.171009595803981,7.0765160896530075,7.180105913906796
P27213,7.55292388103829,7.621569031359746,7.475221195731199,7.487241681445376,7.533108414755778,7.534012840866078
G1JTZ7,7.130366869592207,6.972809938469021,7.064990489168791,7.217191897718226,7.052585418898658,7.08758892276938
F1T2J9,7.170892624961962,7.249683901186495,7.26232771176984,7.537310751222266,7.26551939495023,7.297146876818159
O93656,7.429564606456923,7.488560352621606,7.912245341534739,7.531220468951013,7.42175100263899,7.556668354440655
A0A2U8ZSD8,6.998020488091523,6.848206599912507,6.9377499169349335,6.969376579998254,6.748121940213076,6.900295105030058
Q257D4,7.277577632903043,7.310403773042558,7.33021542357545,7.432790606759643,7.412531390272733,7.352703765310684
P17987,7.697684566394052,7.708804496190937,7.711726476159175,7.66309367660234,7.830110899081815,7.722284022885664
Q9C6D2,8.105217790171348,8.12076838386724,7.9975536601238435,7.886782341635142,8.046014694345441,8.031267374028602
A0A0C5H8Q7,5.093815035140919,5.078775944000632,5.172287230629084,4.958619073793815,4.896731212622381,5.040045699237366
E5LLI1,7.347931195203634,7.377028646001895,7.423440686413546,7.389482293541654,7.493662474080334,7.406309059048212
Q8GI16,7.186313130326351,7.31586871021703,7.14900020054773,7.1182325437708185,7.121882610019082,7.178259438976203
A0A167Z3Z6,7.795132065614103,7.715408344648176,7.775631255810222,7.564930140823851,7.69469647625629,7.709159656630528
P15807,7.727425958941527,7.7104052491915365,7.783654910472189,7.922923020421487,7.913830653507749,7.811647958506898
P80315,7.811599256088751,7.801558974806202,7.814743924326052,7.80273916450042,7.766850347126221,7.799498333369529
A6P7M9,6.778447956819295,6.485314140881088,6.603766764785392,6.573904120072342,6.770971452683003,6.642480887048224
O67625,7.965359887943423,8.032137630160726,7.849373137788733,8.098611713582336,8.032368618678557,7.995570197630755
D3G6S4,7.8386137667316635,7.838058461147057,7.842953243642224,7.533674204101175,7.5375966948625805,7.71817927409694
Q3ZPN4,6.907047600595469,7.200102362429361,7.20219210886942,7.248974743539168,7.357970739719928,7.18325751103067
Q9ZV40,5.855342423493516,5.794996934748657,5.905669030449499,5.774249836115043,5.783927359293985,5.822837116820141
A3MSD2,7.286330505374371,6.731369036933575,7.396685305541071,7.134740417942508,7.390551905082992,7.1879354341749035
Q8KTX1,6.672057055630237,6.559025556787552,6.652487308678708,6.759471953002174,6.610641767897576,6.65073672839925
P12154,7.256282225309562,7.189505666464594,7.293575228843174,7.261251925784379,7.286858842037999,7.257494777687941
K7ZLA5,7.393358895625818,7.424434177213453,8.131493918199933,8.17207356565153,8.232081015961928,7.870688314530531
P11350,6.791887028304042,7.081722711558298,7.118972856105222,6.97052513254866,7.753023685078237,7.14322628271889
Q5NLA9,7.777186610998005,7.44282738339616,7.749484487986427,7.624659990665705,7.845458469104464,7.6879233884301525
P97501,7.702299550695377,8.078771163733206,8.03072064912562,8.093230667611756,7.722293825020337,7.92546317123726
Q9H3S4,7.468188827353378,7.268105666788426,7.3800252577695105,7.342029299856057,7.422975229012511,7.376264856155975
A0A0U1ZF25,6.659866837770416,6.432104048235118,6.438231982508929,6.830163766219615,6.586323950348623,6.58933811701654
F5H5G0,7.00000014791377,7.000000283406797,7.000000149181183,7.439984201313906,7.000000120701772,7.087996980503485
Q8K4X7,7.342852707038458,7.443206386052434,7.623285902487201,7.530845147947133,7.503822254741365,7.488802479653319
P05042,7.821880767338559,7.834326944136253,7.9818268586047,7.880177456553745,7.8471216539403414,7.87306673611472
P34059,7.442190818315414,6.899704031006522,7.179153135409373,7.424871385440991,7.337264703206085,7.256636814675676
Q9L8L8,6.716973882963851,6.884246111600291,6.643541206209786,6.578679246032772,6.778206596577031,6.720329408676745
A0A1B1FIW0,7.489845248523523,7.470195025078637,7.454116807070976,7.463762881250131,7.492224949840079,7.474028982352669
A0A1A9GS29,7.820970974498469,7.70148696114793,7.629172249225089,7.847778009351071,7.9334623948649075,7.7865741178174925
Q6WE15,7.213420839316394,7.515905074278014,7.318113856129572,7.232385621979972,7.224790377687097,7.300923153878211
Q48296,7.98654144986091,7.9963839238792875,7.980039753828153,7.94549124982482,7.850758185389143,7.951842912556463
O24421,7.414500255905345,7.338249567878083,7.398150968008168,7.115077580965749,7.401933194747281,7.333582313500925
O57935,7.214494615198374,7.115466138017974,7.032856038654822,7.168932880908882,7.054300192582336,7.1172099730724785
Q16820,7.605870280264165,7.689346789432427,7.632108707621422,7.568508779520911,7.559655687858504,7.611098048939486
Q9DDE3,7.514990154932628,7.518852398219613,7.489294489633834,7.415177452966191,7.449807028686621,7.477624304887778
P62368,7.564184388900074,7.66702059494901,7.538903576222139,7.5762458831427395,7.590044741819061,7.587279837006605
Q97YG7,4.614674082594403,4.542064772025809,3.762104885676413,4.168320149056385,4.302255373011214,4.277883852472844
P15531,7.664729205522232,7.836571523089075,7.618389479020203,7.604049686705814,7.632884812204321,7.671324941308329
P00598,7.996272620702051,7.671632433798873,7.9244868704083835,7.815845216555916,7.792424341497961,7.840132296592637
D1CE96,6.938946328069667,6.92028765160547,6.840250933869782,6.959225021611321,6.819717683262702,6.895685523683788
V5ZEQ2,7.975741274974688,7.963586371451864,7.941718148264558,7.8994925639093445,7.97336851704514,7.95078137512912
A4ISB9,7.606697144501444,7.759131583372705,7.624127129185217,7.674049311230602,7.6631826879156515,7.665437571241124
O24529,7.477572567379195,7.6494709573608795,7.449184652146021,7.504082849930911,7.411342506138032,7.498330706591008
D7GXF9,7.027781147691702,7.088101541976083,7.249831682517221,7.089066205396302,6.908474486422486,7.072651012800759
Q5DD64,7.027730525656041,6.836524317183112,6.9507659897635214,7.032118121733503,7.020275001774003,6.973482791222037
D7VEX3,4.858177684363238,4.80047918732424,4.6033245426443345,4.908036829202824,4.6975908289041435,4.773521814487756
F8SUI8,6.8893921045744255,7.033527331558975,7.009707429324182,7.046637107136071,6.4164197492975275,6.879136744378236
P50123,7.370573716121029,7.121437273085865,7.196909599841253,7.260710661652203,7.355814327527504,7.261089115645571
Q89E97,8.51344143162602,8.259806856713423,8.467908963406103,8.456164665683382,8.412901759916895,8.422044735469166
D3Y5N8,7.672344842022512,7.338468675986162,7.49213278082621,7.448743254574058,7.670406645627589,7.524419239807306
A0A191W0D9,6.975638680783062,7.336470025383589,7.0694151909446,7.081466514529778,6.938276247275482,7.080253331783302
Q86RB1,7.967474512507305,7.994185973628636,8.172978810600696,8.010631925003647,8.000548391470963,8.029163922642251
Q2HQR6,8.365099663652197,8.337693357820275,8.386490834766462,8.576594091329559,8.431245429019478,8.419424675317595
F4YTG7,6.076682513141501,5.914736556367965,5.927368548528769,5.823785421326274,5.7888121667298975,5.906277041218881
B0JDP9,3.636133424000621,3.6303895291055364,3.922428611116092,3.996427431405708,3.771900763249541,3.7914559517755
C5H429,7.499999999999999,7.390501218643881,7.4741867069118,7.41796145362019,7.468607470929307,7.450251370021036
A0A1B4Z3V0,7.3005859442821945,7.470643468508187,7.350717268909616,7.403844823995954,7.2473785105038475,7.35463400323996
A7L844,5.471603431877256,5.430819705162157,5.423848024607318,5.636197904144147,5.440960223391713,5.480685857836518
Q72K29,6.000000435431774,7.138260131447216,6.000000342358423,6.813923091514295,6.000000312769281,6.390436862704197
P77690,7.669812458255313,7.533379192039766,7.645876776829295,7.830627697658611,7.704288196718091,7.676796864300215
P20971,7.155989673368606,7.287106686031084,7.500957528430321,7.51614423019935,7.492718388515511,7.390583301308975
Q6XMH6,7.089583415056406,7.286859403468438,7.134210715118402,7.178663832212624,7.094510793766032,7.156765631924381
Q5XNQ9,5.425956345614871,5.149712129742502,5.1135903401249525,5.2905162117048965,5.1662562090103465,5.229206247239514
P95949,7.168527039396906,7.342364940962241,7.271462792770509,7.527073205311219,7.318730768604436,7.325631749409062
F6MZ55,7.997921620287272,7.88699833380708,7.842401858946708,8.324219348008716,7.9752981834694125,8.005367868903837
Q9L4P8,8.491355705971394,8.846734842563224,8.696292259375321,8.617018807634713,8.553601205912761,8.641000564291483
I6YG32,7.35039465310876,7.384294466544058,7.491001340583746,7.440617671960862,7.318522401281006,7.396966106695686
Q9UH17,6.70730162676457,6.835060254397336,6.860369848891773,7.081672735660371,6.709400849001229,6.838761062943055
G9FTP5,5.681411107421544,5.5382804288355185,5.6481433798685226,5.670948672712891,5.583121461082516,5.624381009984199
O74725,7.615363184950393,7.532010751595379,7.504877178506664,7.702119179549407,7.532131606613312,7.577300380243031
P48775,7.496857278360569,7.502378853417435,7.376757268673534,7.440320761466596,7.521306067443891,7.467524045872406
B4XEK7,6.807038636847539,6.457055322451765,6.4215077755442405,6.502708327713728,6.399163905397562,6.517494793590967
A5K3U9,8.045078954686275,8.143244115236028,8.255457512550855,8.250757568785142,8.34238224827337,8.207384079906333
Q43528,5.767313233224458,5.685571906413802,5.752706036080377,5.784982065136665,5.912603719600807,5.780635392091222
C6FWH0,7.886395349986956,7.970742508331218,8.008582315197003,7.8636428128850335,7.890684563427972,7.924009509965638
O46419,7.373016680919428,7.759296871198124,7.564250871128538,7.61234846495195,7.596699824841342,7.5811225426078765
P41021,5.998085684949709,6.326456443234909,6.923308477486936,6.464067433980789,6.176583591756595,6.377700326281787
Q14DK4,7.313724199535052,7.4035943078028605,7.524336443250744,7.455042417699438,7.206490361300761,7.3806375459177715
Q2I8V6,7.6337671325888445,7.687968624607713,7.785667351647654,7.6903167136185715,7.752430390253853,7.710030042543326
B6CWJ3,7.467104561830924,7.32396064250938,7.419739383406544,7.358106441918576,7.440891680870815,7.401960542107249
Q585M6,7.419652251911893,7.268023546671426,7.351815412288776,6.865274618499841,7.361079495488575,7.253169064972101
M1WA41,7.507470925107052,7.498910598288987,7.556945433246687,7.6200820000452385,7.506639474875971,7.538009686312788
P80524,8.155485102403862,7.866590155908534,8.050765802074235,8.004802679166557,8.180541285527326,8.051637005016103
P24157,7.0931109063967295,7.076929326472113,7.041172810235345,7.043585985686729,6.997944420200863,7.050548689798356
D0QU16,5.153813189798605,5.723351249673001,5.47815260456226,5.807892390559456,5.170555798542073,5.466753046627079
B6ETP1,7.544157656980525,7.6272737751636175,7.4066093711397585,7.613591239707688,7.530022358052374,7.5443308802087925
M9W6G9,7.239153464350089,7.4952548897718,7.413124348493813,7.206270765580566,7.274988438892432,7.32575838141774
Q25BW4,5.624635740970733,5.607309531735634,5.764598075578933,5.5628982448403015,5.675105542313151,5.646909427087751
C1KKR1,7.8059181659210095,8.20154272356005,8.308380442623012,8.236158902549878,8.341772053935241,8.178754457717838
R9UQG9,6.769801875416636,6.817097044589666,6.6937463585861785,7.18416950114787,6.921303256993606,6.8772236073467905
B6DQK4,6.678681383255736,7.0621837076121174,6.939661050749711,6.914589448668782,6.933100358138251,6.905643189684919
Q72K04,6.4673398790927275,6.655930113876385,6.611833862782415,6.801484583022265,6.465742402824706,6.6004661683197
Q96UI5,4.884219776902084,5.027488783084488,5.016551164697959,4.997777342891618,4.899222018009683,4.965051817117166
G4RJQ1,7.144320455471142,6.917451357346154,7.011794271416698,6.928414781975199,6.867203225965085,6.973836818434856
Q5UPJ7,7.547336383895696,7.498387948801605,7.529144805136806,7.551098017987782,7.510053062440772,7.527204043652532
Q4K423,6.615550435166931,7.209524558998734,6.652995628910164,6.716369746117323,6.347869079934329,6.708461889825496
E6U5H4,7.554244143451406,7.7746918903502555,7.811186558746124,7.720767882659562,7.842291229610561,7.740636340963581
Q88L96,7.563337722887975,7.589139139110921,7.5392220113549415,7.702022839494221,7.537151708718424,7.5861746843132964
L7Z147,9.207092440753517,8.873880110115755,8.747704538020535,8.862241738929342,8.868556134972504,8.91189499255833
P86453,7.935380939885922,7.5725620016962365,7.886162697202314,7.64159102276246,7.790116148617532,7.765162562032893
A9TLP4,7.535115319298564,7.822894221708407,7.587998808548406,7.4709929099328605,7.536478387934579,7.590695929484563
Q03774,7.2127282038377265,7.293483407264463,7.496071926411926,7.050990555992246,7.15849865919221,7.242354550539714
D8VPP5,5.993285430393394,5.964113617825426,5.9883010312347045,5.973334979036887,5.919689856141939,5.96774498292647
Q95AJ2,8.008411434670005,7.93166395349639,7.847631865080887,7.95161763372205,7.87371698059849,7.922608373513564
A0A481MY41,5.382344146473508,5.624318147309946,5.651772981985289,5.528589607775471,5.472966617069231,5.531998300122689
Q57703,7.330409651332889,7.436413104271563,7.408304943413908,7.736313764453975,7.371362513261888,7.456560795346844
A0A3G9FT71,6.824310177769664,6.661633838911348,6.558852118604309,6.236426070345708,6.31746286121203,6.519737013368612
Q8TSX5,7.79203401706872,7.84629305968083,7.870071095916709,7.892645572859037,7.868349424882204,7.853878634081501
Q9A9Z2,7.780243165302686,7.870397014332554,7.87537557350729,8.061339526008174,8.030045320205645,7.92348011987127
P09417,7.335257400003634,7.419483935546756,7.647942202957011,7.5435911050903846,7.522405516263644,7.493736031972285
P9WJ61,7.526301374749021,7.349829556393429,7.4179881420852904,7.500134117306821,7.52962774314081,7.464776186735074
Q9LBK2,7.849068774310423,7.735548820984151,7.817953466817393,7.824810202597167,7.81271446914034,7.808019146769896
C5MR76,7.318923328353893,7.180778678095756,7.078554307461827,7.384098761969062,7.310533697497202,7.254577754675547
A5F5Y6,7.500000015331686,7.500000020031678,7.500000022166011,7.5000001026661485,7.500000015156517,7.500000035070409
P0A7E9,7.697921580076049,7.510233430733527,7.705833860015442,7.509525430871761,7.395412836578574,7.563785427655072
Q07993,7.982634761064262,8.101260903477357,8.428578680667693,8.176981124522849,7.98451167220737,8.134793428387905
I7FDJ2,7.077517689815824,6.167690557692566,6.670292946700238,6.281075737880338,7.052585459235052,6.649832478264804
A0A133Q8U5,7.6550236346995675,7.731327767398494,8.00202343465994,7.783215810221818,7.9705819202475015,7.828434513445464
Q4F6N6,5.800254491886747,6.026688919490047,5.819789622020292,6.0884447584956565,5.771485194755178,5.901332597329585
O58801,7.597219210954547,7.615155797457788,7.388245952926995,7.731919886748987,7.618933526611556,7.590294874939974
Q6QHT8,6.967440193844702,7.153464597797589,7.215638306120207,6.682680151054798,6.984708796090365,7.000786408981533
O00095,5.297982008276211,5.5552853576290016,5.6128399057617155,5.456882494013721,5.773984938218816,5.539394940779893
Q2HQR9,8.444284255062186,8.4072347555351,8.361706354770405,8.361354484828249,8.483431377806196,8.411602245600427
D2DRC5,7.249776819987874,7.324208985137767,7.222688363021058,7.246894293457716,7.212122664952387,7.251138225311361
Q9M066,7.488482735046782,7.564573434770216,7.5247202520629095,7.524863957744108,7.503194766111152,7.5211670291470325
A0A3S6IVW5,7.542174235600653,7.078298890991489,7.334804012903771,7.272375192716284,7.466237939732661,7.33877805438897
Q8DPI4,7.815463799240085,7.583677797260055,7.389712722308092,7.436886444553547,7.702665080010135,7.585681168674384
Q9ZP04,5.124151374240003,5.521243247189245,5.065253456000531,4.93544434739537,5.017376459613271,5.132693776887684
P73322,7.700793428648511,7.777861717549811,7.7175814350064,7.667047472200675,7.82057889143768,7.736772588968615
P29717,5.026585894252089,5.231914590217981,4.994029267894836,5.011633879050779,5.05420129408419,5.063672985099975
D2IX45,6.373937080110435,6.318419567470771,6.356991472531496,6.294179209467085,6.310049509898981,6.330715367895754
Q5LRT0,8.065204981874572,8.02258279682676,8.088654389621247,8.081863263856093,8.043921567587528,8.060445399953242
P04718,7.769878252143926,7.633462475229151,7.7379207354994115,7.681791495291751,7.740864945589686,7.712783580750785
Q868I5,7.576797458426334,7.411960580965941,7.374301734227746,7.468749930834449,7.645361809805425,7.4954343028519785
Q0JFI2,7.396003678870626,7.383201401020026,7.360697612888044,7.351945545872974,7.333295479196947,7.365028743569724
Q93L51,7.624112404275734,7.688493792581404,7.576372259309007,7.6694597011290275,7.707027525806358,7.653093136620306
E7FHL9,8.131666586404732,8.228664697903334,8.21668470703732,7.9305850909259465,8.21138341745043,8.143796899944352
Q9PTN3,7.6731449957547095,7.558214368707469,7.490122013021384,7.5322968024362345,7.686758171390952,7.588107270262151
P03433,6.730589926598325,6.925854736818679,7.169796800582656,6.844989666965255,6.821583092881684,6.89856284476932
O84919,7.450422674800105,7.534299414626096,7.480777637958945,7.508511536228976,7.450371064836723,7.484876465690169
Q08J23,7.549880340410777,7.602599947168362,7.593929774979362,7.564312800006863,7.62965645657402,7.588075863827877
C9K2Z6,7.479948195120776,7.476936198562602,7.693424607361667,7.560264112234645,7.5498991740076935,7.552094457457477
Q2KIG3,7.884266269464168,7.864063358083003,7.940201755528468,7.882017968101859,8.089836645425137,7.932077199320529
Q70I53,7.932598237171588,7.841152310464624,8.057247031651555,7.92440715915972,7.994279179274201,7.949936783544338
Q8ILF7,7.618476237818909,7.745190362894329,7.9344304467659725,7.769968991183283,7.696525267291387,7.752918261190776
Q6PBS3,7.564148305344588,7.5304521781168186,7.53184552088474,7.506419533065053,7.501955320953494,7.5269641716729385
Q8L7S6,5.093630998651618,5.299704364715336,5.240316918908711,5.5613795699225355,4.892335142931417,5.217473399025924
A8QW53,7.262762595561584,7.652478635617947,7.4314054037534945,7.449769124622227,7.422100146677844,7.443703181246619
A0A2I4KDZ0,7.456040770670292,7.181948940316351,7.348283678015399,7.370684939746335,7.4435684271838385,7.360105351186443
A7PQW3,5.4870516113363585,5.368490732236375,5.4533937873934635,5.485582721417445,5.4227522789605525,5.443454226268838
C7FFK1,6.647201136286293,6.684423321736755,6.842862132636396,6.614316731323657,6.814313361828656,6.720623336762353
Q764C1,5.459137769026549,5.677914568889708,5.391931128058557,5.409851355188465,5.467178487647252,5.481202661762106
C0WZ89,7.40204200950645,7.283939279437152,7.1769564107922985,7.347206268855545,7.484562531530919,7.338941300024473
Q9ADE8,6.95398608022915,7.559883319253096,7.283614651937038,7.3590824954225935,7.200477972025462,7.271408903773468
O22683,7.1826244244784805,6.957508819851885,7.252492153755048,7.094651371761487,7.316269765062634,7.160709306981907
Q9FIY1,8.188337390564921,7.9352047308656495,8.163779938754244,7.7135473287953715,8.022219329038835,8.004617743603804
P45395,7.930519480406582,7.862854281818025,7.637847267943277,7.685341030175618,7.853776185829442,7.794067649234589
Q5JJ72,7.513584326796824,7.579539080996329,7.688893764729679,7.5947756213287185,7.498611408133274,7.575080840396966
Q2HQS3,8.390034719925364,8.472572785028204,8.406277218445785,8.408952795922087,8.378052655146869,8.411178034893663
Q5CAF4,7.136710926337489,7.38786211342351,7.570403446147823,7.4038626684808335,7.23018815847699,7.345805462573329
A3MWK6,7.781763448933335,8.052584666986181,8.034400854624039,7.776003856310382,7.784406115036079,7.885831788378003
A8HYF7,8.102630627715863,8.108619630232052,8.129428994875521,8.011268173146062,8.054981657906175,8.081385816775136
P41814,7.7175068454588525,7.682219878685268,7.836739072404937,7.588701853315547,7.686759698567135,7.702385469686348
Q9I4G8,6.67965494711958,6.8924115248095745,6.779094930523977,6.737835149178533,7.124385679763894,6.842676446279111
Q0SH27,7.699797570916735,7.712272120092508,7.8085267858207095,7.537205924315227,7.667142873363893,7.6849890549018145
Q9M4V2,7.286596461648454,7.280768046831945,7.308474604135364,7.2781586148515665,7.282889494656095,7.287377444424685
P39135,7.446600944706989,7.781773790321014,7.639451988597191,7.817546732020549,7.428867572517791,7.622848205632707
H6UWP3,5.1161615541522565,5.2832017371325,4.8917396187107105,4.901907346705022,5.077300190625349,5.054062089465168
Q95PK8,7.860987427384348,7.543802368471901,7.611631564147322,7.785632311822047,7.651373800783895,7.690685494521903
Q8U1H4,6.43600636194272,6.476106586572994,6.589109079710079,6.77246857111605,6.471962940513316,6.549130707971033
Q58280,7.634941263413609,7.323814641260887,7.367263228752689,7.478202957661532,7.271459268780005,7.415136271973745
Q7YS62,7.781874087655303,7.805808494405806,7.83289830064127,7.67239124373983,7.67712198452662,7.754018822193767
P9WHV5,6.964976029720063,7.125091830493547,6.898209046905782,7.080257121708757,6.920714870842872,6.997849779934205
G4T023,7.185922098616993,7.424903618265228,7.365100706399421,7.570320580226643,7.232649080741228,7.355779216849902
P10270,7.0688012210180755,7.039978519448551,7.352875531212806,7.334659176534668,7.3923622456270035,7.23773533876822
P00636,7.995540962517229,7.948869723585451,7.832494539572069,7.8926098375047395,7.777216432780831,7.889346299192065
T1WWR8,6.6489209670502145,6.555016097701067,6.326457740148885,6.648193512453416,6.422621352336028,6.520241933937922
A2QR21,5.166831322214042,6.0407493519744575,5.697595090215344,5.84618940986898,5.559400242862418,5.662153083427048
I3DTN4,7.645097027693824,7.764115713894574,7.528442091462647,7.7038978080410185,7.567147553279135,7.641740038874239
Q5APF3,7.393070441578226,7.522196848938674,7.600722640390343,7.241574183771345,7.4092275690017555,7.4333583367360685
Q9LE86,6.882212385803692,6.990400633705283,6.956549147618108,7.017119665595042,6.760275789377669,6.92131152441996
Q6RH62,7.582242669676694,7.348743616113603,7.534185977686184,7.677546047323967,7.581900174138226,7.544923696987735
Q5IS34,6.149442978012313,6.133523227773008,6.164385141336734,6.222938277145634,6.223609679321482,6.178779860717834
P35520,8.302853333254642,8.234708785394213,8.225121886997261,8.169801242587669,8.403802843911443,8.267257618429046
Q16MV6,8.723041197986529,8.842697740346987,8.591401451026119,8.759701022434747,8.637499159671986,8.710868114293273
Q90WM0,7.3964862093421715,7.09094839588065,7.028321693893805,7.432117533398596,7.461486476000113,7.281872061703067
A0A099D4T8,7.6271869145195375,7.534026084622706,7.556139088749211,7.6218020581894095,7.583434039806278,7.584517637177429
Q5JFV8,7.906248164193848,7.941058137603522,7.9519441817271765,7.798416846640828,7.977734801506697,7.9150804263344146
A0A127JBT0,6.929069802509794,6.724375112403284,6.649437572636101,6.379267624273288,6.5658013013438925,6.649590282633272
Q4A6S8,8.026611560520688,7.937803820910255,7.88381223683043,7.537075544280358,7.984841295356555,7.874028891579657
P37303,8.078145129588084,7.924499660249019,8.118104871947876,8.208799433001195,8.278396435788107,8.121589106114858
Q96FI4,7.277636664286724,7.187249216363357,7.326197038363764,7.288923709859157,7.3305678929194755,7.282114904358496
Q47YG3,8.164752798471564,7.977683880924044,7.848246142456313,7.812374118143083,8.207325725272469,8.002076533053494
P23677,7.508592817893112,7.574223417865088,7.560010573386379,7.53003211102873,7.542643962232278,7.543100576481118
P57665,7.999999942461024,7.99999987920947,7.999999874787991,7.999999863922724,7.732154699950538,7.946430852066349
G3XCK6,7.765442624565661,7.592056118108324,7.674820386695459,7.5957175411175815,7.605874549994766,7.646782244096359
J9VKS8,7.429981308356966,7.6678667194063905,7.480699027774012,7.379760245057353,7.410416515173868,7.473744763153718
A0A068LJN3,7.865838622063576,7.971345541673095,7.911227446437525,7.842214666555352,7.76008499940656,7.87014225522722
Q756Z6,8.298816556231735,8.176262976682803,8.336389944607895,8.217170448182776,8.316390543928991,8.269006093926839
Q95PK9,7.449039842984036,7.373039535791859,7.576857384007728,7.625154625278608,7.286974442554975,7.462213166123442
C7DIA5,7.263513355565219,7.305100932609323,7.331993354824556,7.16053120857663,7.165290607306595,7.245285891776464
A0A0A7AN31,7.5050083398557215,7.3148591069515145,7.2587061096456225,7.4092686188191745,7.627453740892038,7.423059183232814
C9D7S2,7.325268128538127,7.322674886453981,7.551518644522822,7.131950172601849,7.1695584614640975,7.300194058716175
Q841V6,6.010547999246185,5.969314797879482,5.857697395918812,5.84878110787958,5.92908878098849,5.923086016382511
P07741,7.682093237112163,7.619792149863363,7.647426799647292,7.651616462947802,7.653408576369879,7.6508674451881
D0IZN8,6.92387812008106,7.024424301819826,7.017666867305248,7.033736896230092,6.944573622308107,6.988855961548867
V6BP73,7.039823167139923,6.851549691196502,7.032850544073415,6.651806375546283,6.933041157269737,6.901814187045171
F7J5X4,7.683053674348215,7.163130309342089,7.145103969623561,7.254131089957143,7.338020333588002,7.316687875371801
Q9HC16,6.674959115836209,6.867502648738762,6.792705483975562,7.075539476792534,6.679453364362303,6.818032017941074
Q9LFG7,6.886804357360116,7.075945245678451,6.912733221203413,6.880993274491686,6.927949751647411,6.936885170076215
Q73KK9,8.073716341227785,7.80855011094959,7.942803147188886,7.9492462021704675,8.147695995059895,7.984402359319324
P00936,7.441276603569321,7.544513450225507,7.5322499246669645,7.372359821374676,7.398464667241096,7.457772893415513
E7FI45,7.362941105721825,7.416356528776176,7.473487655217772,7.5519083434614505,7.38443166253605,7.437825059142655
Q2WG72,7.139862447659231,6.897544280459737,7.133712685764099,7.062516652568828,7.176392573146272,7.082005727919634
Q5GMP2,7.660243141243599,7.6109026715517105,7.678660924617679,7.618290380121534,7.631246020515614,7.639868627610028
Q5I7J0,4.684314694258916,3.871222665467744,4.4991954931993225,4.561448153362537,4.584776732069062,4.440191547671517
B7T912,7.758153995867456,7.729451243851809,7.835739685594688,7.8663275693992905,7.8874640740267985,7.815427313748009
A1X864,6.760918328434747,6.8615639940099555,6.203912101757161,6.943814416012852,6.982766561260344,6.750595080295012
P00509,7.399999908964564,6.477331571827552,7.399999820008143,7.399999672710888,7.399999917798067,7.215466178261844
Q65N98,7.024267667130115,7.056242755677104,7.031281888784152,7.053025447732514,7.510887910715548,7.1351411340078865
G7H7Y1,7.849791101940335,7.590709769081,7.718617784850785,7.934412016610783,7.5047377050294894,7.719653675502478
C4LSN1,7.843277735104064,7.80909314036656,7.93254008613671,7.793894748989349,8.045099806935683,7.884781103506474
A9AYF3,7.14683590417658,7.381919867311597,7.350034368959588,7.406684542911674,7.194277136511286,7.295950363974145
Q0ZS20,7.597452405495487,7.66388168445212,7.608152808586628,7.601350652922248,7.544755314953669,7.60311857328203
I3RFR5,7.080805345168265,7.360417075700234,7.491889622334123,7.0669978971736755,7.504176437772303,7.30085727562972
Q4F867,7.479956409586791,7.570622391202212,7.45896315355523,7.284758036250588,7.482434630289719,7.455346924176908
C1DMP8,5.921751887682069,6.17080515574605,5.950416899048587,6.058617831505231,5.898962122733229,6.000110779343034
P0C0X1,8.190902655894543,7.982687023258906,8.127772825479454,8.165115877662101,8.052822770498262,8.103860230558654
O82647,6.696462558674348,6.7820440831794,6.690007523952422,6.745853619615723,6.623639206584872,6.707601398401353
D4HRL0,5.038922361415122,5.1184221387737034,4.741308997589889,5.0235759380711835,4.896638549625744,4.963773597095129
K4BS77,7.765598644279295,7.799018593278431,7.855940570995894,7.850385438933294,7.910811992277466,7.836351047952877
Q4U1A6,7.898714470895887,7.8674484166524845,8.01636661252326,7.927884751009733,7.933726399692841,7.928828130154841
P9WK21,7.916224281903091,7.7442358204098,7.750799271647735,7.694043412101584,7.795179991344011,7.780096555481245
A0A125T1T5,7.595279548558825,7.646482717584316,7.830319176484991,7.755661051324054,7.684319111367039,7.702412321063845
P19921,7.371397412046749,7.190051241916484,7.224571423175843,7.169563506176064,7.1314980069583,7.217416318054688
Q41376,7.30439488124242,7.272383829250156,7.2406267788514835,7.494332606535071,7.438931049678004,7.350133829111428
Q46078,7.357127787293544,7.401243949765455,7.36562046711289,7.517978654260135,7.32709994346207,7.393814160378819
D6RU55,7.406761814820957,7.42439119557278,7.1618721298312895,7.353536357470023,7.145908931890432,7.298494085917096
Q5DM89,7.951448703863441,7.91651008226733,8.01571757694015,7.849549368834952,7.981481853186864,7.9429415170185464
B3WD16,7.576191101170512,7.564478212431615,7.386726928566517,7.7193914030372,7.771063352940974,7.603570199629362
T1T1K2,7.322878419736552,7.506887321767471,7.503350097319167,7.505557063180563,7.872492962640916,7.542233172928934
A7KME9,5.153652357685159,5.723267123067261,5.375150932280147,5.557477713011636,5.291745488069573,5.420258722822755
Q9KPJ7,7.750218553095916,7.758579087543253,7.723996390661172,7.694447687097516,7.772164821795933,7.7398813080387585
O48741,7.496350315382304,7.557476484543257,7.691743876659007,7.718765475761424,7.620884770775399,7.6170441846242785
P94293,4.60824266184853,4.876046839969841,4.666474148805964,4.861164433345809,4.633124705105205,4.72901055781507
C9DRU9,7.4465686318539515,7.785096427339379,7.406966141185645,7.588367639936386,7.298066603565982,7.505013088776269
G1UII1,8.222943257872652,8.156567651434248,8.298444556301266,8.246046338631064,8.366041365685826,8.25800863398501
C9V492,7.7786520336179095,7.888556198683549,7.8531169549943876,7.861931531660979,8.326689545517855,7.941789252894935
Q8R5M5,7.447176245201723,7.204915724155443,7.523877681619798,7.399466735219959,7.398027122340976,7.394692701707579
A0A060PQX5,7.434278645386403,7.606302812504774,7.482763438070732,7.5555636596153,7.372667337900473,7.490315178695536
Q70GK8,6.946194233816799,7.0937451271344925,7.055403013229119,6.87093543963031,6.997103180057273,6.992676198773599
P19254,5.804337573958611,5.790711784657064,5.90299056109205,5.761078002835774,5.621567113954576,5.776137007299615
A0A455KZK8,6.72771602314978,6.837919797970531,6.803478238599654,6.765986388471262,6.6433582989478985,6.755691749427825
Q316W1,7.525821952231402,7.513578800483728,7.612501845459416,7.50361447228615,7.941245684370493,7.619352550966238
A0A2I6U1R5,5.778465241406866,6.170381801702882,6.135920580813007,6.447894526123729,5.915668418142722,6.089666113637842
Q3HRV6,7.48992487012301,7.286331568315438,7.313200590530685,7.372761338715021,6.457135432472768,7.183870760031384
G3MDB2,6.419056197204512,7.015614503452035,7.012982601321568,7.222144203697427,7.031868397076982,6.940333180550505
Q6Y656,7.5568773471753135,7.6605765603803455,7.6694145868279975,7.469827961001073,7.5416264348233915,7.5796645780416245
B7ZF08,7.352133342977719,7.410007696860608,7.352191311488611,7.3389788759235435,7.3383672753001825,7.358335700510134
B1NM15,7.172901619847354,7.1902547566299875,7.187368004336394,7.183788426344565,7.160508546970594,7.178964270825778
Q9HIA3,7.73946755749569,7.7117611935617765,7.73704071704965,7.676261181702806,7.676547756883627,7.70821568133871
G3CRD1,8.154017507964019,7.703506073253079,7.913800122334324,8.019391053517007,8.036561129625737,7.965455177338834
P33247,7.201515851913415,6.9245230504404045,7.1722578532993175,6.920816301451886,7.354581121216794,7.1147388356643635
Q9I8C5,7.362758406202412,7.322095450999102,7.309879755690476,7.448270542730292,7.361509840227615,7.36090279916998
O15488,7.4686106621736705,7.415592455783153,7.302652302926089,7.213557723003257,7.401770579098472,7.360436744596929
P50227,7.493255330332187,7.527613631060911,7.539926047165191,7.478822756421067,7.488600288052444,7.50564361060636
Q9CQF9,7.343629244973986,7.446059174349406,7.427255477722445,7.505097871076,7.3804624158179495,7.420500836787957
O30144,7.441902142387185,7.50871103877712,7.381081127015527,7.580265403583908,7.396975145194893,7.461786971391727
Q06749,7.34628937009875,7.592599680327448,7.422608505674529,7.234091161162667,7.587463723311581,7.4366104881149955
O60701,8.119406725053494,7.89040438259724,7.9729008155199805,8.008048284057505,7.961121697697676,7.99037638098518
A0A3M7JTD4,7.628373353124404,7.279808562274686,7.702338179424768,7.18145979018014,7.808694817793242,7.520134940559447
A0A228BX09,6.104150879094886,5.598888039398584,5.952525718868802,6.228829146536041,6.052521213229683,5.9873829994255985
P29141,7.720771658477,7.833191374637176,8.03178976250878,7.842817433643336,7.899761600477516,7.865666365948762
Q8EMP4,6.9892187264520835,7.36612794630451,7.08582857376424,7.251049376563451,7.122708274204718,7.162986579457799
B3TNN8,6.894830852404722,7.306444040860065,7.017929826472251,7.113200384935404,6.864867534577975,7.039454527850083
Q3ZMA8,6.07774742610002,5.669350962985133,5.855935096854882,5.599734699704104,5.927978885282607,5.826149414185349
P24186,7.750599874017389,7.702208628164829,7.510089214736736,7.944578151719654,7.9320983619924466,7.76791484612621
Q0PB96,7.31271331894558,7.349899479040892,7.208114404557754,7.271560880833438,7.210070171673825,7.270471651010299
Q8NMD2,6.970813118473146,7.037325627576498,7.1942945573413315,7.075181803080303,6.914181925218575,7.038359406337972
P62058,7.547366146357285,7.634638126238682,7.580997454277667,7.554230683310825,7.605036621448642,7.58445380632662
Q9LJP4,6.9799308770117445,6.9956890090849235,7.068323445946863,6.987455839209164,6.885499751473654,6.983379784545271
P31658,7.65697572572785,7.540142629617943,7.715864338195197,7.649637148492583,7.666595048707254,7.645842978148165
A0A1D0BQV8,5.619355291299353,6.4889807413432035,5.982710702324094,6.742043659971937,5.673840152080176,6.1013861094037525
P15558,7.625324292524161,7.507608188505921,7.449545060650614,7.593747525538802,7.828999260536387,7.601044865551176
D9TT09,6.791802778506107,6.917675888342214,6.809342918095407,6.757598433533032,6.709603398267438,6.79720468334884
P28248,7.780195865010013,7.7853214937723845,7.871456595459028,7.903506034782406,7.936431798058214,7.855382357416408
C7C422,7.2,7.199902220621032,7.202163055031111,7.200657446800544,7.200000000000001,7.200544544490538
B6E623,7.7896342914804375,7.819196035856072,7.848048250287274,7.791702736371805,7.941780752874775,7.838072413374073
O95749,7.548036142847607,7.479708057326057,7.518468853938423,7.5054049550862105,7.419185268767146,7.494160655593089
K4BTE6,7.662255559828337,7.638855421877581,7.858306587685504,7.712802797400489,7.709337489563121,7.716311571271007
R4UMR3,5.562552347337649,5.729190871817183,5.515814823460799,5.788252471709377,5.545551963425334,5.6282724955500685
Q1JU59,6.869160034686652,7.095655597356977,7.080027612578416,6.804270851923189,6.862031851455477,6.942229189600141
Q335V9,6.833336484164951,6.693268677858665,6.604679137198175,6.639215426575877,6.598426137125868,6.673785172584706
P54471,7.84003232958443,7.8808593342437945,8.045538677242078,7.958158988400082,7.96618069182433,7.938154004258943
L7Y8B0,7.397282160183021,7.694612428643733,7.6124182486563265,7.606145590597544,7.766523403789432,7.615396366374012
O81985,5.160013498970352,5.367597572182058,5.393894730261042,5.4610482647001,5.266770022316616,5.329864817686034
A0A6C7EEG6,6.83197891811961,7.035760264621761,6.945258506237492,6.77284767210457,6.747111456785355,6.8665913635737565
Q3BEM2,7.840769360461591,7.660366056990794,7.757778603621455,7.660726239328077,7.831067574584121,7.750141566997208
Q5UY95,7.871955559815511,7.872628729655176,7.815730002276198,7.83326725493033,7.801259858914712,7.838968281118386
P10056,6.620685379313844,6.548006798496939,6.458202372053396,6.782466098451689,6.647482657404426,6.611368661144058
Q9Y2J8,7.506768430512246,7.27972536910052,7.458472956398211,7.53854928377443,7.393549241915468,7.435413056340176
O67572,7.719967703601565,7.8695512425709335,7.807363921941029,7.747820021431074,8.025425846145652,7.834025747138051
P52097,7.593806261530828,7.7999185403930635,7.8239482398364375,7.757340170871672,7.817593899445639,7.758521422415528
P24806,5.876458818594059,5.789237172468181,5.8810920464373195,5.868640845570728,5.9261928908059005,5.868324354775238
Q8I2B1,7.85514049508125,7.798599639772707,7.929238490660903,7.832059411948352,7.951249850120766,7.873257577516796
D4ZTT4,7.64355395431576,7.594142984290924,7.716178086686813,7.601661581670708,7.535703238988528,7.618247969190546
Q6ST23,8.550241569325069,8.542307171044701,8.462821515001881,8.54746550839353,8.567544438794123,8.534076040511861
L7T8Y9,8.040932690676328,7.931687583801878,8.027213866720018,7.911408492807082,8.113712793839214,8.004991085568903
Q27758,7.803070602110939,7.6372729664052335,7.77633528050073,7.796727535396142,7.63047188335125,7.728775653552859
Q52500,7.680497778329946,7.730883369641582,7.798515496332223,7.641612909624959,7.685123976970587,7.7073267061798605
Q9HFH0,5.444386177239167,5.887712685988383,5.989991595112635,5.676180697516732,5.377351399197213,5.675124511010826
P30711,7.582766141547628,7.6892264763885905,7.570506812649198,7.45337074446511,7.605515307523108,7.580277096514726
A0A286JZ72,5.25531431221731,5.336957758484276,5.590248310123711,5.499423917011851,5.6346364402902385,5.463316147625477
Q7DM12,6.6925415813186095,6.768639704527241,7.044310640797223,6.700816989079486,6.468191917132853,6.734900166571083
A0A0S3WYP3,7.481679816403136,7.552116213908129,7.536908842712364,7.638521154869528,7.544595676641011,7.5507643409068335
Q9FN52,8.281583554846769,7.823740388198226,7.993222617811528,7.8419088682068185,8.303803611783186,8.048851808169307
A0A172WCE4,8.045674078229641,8.04100300442848,7.866510859558251,7.811378368100735,7.884151234509279,7.929743508965276
A9V766,7.5356546963120765,7.218441200669781,7.326910833285978,7.41402682072319,7.526980935478889,7.404402897293982
B2V8E3,7.508844396178251,7.541794179401172,7.5848964736801765,7.403683484741574,7.48644701247864,7.505133109295963
Q53TZ2,7.825158537111671,7.765254680573642,7.716692834124581,7.515214494526077,7.5778041696655905,7.680024943200313
C7EX18,7.310964613330944,7.511825385889054,7.426330392153194,7.437497804514371,7.366370901927928,7.410597819563098
Q8L7J2,5.9401591191660446,5.6042982085554,5.826115727524672,5.689600894356128,5.517498735978503,5.71553453711615
A7YN26,6.509805470731823,6.982935712007114,6.88374319042391,6.587941273589008,6.5744306838937945,6.70777126612913
C0BTD8,5.793829307083168,5.765460254442245,5.954299400600089,5.883053942759672,6.007520022003607,5.880832585377757
M1GCP8,6.247438101009408,6.669883042948937,6.391158048992678,6.802867084829709,6.224572662441977,6.467183788044542
Q9NY59,7.248061089400643,7.205527023209211,7.255358553797856,7.362570070904614,7.31419572931857,7.277142493326179
Q9AXM6,7.51346782742819,7.481709260825134,7.448569633643588,7.4844389427542115,7.508976201559692,7.487432373242163
D0EAP3,7.047021092469395,7.397207738336302,7.306041268873262,7.314575926838295,7.973288423095704,7.407626889922591
Q86D28,7.550081555509076,7.726163216092576,7.5898311974644495,7.642563952871697,7.557997329767161,7.613327450340992
D3GE78,7.655202031086851,7.5364085376866905,7.541342117342779,7.656384338227656,7.469796476728932,7.571826700214582
Q2I828,7.798928000684424,7.65818732294759,7.84955498828356,7.959126276701198,7.860217680743613,7.825202853872076
A7LGL0,7.309205949683184,7.00588856493115,7.311057831929034,7.143481310037821,7.334837722158535,7.220894275747945
Q5AJZ3,7.596287491287862,7.644309272881954,7.734568442691999,7.664896991555455,7.773089654766058,7.682630370636666
Q91VL8,7.502112135221835,7.326208098213004,7.397855501761866,7.443827880665532,7.422807004055412,7.41856212398353
Q96PD7,7.490794498058909,7.34889554662205,7.464517385081444,7.487630331752019,7.492443195549798,7.456856191412844
P94556,8.068764257908082,7.854391262716588,7.907863770825502,7.847162875442478,7.833982482546634,7.902432929887857
P80175,7.357458132982977,7.277934447857195,7.521443295654349,7.1525146160987685,7.319154833219763,7.32570106516261
P16469,7.559327980401429,6.903068166429138,7.318591930578519,7.3960405407958305,7.49167145865614,7.333740015372212
P21888,7.456865880266097,7.56920836646963,7.542611927199822,7.476972867827428,7.425975402688351,7.494326888890265
A0A109P632,7.927210693192144,7.210863075903377,7.4032138756446955,7.630712688812699,7.816081859536501,7.597616438617884
O32106,7.952492307137412,7.98653853698187,8.025798259375224,8.027878953638364,8.03840079499086,8.006221770424746
Q9YGB3,7.5413590297799455,7.733123031195353,7.794886505477368,7.736876581372808,7.925289783154439,7.746306986195982
P29378,7.411177526831728,7.330963032331088,7.399641287600405,7.3673590910109255,7.400251550045645,7.381878497563958
Q5JIZ3,7.6229362317198,7.480085880249693,7.571386778626325,7.60993095238651,7.474996160553991,7.551867200707264
B6D1W5,6.205038225154947,6.278516401639341,6.2904078402805546,6.16969629058484,6.136778832901582,6.2160875181122535
Q9LD80,7.653718881995729,7.862816617449303,7.605338192255248,7.423659807524725,8.175109715574616,7.744128642959924
Q96XN9,7.17050278673976,7.343314000126169,7.421327376166968,7.477213234082844,7.282524732466683,7.338976425916485
Q9ZAP8,6.571835322435549,6.499895319961043,6.637571578353132,6.712759206734789,6.617670548257906,6.607946395148484
Q9H1B5,6.943381733411241,6.8908012872823745,6.9529196930675745,7.043365749880996,7.000882653597737,6.966270223447983
P10584,8.174169300014356,8.099329135373484,8.156324248621777,8.037346211624177,8.172038196718201,8.1278414184704
Q96Y14,7.6320086442407025,7.421354530938394,7.561612824014578,7.698350685363161,7.5584581611696,7.574356969145287
Q9ZT48,7.553868677499551,7.698799374973623,7.534191803636453,7.445801819113289,7.545355477981889,7.555603430640962
A0A0U4MTX7,8.104473593180396,7.955197859845392,7.916076569259365,7.895690450892611,7.817592334255792,7.93780616148671
A0A5Q8BPF5,8.128910945817262,7.809957398730769,7.942108128068437,7.884921695720928,8.136173488119965,7.980414331291472
P9WJJ7,7.774652322350722,7.73534482331134,7.832582323440127,7.7764388002506335,7.738776593624948,7.771558972595554
A5UP31,7.770593555143545,7.836512015798071,7.769456299421009,7.8064150393731,7.693507471038631,7.775296876154871
P9WKJ1,7.990254661985621,7.68254326261209,7.737137376823386,7.754772584903074,7.949998654656909,7.822941308196216
P42738,7.9193860773531455,7.576032484571693,7.826610575596131,7.84729966724165,7.947762354306585,7.823418231813841
B1PHD3,6.293445151626615,6.667135917289492,6.418596311544659,6.350530563506503,6.143063309891517,6.374554250771757
C6L823,7.7495145906470055,7.766107608815149,7.689512473583793,7.634265688571004,7.659156053230333,7.699711282969457
P32189,7.310729087459441,7.382376426863814,7.423275346738446,7.41261450733169,7.357387658612772,7.377276605401232
Q877I5,8.139569186482689,8.189828766625304,7.867541285842838,8.293272734169996,7.849303312255591,8.067903057075284
A0A0P1DJE3,7.778930480886924,7.613482735143993,7.676338640483644,7.606144952633759,7.646549480752744,7.664289257980212
A0A168KIJ9,4.655519957150417,4.611579437014136,5.021097929529852,4.874646581825535,5.204357218673296,4.873440224838648
I2CMF9,6.398801939201866,6.532472861762372,6.564175982528658,6.9343658632810765,6.292766739014356,6.544516677157667
O67931,7.020372458479438,7.204477614436739,7.133142674234399,7.393842935814678,7.051685340360551,7.160704204665161
Q9WYH8,7.05005045640467,7.317565558827164,7.195283522768262,7.49161664899386,7.232455089930685,7.257394255384929
Q5W915,7.638065683205468,7.651736765218153,7.670547451901287,7.608575077643252,7.697829095547202,7.653350814703072
A0A090B6R9,7.426833554590355,7.247622336185154,7.416773429864833,7.3997374539233105,7.3901540887884725,7.376224172670424
G0YYC4,7.106295026572594,7.110314734996892,7.083317389290327,7.121963298607714,7.081889752996627,7.100756040492831
Q42868,7.378627436633126,7.415121586981744,7.430248326517036,7.400967223621158,7.488064902014052,7.422605895153424
Q6A0I4,8.02837541751308,7.999999892275683,7.9999997229716975,7.794831090539345,8.000000037909675,7.964641232241897
A0A0S2I591,7.203817842671105,7.162984294496738,7.143021184037125,7.169020799429365,7.117925849157349,7.159353993958336
P00175,7.417587031250026,7.650201124065337,7.622271824411742,7.296480885000738,7.3743137653937865,7.472170926024326
Q8IEX1,7.976160359557814,7.91270285663553,7.980832310036744,7.890281506566661,7.944732040837218,7.940941814726794
Q8W471,7.830067807200566,7.671045223494314,7.689083870650398,7.696265905246744,7.749964388936174,7.72728543910564
P39956,7.292051269106323,7.327127415110777,7.312403731173581,7.192444364658598,7.293986474960793,7.283602651002015
Q6SZP8,7.753915838817564,7.670271285270035,7.6947969747695915,7.7916791168319035,7.7683435836068995,7.735801359859198
P80656,6.90025780784816,7.118767645992719,7.055298222245807,7.11228857610125,7.130916655455884,7.063505781528764
O50083,7.909403170822014,7.905787907825166,7.845186200392206,7.804901791579637,7.851313222254301,7.863318458574665
C0HJ40,8.542821826486884,8.546425211828504,8.452927427366287,8.542319753713357,8.560300046593806,8.528958853197768
P34896,7.551614438601046,7.736649226636267,7.673563297498775,7.750279614040226,7.742087542544571,7.690838823864178
A0A4V7TJX0,7.927440843160724,7.803463781618669,7.878624940923531,7.866507529526479,7.853944288424025,7.865996276730686
F9VNG5,7.788146482415684,8.238654788600872,8.27405068418538,8.127487491719602,8.197947166557118,8.125257322695731
C7SEV1,6.005678917495409,6.460825157149467,6.386965422978273,6.4065061045404414,6.050070428333999,6.262009206099518
Q96F10,7.31881604744186,7.437272390108683,7.454467520469288,7.411922565244391,7.396418753205328,7.40377945529391
Q9RBF2,7.7771033166143875,7.723880595490408,7.65504366897072,7.805070583059333,7.667586489317182,7.725736930690407
A0A0H2WVX4,7.491231379755288,7.692129989359462,7.597310969701699,7.519986222834477,7.586447164558127,7.577421145241812
Q24K62,7.9128756405079255,7.880572118763703,7.721708413641222,7.70446155124154,8.061100294071847,7.856143603645248
A5IL00,6.511017356659083,6.436182263693038,6.398657116298586,6.379590916978093,6.5277859859014065,6.450646727906042
P26811,7.334708608765261,7.330814030001566,7.334311256970063,7.430316950678126,7.2684364460304565,7.339717458489095
A4IQU1,7.344170909998827,7.292800364190879,7.434925670095406,7.486862682422949,7.373221421719196,7.386396209685451
Q0ZR36,5.21205616314065,5.171101059315534,5.24514924550298,5.4457940993234795,5.081523217732018,5.231124757002933
Q9Y223,7.599942604514153,7.661902186710837,7.334576755620571,7.702242964633966,7.619810449009665,7.583694992097838
D5MTT1,7.64713538981099,7.469720898967836,7.38078657922844,7.588246443211678,7.588670550763691,7.534911972396527
Q8J0Q0,6.5597991430333025,6.608369101922936,6.368534029593487,6.310256134721159,6.474664787955177,6.464324639445212
Q8E927,7.705860823511983,7.4054867566764315,7.539378622777401,7.740905030846156,7.810812601542905,7.640488767070975
Q6SJ61,7.4999998692513525,7.499999939670451,7.500000034686961,7.499999828816389,7.499999915317035,7.499999917548438
L8B3Z6,7.720018522442728,7.575554638264885,7.769487355641994,7.579141364893867,7.89623705664857,7.708087787578409
Q9UJ83,6.880656031634224,6.836547383726421,6.876799300615584,6.902285826516869,6.8164968469882625,6.862557077896272
Q6STM1,7.230574066069631,7.552826023848466,7.572140282232852,7.209921591377519,7.472002242421167,7.407492841189926
Q9MZS9,7.595459330295445,7.293924008699635,7.583937431304006,7.586240840735508,7.617271865489772,7.535366695304873
D5LLN7,7.573069468715852,7.534622842482699,7.489440902288431,7.661120911042653,7.5028660875060424,7.552224042407135
D3TTH9,6.180485940714805,6.227837082055787,6.27610224855174,6.169149047780005,6.1502194145245594,6.200758746725379
Q006Q0,7.5080820606563865,7.432477358265705,7.45163339511642,7.445371158032788,7.524681286391139,7.472449051692488
Q9KVI8,7.945296665206463,7.678945851359965,8.04941378498167,8.03795013634754,7.992466701970022,7.940814627973133
Q65DN5,5.973057503522656,5.678975536352603,5.5941996783459285,6.154892765746423,6.031992752163331,5.886623647226189
Q9AJC6,8.343213898590097,8.460955244336516,8.426481873022789,8.358605266150843,8.310233036831228,8.379897863786294
B1B5E3,7.2021817311526295,7.222925735415827,7.203301807700231,7.217585510397644,7.209893539116759,7.211177664756619
Q5FMB7,6.277499854255341,6.543185875812422,6.699111367011631,6.721047483469942,6.490879772539605,6.546344870617789
Q97ZF1,7.68730481286981,7.777635106261064,7.9938335392041076,8.053542694176103,8.109037840491714,7.92427079860056
O86224,7.052605610858427,7.82097228314205,7.1427548479146195,7.109302837136141,7.918837827303486,7.4088946812709455
Q45NF5,6.4420508194328185,6.25768747448752,6.474041908379317,6.548611240950297,6.483342121618164,6.441146712973624
A1XG20,7.326869953740014,7.3988693293414824,7.344622989884095,7.252934119571529,7.370605925895019,7.338780463686429
H9N289,7.152093634471862,7.147150903380725,7.179172759270266,7.235679428696085,7.147991905917715,7.172417726347331
E2IHC5,7.169789744734512,7.514042391797767,7.4937229619858385,7.423266950288429,7.234751808573766,7.3671147714760625
Q27Z07,7.211987026869584,7.338673733698371,7.207306626963886,7.244942307726898,7.201322805245523,7.240846500100853
Q80Z26,7.280938703646294,7.2721506377280924,7.22420296282559,7.157844266599282,7.3800996114657975,7.26304723645301
Q4DEJ0,7.285251027444238,7.388317474231733,7.326978159836594,7.301973358590338,7.91907796631523,7.444319597283626
Q8FL89,7.9804144339692575,7.858941604284562,7.953803320154735,7.937120938876392,7.989142205598505,7.943884500576689
D3KVM3,5.000000809244645,5.000001463576954,5.00000120773869,8.037842474133559,5.000000819872116,5.607569354913193
P9WQB3,8.069954224266061,7.876473196650965,8.02812804021816,8.143919452529232,8.030453845482478,8.029785751829378
Q8H191,7.934342909443755,7.871845658696344,7.905331861133386,8.059324995916265,7.90881243112461,7.935931571262872
D5FKJ3,7.706498447624314,7.483513460253459,7.548142039604444,7.700143069064677,7.733117739276988,7.634282951164776
Q9XF81,7.033737822524505,6.814034072286029,6.969821012664698,6.8331422001788695,6.800302241286278,6.890207469788076
B2IZG6,7.225493063066002,6.798320113097949,7.156269923956112,6.952349014012185,7.263575073464928,7.079201437519435
P13255,7.643326652498482,7.705700570365041,7.783857914014414,7.761353492529001,7.794427298407063,7.7377331855628
Q9NXS2,7.289610419140368,7.140956333963619,7.0946671317445436,7.242118284598879,7.364856272148158,7.226441688319115
C5XXT8,8.446383729218534,8.501586944728192,8.423073342718318,8.444207133085218,8.440955776545927,8.45124138525924
Q55088,5.877839865087424,6.192969851003831,6.086903927577026,6.276333768932009,6.072508097470524,6.101311102014163
Q9S3U8,7.4921476870882735,7.605703580837138,7.581829752999926,7.656029894598053,7.671179133387911,7.601378009782261
Q9WYB3,7.2069052415632875,7.322088350597909,7.288973761175686,7.273038188713262,7.202448341535476,7.258690776717124
Q2I6W5,6.940250862782804,6.647049691371931,6.7299259123094695,6.36207162249644,6.632097487578779,6.662279115307885
P22936,7.380519017953613,7.0643600487793625,7.219720712246772,7.307741494557733,7.317964726620596,7.258061200031615
P09391,7.435133837383219,7.676510585745229,7.515381799921938,7.403187170724369,7.630482482867464,7.532139175328444
Q187D4,7.748482215676903,7.931581473209765,7.810836837971497,8.10616856446358,7.994625537047194,7.918338925673789
A8YPP3,5.440527577498042,5.369536076499037,5.673167321256809,5.454663184172032,5.519449719694548,5.491468775824094
G7YHN5,7.777851108773857,7.545082367830535,7.658824873000807,7.620903012161381,7.891678285976276,7.698867929548571
C7G3B8,5.989229658515482,6.337995311206792,6.142181322660761,6.199957186278414,6.090669228664559,6.152006541465202
O49855,5.772298798966731,6.065423043525266,6.048321702358516,6.021982618548814,5.894780170892073,5.960561266858281
I3QNS7,5.885966874088058,5.630500999114043,5.669520202701866,5.714505359267184,5.7081723324985205,5.721733153533934
B1XLK5,7.743713910517593,7.946201724562214,7.866604802636663,8.028189465160667,7.8676185097349975,7.890465682522427
O34508,7.444519325515364,7.4625206401271935,7.549462894565758,7.611741268062366,7.614618561672026,7.536572537988542
I3DTM3,7.790244522030276,8.749999692580326,7.780926182566239,8.749999708342717,8.749999604562271,8.364233942016366
B0M0V1,7.845572371581761,7.629987581873184,7.6979634644926795,7.923455961848328,7.675135803950388,7.754423036749269
Q9SYK0,5.457573922208766,5.575112592391521,5.43220887587837,5.5902427791815645,5.1905552112773545,5.4491386761875145
P33038,7.5541172006089745,7.925841353272724,7.727203037666209,7.922909668100754,7.710799786547174,7.7681742092391675
P19265,7.561578643857789,7.734804711644596,7.897362786797366,7.894505523231702,7.710828154239936,7.759815963954277
A0A0U3U5E8,7.532809289841605,7.550095760308247,7.584301964636578,7.514405353001768,7.568384097064852,7.549999292970609
P30632,7.952541330609012,7.814928944704155,7.862975261023502,7.704470363601843,7.820764428144177,7.831136065616538
Q6QGY5,6.613953597760245,6.331201598748718,6.220845952137131,6.415465106451743,6.542658283542476,6.4248249077280635
P95867,5.938415535739618,6.1552524101096395,6.374219774873862,6.026131373468275,6.059635116524722,6.110730842143224
A0A1J1EM40,7.736167480145232,7.454012700059062,7.570071229791383,7.635955427277545,7.668608669127597,7.6129631012801635
P40495,7.589289662360362,7.762790065550136,7.660030925095642,7.642457539807545,7.533057651637035,7.637525168890145
Q0GC07,5.350164860360641,6.608797755106199,5.6300451755331515,5.578740212306734,5.579998976775255,5.749549396016397
P18644,7.619764720590731,7.572273618304568,7.649979586759677,7.509573492133275,7.6699345566178305,7.604305194881216
Q9F9T3,7.400768396901502,7.609266525962636,7.671615297431366,7.454127207865746,7.636715329375028,7.554498551507256
Q97UN3,6.41675063307574,6.377477643663946,5.911826851630238,6.283102055520591,6.406849283212434,6.27920129342059
Q9NRW3,6.65716804711974,6.949578567980343,6.83101396229501,7.06465812197321,6.658316822039714,6.832147104281603
Q9Y7P0,7.827675856713467,8.09442122118696,7.9372809024574815,8.2810111859279,8.139654981240916,8.056008829505345
A0A1L5IUR2,4.8613205507390695,5.100302664131766,4.902229891897123,4.874278869333578,4.940671662529054,4.935760727726118
Q8GUE4,7.314112578680198,7.147176340007927,7.285443371424366,7.344847861855955,7.289664953271011,7.276249021047891
P17182,6.71406157217273,7.073984628508684,7.010379798557203,7.288326847207861,6.913778753382145,7.000106319965726
P48740,7.669582508758759,7.771940086564581,7.740481429577814,7.651212538167536,7.628626769515081,7.692368666516754
Q00985,7.1479437345055015,7.092838122598878,7.0819350948933275,7.081726713047395,6.972782646386079,7.075445262286237
P31343,6.836370816833766,6.886031309639749,7.038962849373745,6.965788454375066,6.6858920656913075,6.882609099182727
U5JE22,7.930938812791254,7.8089630723963,7.706520782545877,7.6159042838400275,7.79073805677112,7.770613001668916
F7YTI3,5.281728055009279,5.4548886774017635,5.399544870865815,5.4650362766073926,5.318294991980649,5.38389857437298
Q12463,7.658299959893462,7.5954856038905,7.522469940112315,7.5807482703758335,7.633503756979437,7.598101506250309
P12277,8.76645001254609,8.489183283202527,8.770811928464989,8.669968765925027,8.845674182472818,8.70841763452229
A0A1C9ZZ39,8.089205910403576,7.9316534605861815,7.967207365290036,7.718928410486543,8.082230012096991,7.957845031772666
G2RGW4,4.705822439182943,4.7943450241806,5.078368414559404,4.614950703827659,4.2248574610926815,4.683668808568657
P42216,8.092310983033638,8.065035834116205,8.097505851893997,7.950149714961316,8.13739360131058,8.068479197063146
P40345,7.088505550460999,7.208636712514236,7.236848110618376,7.292151993991812,7.213775139108909,7.207983501338866
Q7U4Z9,7.504985189474743,7.604329869341597,7.475893208315699,7.524904052196936,7.481728487723631,7.518368161410521
P00751,7.649709126488396,7.759209383600335,7.672472457157827,7.547899687136431,7.705602053528413,7.6669785415822815
Q0GND9,7.362654773326028,7.333886549377093,7.365453380700346,7.403001435011403,7.35839342066082,7.3646779118151375
A0A2L2R220,7.719691263044339,7.174711011170644,7.161273669356468,7.254238096907656,7.29525942923392,7.321034693942606
G9M5R4,4.910798519797509,4.866169452521477,4.428482368541323,4.796950642851888,4.604905014907935,4.721461199724026
P9WKL1,8.033542214336507,7.810757066084198,7.746581743100556,7.889605164858333,7.883816218521295,7.872860481380178
C6L684,5.817596393284074,5.939098567766244,6.041173407290347,5.9078877184670855,5.934759823032605,5.928103181968072
G1ARD5,7.224406925140702,7.368964380878435,7.506819451083135,7.341467500462752,7.180312873257373,7.324394226164479
Q9P6I7,7.4798334781431945,7.484937737159232,7.416714556446443,7.467351402098574,7.314436944209458,7.432654823611381
Q28653,7.206932318124339,7.0625605285930995,6.976166883504613,7.117719459296353,6.885606650404281,7.049797167984536
Q9VSM6,7.436972146233331,7.487711371478941,7.427409410872757,7.480460668177242,7.4,7.446510719352455
D4N892,8.201483316306048,7.9990340835287705,8.105158788729396,7.906494000112181,8.065020033924338,8.055438044520148
A0A0K2GVV7,6.617487206508002,5.629625724567454,6.282935629806017,5.449141958320636,5.288083452423356,5.853454794325094
M1VDX3,7.39341775255733,7.520281963389428,7.580279991160374,7.619411254995153,7.676721610703028,7.558022514561062
Q9I685,7.362754775205984,7.59144121366287,7.371985291929224,7.453856199619561,7.348762479495196,7.425759991982568
Q7K9G0,7.335987536562984,7.660327226751613,7.397566473995958,7.4097004251421925,7.466201797400727,7.453956691970696
Q5JDJ7,6.549614138451629,6.475547373447968,6.253848509885106,6.427618606141798,6.280725915755254,6.397470908736351
P0A9S5,7.873636159280623,7.91202280748991,7.8733411452100786,7.9716688187983635,7.884858165988197,7.903105419353435
Q76L36,6.953126581209606,6.872319765828431,7.06719358703748,6.912531012702317,6.935542862761149,6.948142761907796
T1SEU9,6.223266480952633,5.984531398120521,6.080730211458097,6.145778126715776,6.192719049400822,6.12540505332957
Q9R0P9,7.721205244783974,7.480989189357401,7.695422025465862,7.692896002643746,7.727259663623395,7.663554425174875
A5YM72,7.474811764994932,7.5687566527276395,7.463555384058819,7.46792675087114,7.481046808093336,7.491219472149173
A1VMN2,7.183964556037902,7.129129608586977,7.1993668089717655,7.232060226535845,7.1597759556019875,7.180859431146895
Q208S4,6.37290211517846,6.036218012832475,5.949316319479821,6.192620366057051,6.315169486627398,6.173245260035041
J7LH11,7.129071348332726,7.094701335424499,7.209426275598132,7.233143125855369,7.094479386137624,7.15216429426967
Q05526,7.121138392218526,7.1224548330954836,7.172218488981642,7.108348028458606,6.696303880142626,7.044092724579377
A0A0H2UN41,7.6510554665682715,7.680253018770943,7.642740936570744,7.834230562341755,7.939417055663126,7.749539407982968
A6N8S2,7.671868229290776,8.006287615386364,8.090787190505713,8.161331509114081,8.166854821625357,8.019425873184456
F2X2F9,7.35649843456981,7.4184353924706175,7.564081717536906,7.402832690032871,7.589179565902434,7.466205560102528
Q20CK7,7.3989836846059145,7.4021950593328985,7.399392866857214,7.420126586672437,7.399629923515466,7.404065624196787
Q4U338,7.843096235424142,7.611762090878488,7.7587338719969,7.978803329050583,8.056024782929457,7.849684062055914
A0A286K338,8.949966391102695,8.976183244897564,8.93771588445177,8.650079653585774,8.964539093775459,8.89569685356265
Q31QK9,8.526155473950215,8.141985784911425,7.951914465906855,8.239892855483328,8.529793206618134,8.27794835737399
M4GRS1,6.197490551203995,5.866798668213717,5.437938139662796,6.058848336851977,5.910776988426155,5.894370536871728
Q8TP42,7.51012819486955,7.576252617317842,7.414181988830068,7.229371660087083,7.507250778064613,7.44743704783383
Q40733,7.204452750117337,7.203156625379458,7.230764218979941,7.002811850788738,7.306027171490803,7.189442523351255
Q09LX0,5.954230373439948,6.043209566116393,6.123666302606683,6.101447681332065,5.978288084950226,6.040168401689063
A6X7I5,7.424446378603562,7.670900042701797,7.529144880446586,7.449704101337312,7.259248900735882,7.466688860765028
Q7WT42,7.381339870170024,7.796031709685833,7.583971860797126,7.540895289128741,7.102851463860818,7.481018038728509
G3KFX4,7.624168792059128,7.810076891680598,7.691775688917497,7.7497943412948365,7.68110815378759,7.7113847735479295
A0A1B1WA14,7.607262701545657,6.971707233323555,7.261198288653612,7.319981705969479,7.395804263253957,7.311190838549251
B1HX72,7.939821913761103,7.950577911474708,7.987567157956872,8.09409776138478,8.044858211104577,8.003384591136408
Q980D0,7.394689888609501,7.558984247601542,7.420434133299471,7.417605186540339,7.439217058506054,7.446186102911382
A0A2H4PKA2,6.5665198113182965,6.669988155152324,6.68120230331574,6.898892111996243,6.7597535702415605,6.715271190404833
Q9FKB3,7.749365745071387,7.924513046245529,7.798546593174797,7.821898095796804,7.807437839543159,7.8203522639663365
A0A2I7M6F6,8.013531835036282,8.010771054184017,8.018839598003916,8.049759651079878,7.998963060474459,8.018373039755712
P53610,7.470861424822144,7.255256780819104,7.47512129453543,7.57148657715916,7.476752750063161,7.449895765479799
Q5SKV8,7.585946097341305,7.638979195355176,7.636516317744751,7.673624343906249,7.617238730348831,7.630460936939262
Q8ILT0,7.685627369345417,7.824169275073524,7.917274931012001,7.739497705065874,7.670646931114077,7.767443242322178
A9CK16,7.777525304854515,7.706651480527062,7.91782618937264,7.728038795894303,7.791169456150539,7.7842422453598115
Q9H8P0,7.3309839544119635,7.332801473527356,7.333694889474295,7.304889911676708,7.346446151903969,7.329763276198858
Q7N6U8,7.886358284055908,7.949353726814394,8.045642207523478,7.949740706513618,8.095367741104905,7.985292533202459
A0A0G2R4X7,7.392041355720401,7.372995101143909,7.3552289999626135,7.411308628531837,7.37963451212367,7.382241719496487
Q7M135,7.949440863137135,7.273091332309976,7.450667506759817,7.664030581641266,7.924318719487642,7.652309800667167
P21693,7.480114871168195,7.632063638217339,7.57816652283012,7.626553342369098,7.682172092542575,7.599814093425465
Q58428,7.402884862154062,7.324881894832171,7.483407596850659,7.48496292571447,7.539807224920765,7.447188900894426
Q5SH52,7.754439904526533,7.833096749499867,7.770017136201974,7.849011347558818,7.7949790236417575,7.800308832285791
Q5PRC6,7.3168417198670195,7.600602663028839,7.275033495719091,7.174500165839795,7.1283025648895375,7.2990561218688566
Q97U35,6.957563612551332,7.19723122945703,7.112726817092501,7.152083842620119,7.075747745958055,7.099070649535807
C4TJD3,7.815033831364733,7.574592792576897,7.561272484230511,7.805648433204979,7.85602444632692,7.722514397540809
P50554,6.772829847474442,7.15659272398173,6.99430780643033,7.387757179581333,6.856294258409905,7.033556363175547
P48629,7.587671212257576,7.474985223909668,7.582250509110914,7.7051356961686714,7.564804354193255,7.582969399128016
Q59IT3,7.799262222674805,7.2799313180927845,7.802529624059639,7.830499359103825,7.789981369092597,7.7004407786047295
Q81W29,8.54716648088609,8.293114711323248,8.418848719607615,8.378703614579964,8.535990967877808,8.434764898854946
O29841,7.116822570051202,7.516222723515218,7.542743803926205,7.427327601013207,7.354738172899472,7.391570974281061
B5LX62,5.996655872217284,6.2121971898256,6.020162750077942,5.934598968240866,5.935310391618831,6.019785034396105
Q21JW4,6.705137498815795,6.702809968649827,6.767824041395521,6.674535680366416,6.90641084541892,6.751343606929295
P06525,6.726293388798773,6.8473212416964255,6.696230559204708,7.077928465294303,6.844338204850609,6.8384223719689645
P00359,7.822485545886619,7.933485880979221,7.885151512285628,7.740415859924337,7.676369524133596,7.8115816646418805
Q08169,5.680148194978631,5.670250215055387,5.727868784017026,5.774264250842458,5.808198201325419,5.732145929243783
Q9XUS5,7.453094401666373,7.542890927903043,7.527493318090782,7.593424842442192,7.510823730733775,7.525545444167233
Q9PF60,5.986635372797501,5.534505194217738,5.72483385324241,6.095757021296186,5.948261841659981,5.8579986566427635
Q2VAZ3,7.4962574613052215,7.399195852506754,7.402125335466957,7.425186561458281,7.4349469222759375,7.43154242660263
Q964H2,7.961677544042551,7.7116497966259026,7.955886152693523,7.658630031782607,7.949997709026489,7.847568246834214
Q8IJS1,7.438459346630519,7.422579468210685,7.442237563611723,7.448702130117839,7.440839062650612,7.438563514244275
Q59618,7.669284491265797,7.900926876958223,7.9777188824080785,7.910703934911622,8.171623180285483,7.926051473165842
O24736,7.046758848072911,7.352036039829706,7.233075361538884,7.213583795229399,7.293756704235709,7.227842149781322
Q7QF91,7.243445151279353,6.648710017233304,6.84803168181929,6.707905815091915,7.023717307709453,6.894361994626662
O95932,7.909828164562434,7.392442070245138,7.556264872088494,7.858182131425548,7.905770228273629,7.724497493319049
Q5UB52,8.384915335349344,8.236053623248296,8.224814802322273,8.163919114962995,8.371563679424431,8.276253311061469
P42588,8.475642173552998,8.322092950566173,8.511834250318989,8.461535260111837,8.39774000428157,8.433768927766314
T1UPN7,7.069972906908664,7.063579734824799,7.077749297595876,7.1280120050023665,6.961141604562416,7.060091109778824
A3DIL8,7.63882762638805,7.648735313626936,7.750391738433999,7.691215980544839,7.498197890518663,7.645473709902497
P24158,7.7717570463970675,7.7043927176632945,7.7924519803100685,7.648946409774094,7.654494121316309,7.714408455092167
P07941,7.523459478940831,7.4166422139688795,7.304776768767557,7.495182712893232,7.559324925793248,7.45987722007275
Q8ZKQ6,7.682719918842935,7.53649658905786,7.494636584610378,7.451324271495823,7.4680544497428,7.526646362749959
Q3LSM4,7.682333841483604,7.934420240754869,7.827144657948571,7.557141901531983,8.080565970446656,7.816321322433137
Q9CA75,7.089214215750388,6.859510690016897,7.085927435026441,7.075073375111074,7.013613717987326,7.024667886778426
Q8KZT4,8.250788498237473,8.518165612161543,8.473349367132267,8.288073125656231,8.41088134175876,8.388251588989254
A0KL98,8.119858349024147,8.274083688828535,8.205591520660164,8.351484869275389,8.46995867436,8.284195420429647
P95189,7.412920312836727,7.460246978712189,7.557610168179397,7.496561688107102,7.413783144086214,7.468224458384327
P98194,6.96844172480157,7.221163347140518,6.992667917546622,7.155186954340632,7.052670604359226,7.0780261096377135
P0ABN1,8.121570633124284,7.602833200563028,7.923500025096736,7.874516914325925,8.05401722678791,7.9152875999795755
A0A291I5R3,5.439402283577293,6.074186021812836,5.7366291110479395,5.95382578501782,5.581264078285786,5.757061455948334
A8WCU3,7.386399803356397,7.48218417064729,7.427837445282301,7.433090611319092,7.382599940699386,7.422422394260893
A4VMZ0,7.476642831217798,7.524624458391022,7.588456079170665,7.502384117351081,7.4883054891503305,7.5160825950561785
P17050,4.675193735104868,5.1119639684273555,4.965826472203184,4.838520088284368,4.225920343844598,4.763484921572875
C4M2I2,7.715866345686891,7.504090343203007,7.7183135824235585,7.67518925954262,7.663846980461978,7.65546130226361
A0A143G976,8.3067784976425,8.281849440377012,8.409602903099273,8.134854181964602,8.266920719208475,8.280001148458373
P53555,8.914390779808226,8.67792030452369,8.922501618855563,8.651811430067891,9.030540680835784,8.83943296281823
A0A221LFZ6,4.649602669067596,4.525604058405833,4.7406427319526365,4.647744706883369,4.422048354734786,4.597128504208844
Q90WX1,7.387820088520397,7.437801624667773,7.38452765530571,7.352522819084598,7.360851578973769,7.38470475331045
E5F146,7.4358439982224205,7.59957017499642,7.419062853777098,7.4114756247647335,7.506293228425507,7.474449176037235
Q9KPS2,7.82999996297833,7.830000004250019,7.8300000129350344,7.829999867292309,7.829999972691103,7.829999964029359
A0A545BBR2,7.505360545801965,7.812092424720925,7.706850242091328,7.964502151039893,7.803132875822525,7.7583876478953275
Q9Z2A5,7.336248325701964,7.3502147090050425,7.27167118650796,7.392091181659124,7.368103124217241,7.343665705418266
Q1ENB6,7.6912437756956775,7.70363716723176,7.735302081260708,7.617523496585923,7.801313243618342,7.709803952878483
S4VCH4,7.596656857295525,7.315296039395012,7.646419946557176,7.408600331140583,7.6499169578911275,7.523378026455885
U5RZT9,6.262611421782072,6.495192744456796,6.027771265491518,6.512148811664536,6.385068689586101,6.336558586596205
A9W9U6,7.57002204550137,7.380814790576785,7.423025710520134,7.461811398217767,7.344876781841499,7.4361101453315115
O50123,7.424175026771499,7.7109917260287055,7.799452170210166,7.674998153289197,7.763240101713295,7.674571435602571
H6BG92,7.59833541772537,7.718161445741197,7.541074426152845,7.5026742473565236,7.586840652550137,7.589417237905215
A0A075B5G4,7.64760839319073,7.59014015548955,7.7820964491989315,7.544403546223988,7.790010019472742,7.670851712715188
Q6QLL4,7.37650715556294,7.341983406883494,7.489528402117256,7.289738449158628,7.357300715302069,7.3710116258048775
Q70KY3,3.7291314853858237,3.641924467188341,3.881515088748574,4.237285393618309,3.674155418185266,3.832802370625262
A8CF65,7.852818216096676,7.918773526756576,8.07544096553456,8.122256483580943,8.078283631222222,8.009514564638195
Q70DK5,5.826716001595621,6.303374618437777,5.86662531565783,5.740996133082277,5.903916425026466,5.928325698759994
Q93X46,7.8507882316453745,7.760947202778805,7.682926840176966,7.860178002802096,7.8995029663784315,7.810868648756335
Q9P8H5,4.658906104658167,5.029705530538951,4.67297811153987,5.073092978963702,4.782937221537692,4.843523989447677
O96437,7.754590540766508,7.6488070995375175,7.794367317118111,7.46369809145429,7.828280802201014,7.697948770215488
V9SDP6,7.4677476297278655,7.235578886434048,7.019879016294021,7.3616740565892895,7.44477360551414,7.305930638911873
O48709,7.33162447340994,7.411015773169948,7.381055332016385,7.311401343068038,7.399159991736266,7.366851382680116
Q7YT62,7.80274917564229,7.831263664578865,7.81551450823221,7.621107085904304,7.7627211054357765,7.766671107958689
A4CYJ9,7.632712722225099,7.659548113793494,7.74652734510137,7.5686151427012955,7.768066307473028,7.675093926258858
Q4W1X2,7.019290116305963,7.196449941837137,7.156810194096667,7.443955282095099,7.185435180193007,7.200388142905576
P55211,7.2481978965432985,7.368234417211006,7.384240086408293,7.349063532333716,7.285351847375099,7.327017555974282
A0A140JW76,7.619426993672246,7.572268352756841,7.679940278612092,7.699687382567935,7.714904798407486,7.65724556120332
C0IRI0,5.891888882739092,5.754275579597172,5.88937962391212,5.794435680351253,5.8094855376929635,5.82789306085852
A0A165QBG6,7.396958912799805,7.395191334252752,7.4947586154009915,7.038101015554466,7.18621874725177,7.302245725051958
Q9M0B6,7.539269235100559,7.757284765128883,7.727340772722526,7.700491917764634,7.636532908574781,7.672183919858277
Q9X6Z2,8.833750406155767,9.27466012117988,9.284686229722702,9.163153381497084,9.096487805612878,9.130547588833661
O33707,7.765176649594336,7.767037988297959,7.7790063005168015,7.66232201984314,7.653712759775914,7.72545114360563
B3VI58,7.576310728817686,7.438255263055648,7.6044974773187874,7.577132671565997,7.560807377072781,7.551400703566179
Q9KZL0,7.042386285568009,6.9764234874826645,7.041634719672855,7.290848558648181,7.042388463753102,7.078736303024961
P03697,7.503026766770076,7.623665875007809,7.764098381777099,7.594610777473681,7.801566240345332,7.657393608274799
C7FF04,6.671050424460486,6.606258114111472,6.577996200959836,6.6886852873411415,6.479850853258535,6.604768176026295
O35795,7.202979218191751,7.269765314798262,7.157890064363655,7.201941568126413,7.287967495369992,7.224108732170015
O95237,7.324400025715374,7.189555977359692,7.479410191329044,7.6251750073245255,7.384762314274207,7.400660703200569
O67379,7.279180458543264,7.44605928556056,7.572211730089947,7.4087882620813446,7.391153159669798,7.419478579188983
Q9LJH5,7.374030175050532,7.526905314453065,7.540246086190678,7.317131783083244,7.440064293417356,7.439675530438974
P15334,7.638100571928462,7.7704759874377345,7.7676621610415655,7.624880695483918,7.719588789764015,7.704141641131139
P94531,5.793221356212973,5.910398820963005,5.806105089072716,6.104951948075474,5.793046400172015,5.881544722899237
F4NCC3,7.657914892257105,7.922265621332553,7.677141374040419,7.638791954247541,7.827897230189752,7.744802214413474
O93634,7.299347664307826,7.719460487727952,7.69565585213661,7.695607778604688,7.665451085793458,7.615104573714108
A0A3Q1MJ30,7.459165836840105,7.457858003470217,7.449849502285762,7.430957180899796,7.458745905561426,7.451315285811461
P0A9G6,7.560959015400348,7.549543950211603,7.581951395776789,7.632033947423005,7.527023987032219,7.570302459168792
P55212,7.2456632164754655,7.451421868633382,7.490047051381868,7.390279559801426,7.225001346218102,7.360482608502049
A3GHR6,6.26461590013014,6.4038547572604205,6.300402469082656,6.632152815889928,6.268649634967126,6.373935115466054
C6XY24,7.051047344113414,7.355580291642131,7.222694857368836,7.324176558986488,7.142846101528565,7.219269030727887
P51182,7.636905464855338,7.540206324889549,7.558847484660969,7.6022047055218005,7.582226120467025,7.584078020078937
P43099,6.62693211296007,6.748621250648567,6.705065392762702,6.823457554773164,6.40755728725977,6.662326719680854
Q9VRQ9,7.328601468358173,7.278818393463527,7.525886212271943,7.127932816800752,7.456779781677641,7.343603734514407
O22975,7.188949577134233,7.41580369149124,7.208206667021523,7.316095179572821,7.137394423490201,7.253289907742003
Q6RHY1,5.960144473762823,5.829053135904227,5.858898501335391,5.9153503153405715,5.932944516640134,5.899278188596629
Q6LFH8,8.444877207076196,8.204324553849967,8.436591057877665,8.452772613516089,8.589348432538387,8.42558277297166
Q55145,7.851214272382055,7.533099224045223,7.8082624209132705,7.7655059465098635,7.757767537721884,7.743169880314459
A0A0K2X0F2,7.509889409769973,7.354805467869858,7.409305181067133,7.186713956325053,7.494021644040683,7.39094713181454
Q3HL75,6.723800157040815,7.039801462991308,6.963651852828938,7.192692023518968,6.824322183526929,6.948853535981392
Q9HXT9,7.805018116159205,7.793453316140988,7.757997744541797,7.875431751408987,7.808203418639787,7.8080208693781525
C3MC80,7.661630379624733,7.532036145076025,7.790905108771744,7.960538957427708,7.602968061210314,7.709615730422105
P77978,7.565957596403053,7.420717668502881,7.663859812173032,7.481438633270134,7.710939824345797,7.56858270693898
P21170,7.7309564432238425,7.7297294191193515,7.632408648584466,7.6347160228894815,7.678572423472059,7.6812765914578405
Q4QEZ7,7.451426042179156,7.447958665606318,7.3091818375304065,7.562224316970189,7.376321375306846,7.429422447518583
B3GNT7,7.3200634249851095,7.3573439238949625,7.326124321886384,7.285429059297362,7.25331248356253,7.308454642725271
A8CF76,7.364213507368113,7.560619794349076,7.3342710552325565,7.3163966216008385,7.358284129239338,7.386757021557985
P30749,7.465877716278706,7.64022938652974,7.553786505628214,7.537068723410993,7.644767893897475,7.568346045149026
Q8BH86,7.549755208656364,7.695566898658958,7.522228248208713,7.512443236290279,7.602707521668193,7.576540222696503
Q5E9F2,7.359500215855245,7.334328855392235,7.290355679860928,7.309946403147631,7.340305475692466,7.3268873259897
G1EHI3,7.899218319606742,7.676637592817507,7.757538333090954,7.870158765819715,7.897787719725165,7.820268146212017
A8INZ7,7.517118409553298,7.461709035834647,7.538823240260012,7.394852232066659,7.517884632444505,7.486077510031825
B8YAC9,7.592870759466969,7.354892151169769,7.242747386319156,7.408515657955529,7.178602334853917,7.355525657953068
Q88IJ7,8.031107468041998,8.23911173837387,8.330676509396916,8.121568361662781,8.46249860159186,8.236992535813485
A0A1L1YPD7,7.358418618680293,7.201197369588324,7.027411529028241,7.331036354311187,7.284443797749232,7.2405015338714565
F5HPS1,7.609425695519924,7.5589929440259525,7.600062314385898,7.520038065736387,7.606366849579878,7.578977173849609
Q3L8N0,7.548765708140603,7.423788891454894,7.578197350671003,7.239543392837901,7.49188527445418,7.4564361235117165
O87872,7.202167209492581,7.24495265982228,7.277196367029432,7.335570415379889,7.158483369727309,7.243674004290298
Q3C1A6,7.95933166204688,8.16932770269616,7.988757882350525,8.151831776396577,7.812900727089972,8.016429950116024
Q1KLC8,7.265464032495649,7.235610921235283,7.293265889073246,7.170987047341595,7.282868229183535,7.249639223865861
Q59971,7.666697484868909,7.57067059699493,7.645453250095384,7.699331528004677,7.667182765278026,7.649867125048385
Q93V61,6.973544298616817,7.176916259233813,7.206166076557011,7.282329632914314,7.243979902689162,7.1765872340022225
Q53U20,7.526394033694574,7.526016571644085,7.509981478242381,7.616445416628507,7.534576805586876,7.5426828611592835
B6UYJ2,7.172693311161146,7.208813978131748,7.103184705261757,7.088182470453951,7.0839655558028065,7.131368004162281
O00767,7.540359323228989,7.44223155273407,7.505093260701269,7.632797240776988,7.543887098241272,7.532873695136518
P79074,4.842898624668763,4.559296702776907,4.823518517144347,4.903114491791651,4.615214656222002,4.748808598520734
C0LZJ6,6.288912835629754,6.142321176840779,6.5219973012695664,6.538075382255815,6.350835592357292,6.368428457670641
Q6Q271,7.724231561148961,7.772453675699413,7.560969480913984,7.644904718322067,7.570680130271983,7.6546479132712815
P98060,7.828181291403772,7.850480190243893,7.874987455908665,7.747597848455975,7.768806761137638,7.814010709429989
Q8NQE1,7.833190199726806,7.867687956747661,7.705038412169925,7.870141822937695,7.694512340418935,7.794114146400204
D8KIT5,7.564585706391575,7.839135517077563,7.6432731554827,7.565415823661498,7.591681969344975,7.640818434391662
P95868,5.500000334411265,5.500000745262055,5.5000005171899025,6.816823899628256,5.500000440451246,5.763365187388544
Q57872,7.450131454879468,7.62537904596038,7.719710486328071,7.518049415285899,7.574574645184033,7.57756900952757
A0A141NXG8,6.903841987961494,7.111217405537733,7.3255228939356005,7.2286288770082745,7.074001082051042,7.1286424492988285
Q7X2D3,7.804900504994671,7.931089578571666,8.064964507071991,7.964039602861239,7.904628106340825,7.933924459968078
A0A120MXM3,7.607912390416758,7.645814821265583,7.807540762539764,7.765588118131042,7.672921540400695,7.699955526550768
P26997,7.479414349456146,7.609371231464417,7.662662478027501,7.616317610987348,7.434252226134726,7.560403579214028
Q93EN4,6.4253681054849086,6.618699481615492,6.404847198029588,6.4535456502483495,6.362165336076615,6.45292515429099
W8DVW0,7.484968719854669,7.517328837216528,7.462270184820236,7.527420890595938,7.625660561660105,7.523529838829495
A0A0C5QH30,7.061250851255762,7.183302904791976,7.109238641388028,7.148604584285943,7.173090313999612,7.135097459144265
P18440,7.342571292271028,7.433360046629964,7.328045295947441,7.403159807516143,7.367362576202725,7.374899803713459
U5XYA0,7.687317477915088,7.7302792677573215,7.786150505936057,7.647140844466344,7.652161605825324,7.700609940380028
Q8PYZ8,7.61674646440998,7.666581642943566,7.687223189217903,7.714616986449007,7.64239005744883,7.665511668093858
Q9C1S7,4.938810383357544,5.07170213210535,4.748025181881744,4.839928925348704,4.8830540370004405,4.896304131938757
Q9RJ84,7.5438788250401325,7.593912337070973,7.648796778967991,7.631254721838554,7.402473421310097,7.5640632168455495
D3GGN3,4.60447771841045,5.039928690795036,4.723946705423163,4.869642655577116,4.586371710658905,4.764873496172934
Q94F00,7.711964586039,7.6912364543681075,7.90617829029525,7.762736101838298,7.932613429988357,7.800945772505803
Q9NY33,7.39083129333174,7.654309615114812,7.5060580161366985,7.525171226601321,7.339664681749033,7.483206966586721
P20960,7.589383954124825,7.499999894759753,7.500000351494105,7.500000249691994,7.5000003536001625,7.517876960734168
Q80A54,6.615385532073191,6.922266450717789,6.518850426168285,6.820771246514209,6.616633834316,6.698781497957894
O73939,7.329136906751916,7.072098094537286,6.985727228829172,7.001554876968118,6.877280756540221,7.0531595727253436
Q9QZL2,6.689291653093389,6.695917550272619,6.766413927085304,6.9379614452561285,6.704978565850933,6.758912628311674
