uniprot_id,seed_42,seed_123,seed_456,seed_789,seed_1011,mean_pred
Q2YPV0,6.733384127550427,7.122832597590701,7.0467152926846195,7.130624357547631,6.830254158281381,6.9727621067309515
A0A142LT01,6.728109590629957,6.640731277625766,6.660402040282227,6.729640047081519,6.642677492202369,6.680312089564367
Q9LCC6,7.837070245263184,7.843444550530541,7.983840503740923,7.875181132842469,7.863214925258159,7.880550271527056
Q4CN04,7.604009097581931,7.597038556935334,7.594334121572328,7.604039526492216,7.6040376859675485,7.600691797709871
Q00XA5,7.509918935966005,7.755370030897972,7.858214050355583,7.814189996611996,8.056037118313737,7.798746026429059
Q5JJB9,7.529703410003758,7.431253251425655,7.477438033874391,7.529728959353927,7.615267745971833,7.516678280125913
O30245,7.41501391632748,7.361466814897444,7.064563728151991,7.208389730903369,7.112666053913444,7.232420048838746
Q16134,6.989027388182901,7.0904935333422925,7.117454926062378,7.433688104551809,6.989086616136189,7.123950113655114
Q4E4E1,8.127593466644713,8.032223951294931,8.147272305251008,8.30811671607253,7.73806095790615,8.070653479433865
A3KCL7,7.578141709532166,7.645699842040946,7.538577477951594,7.553813702638754,7.442629809908894,7.551772508414471
P34754,4.841739033582531,4.995049390250265,5.110322744210603,4.699542219514163,4.778090693424043,4.884948816196322
Q4FME3,8.129760553083813,7.604981995152046,8.014519709452932,8.12977369607884,8.129770498209655,8.001761290395457
Q9UBK8,7.288356833211499,7.449771320142075,7.398314927975892,7.414395032565745,7.304760643566573,7.3711197514923565
A0A140N3B4,7.373075327268911,7.508163276017906,7.288301795421823,7.537604034896883,7.3985803432660635,7.421144955374318
A2Z7C4,7.423697245319478,6.86417354579157,7.091610759445624,6.991955721239171,6.920012177522695,7.058289889863708
Q45222,7.472505458265994,7.39553851158158,7.52901363125767,7.646636993277936,7.6596829574056935,7.540675510357775
Q9LY23,7.376591010662151,7.324619159906108,7.407322473259378,7.3765749373929586,7.371999947769148,7.371421505797949
Q9AJS0,6.367735111128327,6.120453445899388,6.170875310681011,5.795767643991249,5.944325039698514,6.079831310279698
A0A177YY42,8.01214808424252,7.863883028417482,7.742781924658372,7.7676741042748,7.795072247368474,7.836311877792331
B8DZK4,7.349644521267129,7.472533568820171,7.420826211163585,7.495953695562952,7.351060849248526,7.418003769212473
R4N4U2,7.036765400298602,6.599584017985476,6.776772360842569,7.036742970333519,7.178660793033549,6.925705108498744
Q2URT3,6.436752120299127,6.345328622227747,6.084150460806301,6.483925769665011,6.459898955313985,6.362011185662434
Q7DC81,7.7854743702663045,7.695174609270602,7.641951470476629,7.770556016251322,7.646254933968872,7.707882280046746
S6B6P7,7.031826092531272,7.3724629850281636,7.078887682119552,6.959672307397376,7.00948967766769,7.090467748948811
G3JWZ2,7.233069450971245,7.528751193734088,7.4495096821366715,7.404348396687801,7.240068425637994,7.37114942983356
A0A1U7Z3Y9,6.046375305792463,6.259358162576357,6.084211289457601,6.148877818519397,6.1183155713838735,6.131427629545938
Q8ZUN8,6.591307251500575,7.060100431258613,6.182112329866818,6.591383378599081,6.870083393806957,6.658997357006409
A0A1X9ISP7,6.986819403662188,7.134435954164259,6.989988447731794,7.108191379841615,7.1064908104536855,7.065185199170708
Q76FS0,7.475586310034943,7.389412377570281,7.4435861585789365,7.451745541763123,7.453443996295577,7.442754876848572
Q6UWR7,8.079598260300354,7.757690255868684,8.049789647213387,7.651412507737409,7.739192818071519,7.855536697838271
P55072,7.405441387656037,7.59029359125373,7.512393322318861,7.405432703236337,7.406997915089234,7.464111783910839
Q25C77,7.441442783222512,6.924792186253026,7.070936392291957,6.654558037873051,7.547592141963402,7.12786430832079
C6JUG1,7.3002580400094805,7.661376934682391,7.606865841354502,7.40164735709729,7.300274111868234,7.454084457002379
P54166,7.711612962240697,7.547748200869986,7.726045574341401,7.723069805127537,7.612582832399309,7.664211874995786
Q3YAW3,6.693054454839817,7.166369038752351,6.836510559971291,6.93812236934744,7.456430038864194,7.0180972923550184
G3XCJ9,7.470961940648144,7.770368455826564,7.708710187601007,7.420116280023747,7.4201535657663635,7.558062085973165
B0V1K8,7.321903510396818,7.106605266346723,7.249749787425158,7.448670317488412,7.2433094510409,7.274047666539603
P70080,7.111027161973502,7.535515906602309,7.18817065946862,7.1228313582743015,7.111286568120053,7.213766330887756
Q56839,7.288341223752896,6.797221380172261,7.113107047202022,7.252519353993409,6.978534449454008,7.0859446909149195
A0A067XRK9,5.792037180610236,5.747718254555164,5.757379778013567,5.844235541361848,5.723433054977358,5.772960761903635
F6JRN6,7.549463103558588,7.6916398494314056,7.827986817381911,7.768951115115683,8.033096719786021,7.774227521054722
Q13574,7.203552992587277,7.345831777531268,7.3191706530310645,7.217162960927927,7.203324702454182,7.257808617306344
Q9LBX4,7.6541861694618305,7.629246623011561,7.34064159209445,7.404873942527281,7.529892997543431,7.51176826492771
Q9HZQ8,7.184727622506895,6.985857815811493,7.086180239501483,7.585821881443569,7.892829286277238,7.347083369108136
Q96HD9,7.459618579983495,7.479421966062989,7.460475223365824,7.5033247334000475,7.425953416348488,7.465758783832169
Q95V75,8.169220301752555,8.12327423094543,8.273313451025244,8.224116357448993,8.15069178449683,8.188123225133811
H0FT96,7.204450462577372,7.545988317799993,7.368725012305785,7.14227877727356,7.283610424641956,7.309010598919732
Q82P90,5.896182022484455,5.996869287718986,5.797561863302892,5.880401108194279,5.918122425227136,5.8978273413855495
Q97V23,7.471287099925739,7.517909070891146,7.330940468500295,7.471296064941476,7.019371229850555,7.362160786821842
P80193,7.155853617612827,7.497597914647554,7.148899764069022,7.155915711981857,7.361548024998232,7.263963006661899
G2Q665,5.119011401221243,4.985974687436143,4.918616274215156,4.652822693795926,4.882664350279427,4.911817881389579
Q006P9,7.5200739694118734,7.438997560123756,7.44745166493657,7.430908151339798,7.528522692243919,7.473190807611184
C5BN23,6.035008249431549,6.026511810861412,6.024757403875186,6.006052744036405,6.035035210741725,6.025473083789255
O22141,7.818527725187919,7.886186149901629,7.9108103082174575,7.738586559403424,7.776299558119142,7.826082060165914
B1NLD3,6.71146079474337,7.078096389462593,7.08072451393731,6.711445786217166,6.63798220044196,6.843941936960479
Q96Z02,7.33609369505655,7.172849822687827,7.086698950928971,7.329718021986088,7.231051610618777,7.231282420255643
P00336,7.611545643239873,7.348271673790556,7.41501530343554,7.366121380910031,7.492731180543313,7.446737036383863
Q8H1D8,6.736290334975152,7.086290293523962,6.993930787452856,6.736287067571389,6.758811646371141,6.862322025978901
F1QCV2,7.7909158064659385,7.559017427724152,7.586032568730102,7.535699394701715,7.709026697329462,7.636138378990273
A6P663,7.46289402448274,7.421863015217877,7.370321733851978,7.334242822701488,7.319797442282215,7.381823807707259
Q51508,8.104324401717745,7.89621853053781,8.064755977018804,8.125934654501132,8.129468956727754,8.06414050410065
A6YGF1,6.992134325945596,7.328837756690914,7.0499967590110355,7.112541523966535,6.790693297031811,7.054840732529177
P97325,6.5102652638376775,6.5469380053007855,6.7203898015214,6.462169981479697,6.449808407739869,6.537914291975886
Q6S3E3,6.153608215382096,6.259457040396083,6.219300648384362,6.153609784647979,6.153538730991567,6.187902883960417
Q08891,7.474780338907214,7.698078557524044,7.639038007917676,7.820468114013843,7.5827419685241315,7.643021397377382
O07177,7.635582784087642,7.542080850584656,7.660642892101055,7.592829896343194,7.5510769645886056,7.59644267754103
A0A0C6EUC4,6.695266767733442,6.7740854317677,6.5786176204131195,6.695234003512984,6.598403132220596,6.6683213911295685
B2YGX9,5.84094789060041,5.902781637882321,6.467856852597212,5.7481950055373865,5.81217210064272,5.95439069745201
B5IEU6,7.014233821858855,6.723697577526908,6.488806039750533,6.203171815258978,6.115460465749477,6.50907394402895
P12293,6.876259913305868,6.722245867222813,6.701826629832696,6.77548547197055,6.4373662129276745,6.7026368190519205
K9Y6Y9,7.0043120768645935,7.035706823979391,7.0764903295359165,6.858938201501942,6.8888867244180405,6.972866831259976
C4PKK9,5.0629179671365625,5.3804417943390135,5.136005707848854,5.153081901021762,5.293407115128599,5.205170897094958
Q9W3Z3,7.729010935001799,7.967250595912817,7.944869768346174,7.453089249350202,7.966631248659745,7.812170359454147
Q8P3J4,6.509699012423784,6.8101209377865155,6.6385481328320814,6.5154536310307645,6.5096990368599075,6.596704150186611
P70390,7.491091123100049,7.5559121192563214,7.546536926795252,7.560816597267596,7.547876120157689,7.5404465773153815
Q9X0G9,7.780173597500196,7.673984604285858,7.788275716936258,7.778945627995237,7.807085759335082,7.765693061210527
P38137,7.631884251274764,7.68196787986265,7.655982061334749,7.627019630706693,7.6940613034929894,7.658183025334369
Q9SZ92,7.618190898382828,7.492809853187427,7.555748783943545,7.6156818961823225,7.613667237709738,7.579219733881172
Q5LW89,6.751029829384144,7.109459398469315,6.696936305635491,6.540757187650325,6.867809542270344,6.793198452681923
Q8CI15,7.327325352185747,7.33457575214494,7.34434398795,7.335551658604593,7.32722192635896,7.333803735448849
B5SU85,7.7109850741865795,7.446903229902234,7.303450732473063,7.555271213076496,7.680370114572268,7.539396072842129
Q941T9,7.498677012955914,7.626414930644886,7.616561194620274,7.5263358292267535,7.505207254144227,7.554639244318411
I3QNS8,5.958995632954273,5.914685977772637,5.8169775369026056,5.930445307698642,5.980564662564407,5.920333823578513
A0A0B5GQL6,6.820186889821766,6.461384542657137,6.390846587327988,6.753464287633765,6.347357067839282,6.554647875055987
A4Q8H0,6.803641711803631,7.269974732546294,7.135954571252618,6.923608198735952,6.9234991022525305,7.011335663318205
P16243,7.513941505893355,7.384322538510004,7.429766423627675,7.409867305216622,7.523012767509585,7.452182108151449
P07864,7.15144217332751,7.306064812331933,7.23009764054213,7.091588142378218,7.151433376437056,7.186125229003369
I3EBM6,8.342137655310594,8.064181427198362,8.197255734537366,7.9249676415093,8.342231152205217,8.174154722152167
P69478,6.7984065139055145,6.829372233011748,6.8019190264893075,6.8007841862346385,6.798408088233632,6.805778009574968
A0A168GPR3,7.389463477843019,7.629325393418115,7.468072122602534,7.3894283041471995,7.366344345157357,7.448526728633643
Q6YNE9,5.38617116054058,5.246369565026278,5.206333014571389,5.359226208667969,5.310028931697107,5.301625776100665
P33665,5.336319889264111,5.666985781264882,5.1177628855765755,4.998093965705276,5.058013934216094,5.235435291205387
O59650,7.674922932121366,7.917336613029666,7.969356414128073,7.766180684267127,7.741394070277475,7.813838142764742
Q8NEB5,6.690283017440672,6.965878041337784,6.726410338370634,6.69023630805308,6.810328579812854,6.776627257003005
Q6GHH5,7.689961104614698,7.300000405381567,7.300000197479651,7.300000280805931,7.300000254368546,7.37799244853008
Q75NT4,8.307809037893941,8.333082173223318,8.351939909680992,8.550680440819571,8.55075891312889,8.418854094949342
Q70XJ9,5.460335899671674,5.685290694318966,5.865448718804848,5.479658824734484,5.541179279963665,5.606382683498727
A0R043,6.562065783311315,7.151589471105927,6.820475149479928,7.154170530422663,6.562068711593209,6.850073929182608
P0AF18,7.992847594256394,7.893041678738857,7.806958140581882,8.234771797630476,8.23477775782009,8.03247939380554
Q9CA40,7.973248382929799,8.018929184646172,8.02455717346403,7.976836691300735,8.059082398179381,8.010530766104024
Q581U6,7.400699384066006,7.433142882352777,7.322034015721099,7.512375466720004,7.407692840874742,7.415188917946926
P0AE01,7.462745080026037,7.423226433886289,7.4528145606267575,7.645427210944085,7.634272516386311,7.523697160373897
Q8RSQ2,7.672321861529533,7.5913308126866275,7.630646163248529,7.674467197901073,7.743419150324533,7.6624370371380595
A7RDD3,5.158895028956715,5.396874210629175,5.1672261585428085,5.2149205202449584,5.158920435070701,5.219367270688871
O14939,6.299889384286785,6.649876721739796,6.50423094754851,6.03994870167216,6.395953337406879,6.377979818530826
D3GDK4,5.603961630071275,5.781437731589661,5.497805506558447,5.803993670479437,5.719945137085953,5.681428735156954
Q5SIC2,7.726066067873687,7.596389308100922,7.6369613698205265,7.658666975343471,7.654861891754337,7.65458912257859
Q5SL04,6.875273811265384,7.644204850114012,7.3016893756132415,7.29840539432843,7.084352056744411,7.240785097613096
A0A2Y0HLE8,4.804056554630721,5.080326764355052,4.70654608052183,4.88846931357695,4.8040714001028775,4.856694022637486
E3TBJ3,6.240722121402822,6.0868397412496,5.875574995605016,6.304263861730671,6.2629012050778075,6.154060385013183
Q75WV3,6.90021840569488,7.105010460022626,7.204538663496665,6.897279859436996,6.900245877261555,7.001458653182544
P16662,7.4173993362093915,7.4183231077291,7.4186959413367,7.417180213242823,7.417096058520751,7.417738931407753
Q0CFW4,4.812114599406492,5.570192263227887,5.465570751743695,4.8121571281289,5.190847013381265,5.1701763511776475
A0A0H3U0Y7,6.873641848155774,7.0248724301568926,7.120856984042605,7.071661104349266,7.04897916619674,7.028002306580255
Q08GL0,5.8380563990229595,5.961587086747215,6.022821035964975,6.1166524098077435,6.144612484260198,6.016745883160618
Q53I75,6.084153643640546,6.925546397763378,6.506364055982059,6.408093964333865,6.408122959045071,6.466456204152983
P20582,7.440655348833683,7.3861672596755055,7.4002199673965,7.375828482833635,7.295991901153256,7.379772591978517
C4TJD2,7.577440748139308,7.567748211429262,7.172732446934042,7.577481698768806,7.577462941457467,7.494573209345778
P43510,5.625365097794725,5.457446812770168,5.510752923005415,5.604196179323663,5.557595477271584,5.5510712980331105
Q9LAG2,7.238896614754684,7.805804502557647,7.357310512527017,7.378691538241167,7.824885122903208,7.521117658196745
A0A291LTQ0,6.903343193892485,6.117686317910755,6.410006613850528,6.138736899479241,6.215574604615435,6.357069525949688
Q58653,7.64515657343948,7.53824789618497,7.0968456276146865,7.718138502257183,6.902647754450606,7.380207270789386
A4F2S6,7.227275935978942,7.402525162408639,7.360239561075997,7.6690686269558475,7.520790565754946,7.435979970434874
Q9FFW8,7.772305698321557,7.8414930845224635,7.86525238663064,7.867941767789096,7.8867604347533975,7.846750674403431
P74576,7.951198111632305,7.907946762994735,7.735301664803025,7.951195561674356,7.952284657957315,7.899585351812348
Q883P5,6.04177060503162,6.0483159585831805,6.068189022452395,6.056362980770573,6.129188569902607,6.068765427348074
P97364,7.492190203653689,7.509687670998502,7.432715211728766,7.504151286898216,7.36129118154116,7.460007110964066
G5DAC7,5.696347266779637,5.725647451373772,5.680942593832507,5.687934052575297,5.6193353154584615,5.682041336003935
B2KJ46,6.841874781368537,7.4700152863787865,7.1874870614337025,7.306371549458025,6.735003782292991,7.108150492186408
E7FHX4,7.402721402516252,7.364120609301679,7.2570810021786585,7.223501925364902,7.278134474116247,7.305111882695549
Q6NQI8,7.4728522257128684,7.481451446255646,7.484458659145547,7.461567423765605,7.471542696526936,7.4743744902813205
Q51739,8.497446411441137,8.194591006924936,8.382235166040322,8.465246911382412,8.46763645100834,8.40143118935943
O29852,7.566589508503992,7.486736508033938,7.342589815801225,7.566583077169028,7.4488909853557,7.482277978972777
Q5SIM4,6.460485322991937,6.991464798585054,6.820425496269574,6.885253209017216,6.65543484171004,6.7626127337147635
Q9HY13,7.419549700547499,7.402390789203034,7.60635003199419,7.133547523809143,7.419503378375923,7.396268284785958
P53909,7.377968679514494,7.495628785262525,7.506667976227856,7.2316806685253825,7.231638302868102,7.368716882479672
Q9HU72,7.569012300940717,7.369612108043595,7.524832112023917,7.568436785026735,7.9366483241485675,7.593708326036705
Q7YT16,5.413167485272732,5.659348578731057,5.431859956022596,5.341690416193328,5.522633280735049,5.473739943390952
P73133,8.680844537953368,8.691873000667547,8.320835344647962,8.784626050653914,8.776083412538732,8.650852469292305
Q94IE9,7.5120877738183385,7.500772493359092,7.430005263236962,7.367377286186066,7.367358157890414,7.435520194898174
P06512,7.374002819218139,7.222615662164059,7.260031241238036,7.407932238050871,7.398232284717838,7.332562849077789
P00750,7.648823420256184,7.72997778163755,7.845506825655474,7.6240696648422395,7.792063101426944,7.728088158763677
P16497,7.35195966217832,7.447816559655664,7.376451103369446,7.373399930384053,7.373387315397968,7.384602914197091
P68187,7.5386321638208855,7.571944071971101,7.4109257055036135,7.504013039614323,7.430163733976989,7.491135742977383
I3QHK7,8.354081245518524,8.476289032078407,8.332070999934231,8.124239074351692,8.047897843002117,8.266915638976993
Q4J9K9,7.698638145238553,7.346926958737089,7.3040735057054835,7.565016652591899,7.5594614699724465,7.494823346449094
Q80WS1,7.8911755152321525,7.859641509264677,7.7697699868303065,7.900167165893369,7.946782410574008,7.873507317558902
A0A0M3KL46,6.375922825104486,6.520254320904744,6.273804218795576,6.925514530827058,6.850753352741082,6.589249849674589
Q3YJM9,7.618186061634555,7.394791709907867,7.670169901830068,7.698212900728716,7.88056131672112,7.652384378164465
C9K501,6.156810463341803,6.148784229914327,6.144963767117558,6.072781461002193,6.080590666008621,6.1207861174769
A0A2Z5VGN0,7.083544150190587,7.2349143941708025,7.20324065547636,6.731906744176377,7.084006013075819,7.06752239141799
Q9XI62,6.793951855076142,7.176449681959049,7.114582057713964,6.793891223672034,6.862710067207287,6.948316977125695
P48318,7.839622352621973,7.653882569993259,7.69416302060986,7.815833389601397,7.927842217993304,7.786268710163959
B0VH76,8.047880976531754,8.123839287635263,8.371700611158637,8.65291277803259,8.324851534080649,8.304237037487779
O25743,9.398552223157225,8.531762724994158,8.599545836911677,9.39858416506627,8.818841433997388,8.949457276825346
Q2VA41,7.022787448266782,7.134797450773394,7.042137611679246,6.978462341683997,7.048263423830675,7.045289655246819
B9LW38,7.01622767881557,6.732954573927328,6.677569673790528,6.737801532719226,7.191905298938077,6.871291751638145
Q5FT75,6.707184052621374,7.018750869397691,7.010533398579498,6.8286232603409145,6.828522313969074,6.878722778981711
Q8H979,3.550577504718654,3.6573871640032096,3.6083648865422506,3.6232380046293606,3.5505939364447916,3.5980322992676532
Q8RHX7,8.257701746271708,7.892418914178199,8.03807953224835,8.257678757115832,7.552557576474835,7.999687305257784
Q8VPF2,7.911792416873608,7.994779715964235,7.908456038190897,8.283263004139595,8.279436679506865,8.07554557093504
A0A142G555,6.174654784619458,6.122580876186189,6.345209416817634,6.174592426486129,6.174640956007152,6.198335692023313
D8IS59,8.057867771444432,7.758864211224571,7.776623616723135,8.083752091149913,7.825367564933115,7.900495051095033
P50250,7.1302053944517905,7.612983270970894,7.294724605672935,7.760291222057044,7.271349441872628,7.413910787005058
B1MCE2,7.470260196516733,7.54701566815059,7.4006634309797645,7.23966850534649,7.522787600160903,7.436079080230897
P18548,7.3021052161071225,7.137604658104214,7.358944257908074,7.302099950620932,7.302093240162265,7.2805694645805215
Q9YI16,8.286526300842914,8.108490580216284,8.420210623888606,8.434054081089416,8.286520438861384,8.30716040497972
U6BYK3,8.234392476536721,7.906122317421561,7.97472929728641,8.233642970440757,8.233628993036602,8.11650321094441
Q9WZR6,5.6145584434004885,6.981041928032259,6.407262837652437,5.617387245487666,5.828077774945696,6.089665645903709
C8WGQ3,7.796412979690247,8.012707246627501,7.669312771691414,7.866839584998357,7.87010189273284,7.843074895148071
A0R6D9,7.6088683441570835,7.49221530070958,7.718346474475932,7.569747210513447,7.56977857957981,7.59179118188717
A5U6Y7,7.703968321091172,7.694664239271277,7.7173757484361705,7.644089695434813,7.727251947516615,7.69746999035001
Q6E7F1,7.44741938132242,7.542682954708684,7.463601240393568,7.258337800365271,7.421779364186199,7.426764148195228
T1WUT6,6.810302366803974,6.55055834292803,6.52637931437578,6.636311906991676,6.627761837796415,6.630262753779175
Q11205,6.435145563368083,6.576309021313243,6.783745954843652,6.421643586663393,6.389403429251926,6.52124951108806
A0A3S7PMB5,7.879177511709207,7.979047022327529,8.424099116941797,8.459306200138538,7.929874067872993,8.134300783798013
Q3M5Z3,8.475011324566564,8.460593067632365,8.410110557095997,8.552712957449241,8.409099853517462,8.461505552052326
Q5BCF8,5.801704126103351,6.459923271750856,6.231994064798075,6.87063824229651,5.924741600460383,6.257800261081835
A0A0H2ZQ64,6.074766435409064,7.199644145239027,6.64313120365015,6.690762529561567,6.026354156876897,6.526931694147341
P0ABR9,7.624648005866715,7.5447554142682405,7.439945873271494,7.361746362996185,7.624677830047899,7.519154697290107
B3VPB3,5.367239058713319,5.159803997019015,5.1792798353545235,5.369110258918893,5.217450162984823,5.258576662598115
A0A060IGN1,7.458334758849595,7.573958422827508,7.737860348622143,7.350561905598991,7.458289198179052,7.515800926815457
Q9I234,7.65462705168666,7.775181218108616,7.670885585301005,7.663485443805479,7.623136651290357,7.677463190038424
A0A482EWM9,7.996145796428708,7.473035095253479,7.492291014845604,7.53437398557641,7.3841228616863,7.5759937507581
Q304Q5,7.47374975335284,7.430496626992209,7.453354675784218,7.473279893130329,7.473751062004047,7.460926402252729
Q5SK28,7.831057093383611,8.070131743711112,7.86627976418911,7.831007854878611,7.831006945355994,7.885896680303686
Q9AT27,5.728400000053087,5.673307584490775,5.968120638718608,5.728012447820713,5.514165210137348,5.722401176244107
C0C0X3,7.002625441799041,7.337078159825446,7.1301433278732524,6.908606702756463,6.908587549053707,7.057408236261582
H7CE71,8.046356681702099,6.841476085406494,7.374905178309169,7.805430005469823,8.047465178964353,7.623126625970388
Q8H133,8.026349603272546,7.814394796778387,7.747300284676076,7.645746541109121,8.026393760150453,7.852036997197317
Q96YK1,8.242253087864512,8.236180938661295,8.181215621205103,8.111074257907843,8.242247316658535,8.202594244459458
P50293,7.353872555563937,7.189413913849752,7.263678688168988,7.3520683045730975,7.364655210461689,7.304737734523494
Q9VIP7,7.4564483209476595,7.363403705823115,7.404123124476025,7.488072648166823,7.49255150337807,7.440919860558338
Q9JHG1,7.425881437405102,7.578626860912954,7.587576984237159,7.376436104847161,7.425866864017048,7.478877650283884
A0A160PRJ4,7.425704616699306,7.866419525971789,7.699319470862383,7.526318266228836,7.326424356519872,7.568837247256437
A0A2Z6IAJ2,6.006658039657616,6.404849616837547,6.297172138319887,6.006711747558537,5.726254475427632,6.088329203560244
Q84HQ2,6.609233863026696,6.911308914993743,6.6646869883291355,6.664005566414402,6.687576983190722,6.70736246319094
P25323,7.543696001143801,7.46943308967063,7.492067260817994,7.48003033462218,7.486381695892109,7.494321676429342
U5D896,7.899353580811505,7.6600430920550915,7.920537886507106,7.905487149453125,7.936107293010125,7.864305800367392
A0A1W1WDM4,7.2821970657378134,7.083962543911272,7.287245774042598,7.259727885966177,7.353339727311063,7.253294599393786
F8WSQ3,6.506618268801031,6.330029467286125,6.376668438033949,6.663472233069897,6.888368252182683,6.553031331874736
P35511,8.649835006340705,8.580367240759005,8.470087902589752,8.649877244427339,8.649852003746867,8.600003879572734
P06611,7.687934626656531,7.536347168530169,7.4938612927407044,7.50395206581726,7.657119525227505,7.575842935794434
A0A0H2UNY1,7.5941976296314415,7.687047305129598,7.732810592325411,7.661262065142502,7.594180635022205,7.653899645450231
O57878,7.8106122943947485,7.761232564851268,7.719194853627191,7.810467205365814,7.8493518240672655,7.790171748461257
Q869N2,7.370717493439806,7.4000567645710955,7.3595752798426775,7.329606090034652,7.328565011521285,7.357704127881902
M9NE76,6.810052584857925,6.907746302924135,7.0234605711219515,6.809591571556436,6.670932351308569,6.844356676353803
Q868H8,7.471294703264847,7.121635419913787,6.948146681253157,6.920542686548146,7.039455281198064,7.1002149544356
P9WQA3,7.787734029005656,7.892156425462751,7.821735401318757,7.5293752791607,7.787713700818033,7.7637429671531795
Q8FZW3,6.367620439753984,6.430420343548043,7.192527967532052,6.5450687030013235,6.500121631566681,6.607151817080417
Q5UNS1,8.154118449203098,8.182056148067023,7.893032044612933,7.7814883002602375,7.74314767609465,7.950768523647589
W5ZSQ6,7.552404005448303,7.802168063141955,7.742497871718387,7.709906980974951,7.857400376434598,7.7328754595436395
Q9V0Q0,7.818813729856494,7.614014521854459,7.849038801233211,7.818767511944123,7.870993872930759,7.79432568756381
Q5SKG3,6.995764928586405,7.617764889123491,7.554351388996144,7.9128086964866045,7.066849493691134,7.4295078793767555
P09467,8.081970562657755,7.935033574628935,7.889553802271661,7.953441657524594,7.801886388986261,7.932377197213841
Q81X74,7.682357290233747,7.9840419261118205,7.877682309090429,7.6809081423160706,7.680918980707746,7.781181729691963
Q1XAT7,8.043661502924701,7.976963311493835,8.028760054830979,8.036580364528312,8.018523586529707,8.020897764061507
Q3ZBH0,7.5728086614502335,7.6474205061208815,7.748316613051189,7.6547136443120465,7.64676441019092,7.654004767025055
Q9WWW6,7.907206987562897,7.626402475173388,7.623173098506995,7.880311711773872,7.907220868059123,7.788863028215255
U3TH11,6.462006868494118,6.4465913918754545,6.42694733266638,6.717692649310844,6.457294510941113,6.502106550657582
D4GYE0,7.63299555057214,7.933510654103017,7.999173013794535,7.666909093639727,7.63297535594698,7.77311273361128
Q9RF52,8.536526513861613,8.359070883841586,8.444467788477496,8.549526963563332,8.18357590248416,8.414633610445637
Q9M1W4,7.061096259225354,7.3570928602052925,7.195004392088672,7.152727487711712,7.120476754073545,7.1772795506609155
A3DJL8,6.628899981325544,7.989809262921504,6.96721872877241,6.672011234145677,6.624143711478322,6.9764165837286924
P20142,3.8767937201254514,3.67723774340174,3.531046891635976,3.877082814750989,3.8770316874609483,3.7678385714750213
K4LMW2,7.124782761288583,7.345215400583799,7.2067024887591735,7.2152577360970565,7.183773137822893,7.2151463049103
A0R211,7.8836189240821835,7.789268743718874,7.8195797127621995,7.683002091047585,7.831967797281274,7.801487453778423
O23801,6.698219922553631,6.607302523096208,6.380604521815255,6.8430888901419875,6.7469081081508415,6.655224793151585
F5Z5S7,8.330897550453924,8.463817947741907,7.927033581289661,8.00242433595511,7.973215995608922,8.139477882209906
Q5W9U0,4.939153275840755,4.7649294231417665,4.859999853723824,4.61075359705226,4.804959916757391,4.795959213303199
Q9ZWQ9,6.73123190527704,6.947590388914333,6.9653417262234285,6.731265456285839,6.731288253551205,6.821343546050369
Q56316,8.425933374373614,8.02709919571825,8.144043328430666,8.425851320967526,8.300984505444482,8.264782344986909
Q15382,7.546268702123921,7.438196421925818,7.649298426497808,7.542224430276516,7.69764905913528,7.57472740799187
A0A0H3JPH0,8.356563749969771,8.077422663462093,8.238448741367021,8.342382948088863,8.395878193422917,8.282139259262133
A3DD67,5.613751837370383,6.017038223218595,5.8554238044730695,5.736569491280639,5.613752773863978,5.767307226041334
Q96XT2,7.712791851253625,7.920007174892601,8.295280982994022,7.729507207571835,8.377655097674472,8.00704846287731
Q980K6,6.732084071355083,7.091165075591063,7.249124774881458,6.914574594829482,6.750291727406327,6.947448048812683
Q7YT63,7.832566843899956,7.866202785984968,7.79316493787559,7.57798685616257,7.665836253644327,7.747151535513483
A4IPX2,8.110858647663996,8.050434586286833,8.284531252486326,8.110791495563518,8.093742147629202,8.130071625925975
R9VY83,6.865260640359469,6.928444174042466,6.4164104485310025,6.409577376616872,7.188755766003374,6.761689681110637
D4QF15,6.423911375972099,6.586823208003815,6.457568784871243,6.423924739554679,6.423967579963386,6.463239137673044
Q6F4D7,7.74625671812634,7.616001021254516,7.761712450471015,7.748115987177485,7.688364887454412,7.712090212896754
Q8IIB7,7.414886343528713,7.280802056262488,7.590097485181158,7.645506403832244,7.479805966481584,7.482219651057237
Q64285,7.365314986838789,7.4903515545604025,7.355801101571909,7.364299655568847,7.399199868807243,7.394993433469438
Q5JFM9,7.786858177403792,7.658945322169263,7.698154320830716,7.894777453683774,7.8939060246430905,7.786528259746126
Q9XT99,7.528610658103522,7.609120501991768,7.591534000292427,7.521678633608126,7.524023395472343,7.554993437893637
A0A0H2UQY4,8.448392136636667,8.172833286279321,8.35593041413994,8.434748068510125,8.436536913589006,8.369688163831011
Q5NII9,7.721083379377841,7.788388598228099,7.694720923179189,7.633525084610132,7.570601473553753,7.681663891789803
Q7S3U4,6.780667580348185,6.842430555578818,6.9517132036894065,6.688193762200354,6.578301020668083,6.76826122449697
Q8U0Q0,6.783969917111124,6.8805038608222535,6.858946794842335,6.786183163631592,6.807959913005007,6.823512729882462
Q9Y119,7.416573856462907,7.680869633571888,7.415586384897341,7.442242760516946,7.416585359821047,7.4743715990540265
Q8RB32,7.656097114030658,7.734785554183849,7.4918589239429565,7.656017012965748,7.754346670482169,7.658621055121076
Q7YRG5,7.3421555749269265,7.3829797733086835,7.288832998951515,7.334887169493912,7.357160922670307,7.341203287870269
O05268,7.451528489078324,7.120960523336867,7.3633535362989475,7.4516000200540775,7.451657169997963,7.367819947753236
H9C9P0,7.168790879826131,7.280547941026744,7.221219631788524,7.208494056106972,7.168808741709865,7.209572250091647
Q86ZV0,8.278386301562431,8.143616210305783,8.570979803293154,8.539511425955387,8.048242996067247,8.3161473474368
Q9UKR0,8.015710201874995,7.716872794362258,7.897781987011775,7.999811858850266,7.979119842726775,7.921859336965214
P74334,7.741690540289314,7.681752678055202,7.9001885002791,7.880911156894126,8.017653346157449,7.844439244335038
I1TIJ2,6.100547752284536,5.590035999389765,6.183631319754673,6.106521647391881,5.840049868915779,5.9641573175473255
Q9RBS3,7.508501404684505,7.386639041865602,7.583783167636308,7.671349509088212,7.506358020527557,7.531326228760437
A0A1S6LQU3,7.720739132905829,7.667724670698933,7.757042831316138,7.6952956041119105,7.695293969423849,7.707219241691332
A9QVV8,6.6333760035096185,6.728270392726088,6.821066394469536,6.784685839070438,6.7846213758907865,6.750404001133293
B2KPR3,7.583423327910947,7.612975503943875,7.654168640167664,7.515695943968743,7.703506830321401,7.613954049262526
P19113,7.779437224868431,7.165609446653143,7.449799818057558,7.6128410103032005,7.780940071791725,7.557725514334811
O86428,7.99810835229234,7.842863486625962,7.999085871996036,7.774145446881175,8.095144672511996,7.941869566061501
Q58761,7.546043941450292,7.630443498234604,7.546545248127462,7.533097167919959,7.560645812402782,7.563355133627018
Q2WGB4,6.395129588941827,5.900574002378199,6.017205106755542,6.1812381602837405,6.254301739544279,6.149689719580717
Q50EK3,7.398055038633462,7.424757448285501,7.33996468475082,7.270245869459941,7.300160804179456,7.346636769061836
A0A023MIF8,6.295141194056692,5.594113729214038,6.085359080297886,6.270520032501306,6.084734940908621,6.065973795395709
T1SP91,4.636604402539193,4.873077223483649,5.972699890045824,4.431370899022417,5.016468881193939,4.986044259257004
P61615,7.643039590248547,7.875452702980378,7.936361072275093,7.643077544169481,8.126523834300565,7.844890948794813
Q84F26,7.538967136282589,7.657831862224716,7.677684015999741,7.538936880474052,7.628517778429432,7.608387534682106
P53759,7.725664597826111,7.51896519784083,7.613352621873922,7.590281374955233,7.7256539352602,7.63478354555126
A0FIP8,7.456197413588537,7.554264410950861,7.476928124670181,7.425008206885944,7.424724442719054,7.467424519762915
Q0GE18,4.879835040617617,4.88201152654874,4.707366548098301,4.8136099703511865,4.713370396003049,4.799238696323779
Q2G8F3,7.951598527039208,7.9729731780339055,7.625789039177252,7.820447006217482,7.951498926286541,7.864461335350877
Q8BGL3,7.514841421279697,7.624258657230926,7.546969048113729,7.45164091497484,7.514958663265038,7.530533740972845
A0A0N9LQI1,5.111144823262925,5.466678951014628,4.91072605912205,4.37333834069165,5.030310449967939,4.978439724811838
Q9HQQ9,8.344445349788806,7.9763491860745575,8.362648048856567,8.34442397030523,8.284803700099681,8.262534051024968
Q8GR90,6.822499259635659,6.293573928210038,6.69926140231286,6.417150971268885,6.528116318217741,6.552120375929036
O74634,7.634645172703167,7.674944332641805,7.703117320052335,7.634685618974065,7.634675803484381,7.6564136495711494
U5NDT8,7.4536561520481035,7.43648836352284,7.3554998323144085,7.437399243724221,7.504205388131281,7.437449795948171
E0D7I2,6.74196319724155,6.515799068232057,6.732227441170977,6.4793502097613604,6.950974512540529,6.684062885789295
Q89VT8,7.507059098309532,7.684330971982291,7.595274731360361,7.507075415692233,7.717788280036054,7.602305699476095
H9BZ70,5.635170067279912,5.313085597951183,5.788622001013454,5.803684416146081,5.803681026872438,5.6688486218526135
Q02890,7.305468796678122,7.3666758270822985,7.351330495599671,7.3054530397782305,7.050679007450769,7.2759214333178175
G9JKF3,7.881028156057366,7.7578007568601315,7.906555387382453,7.824985943140048,7.980227301507946,7.870119508989589
C4KKZ9,8.369093817257392,8.311440479281101,8.265447146873456,8.347500756120644,8.377095151424465,8.33411547019141
Q8WNR3,5.9557662027542255,6.469818294006047,6.508545012127161,6.03502593692119,6.0071436589688645,6.195259820955497
Q539C0,5.911740024823343,6.308665961149099,6.600138124076111,6.673610790167998,6.2223564757957694,6.343302275202464
O59089,7.918319675394646,7.86831327571334,7.85213419581475,7.929996172492012,7.93371060274755,7.900494784432459
Q5EG61,7.8361696854831235,7.465563655843249,7.774097442764664,7.695929968017864,7.695563672877754,7.693464884997331
Q12051,7.677748039357296,7.503242617365668,7.495565508387254,7.6166380113502745,7.598903661354845,7.578419567563069
G2IKV5,9.002494578936943,9.170983642957157,9.12835428732704,8.843098806845523,9.002420633194031,9.02947038985214
Q6BCL7,5.6979191971300205,5.656419864057766,5.460395832090811,5.877009473409279,5.781075688715989,5.694564011080773
B6ZCD8,8.16235892527505,7.759327708948789,7.714097328576883,8.162597792345824,8.130946206116935,7.985865592252696
A0A2K3E3Z9,7.69613881567372,7.660165399303335,7.67487391962595,7.613452977573,7.590196411467523,7.646965504728705
F4JKB6,7.456635826626174,7.468516200751625,7.535811151526582,7.632484334890381,7.690616853627179,7.556812873484388
P36667,7.545778896074298,7.327201637732158,7.390195053909528,7.545701299872095,7.64347823234525,7.490471023986666
A0A125SUY5,6.759242072321007,6.599664733957867,6.9104484506400015,6.7692113833404886,6.764946050512776,6.760702538154428
P11569,7.409924811523551,7.581625700773057,7.530460411125258,7.434955640393717,7.4349752007395695,7.478388352911031
P83218,6.504374293676914,6.026836417961789,6.291475538187813,6.567038933016806,6.259460275109386,6.329837091590543
Q9FXY7,7.279251461134193,7.4010378462288,7.333616933085087,7.314767167943249,7.395840749665122,7.34490283161129
B7JBP8,7.05825798618984,7.090595618520189,7.072404530790919,7.4841649061208475,7.058445156450019,7.152773639614364
A5LHX0,5.694981974300362,6.213696851174849,5.820639130978758,5.703946952548589,5.628575739453859,5.812368129691283
P81428,7.7211686879960775,7.749479570736727,7.788861893625942,7.676162781642656,7.867542391927843,7.760643065185849
Q4KGW9,8.114748085074098,7.977396888533284,7.937252455178872,8.053893844915146,8.119572383616193,8.040572731463518
Q9LFU9,7.971071162367436,7.96915644843509,7.8710984499579695,7.846917336692729,7.687416974269627,7.86913207434457
C0SJS3,7.493089937280654,7.467087212794389,7.455750989325751,7.493057334996979,7.479794219038441,7.477755938687243
A1C3J9,6.569341158993708,6.0556391057843895,6.041336652604084,6.48769981135711,6.425897589261718,6.315982863600202
P27305,7.656670551978974,7.463171387888731,7.469306337283328,7.607067605777142,7.651821199878438,7.569607416561323
Q91V26,7.308412289740557,7.323165479694112,7.332143050946678,7.31897494570617,7.308327515377641,7.318204656293031
D3Y5L6,8.63104641656078,8.569405355835354,8.46858294283723,8.631086260368443,8.631061822921836,8.586236559704728
Q7B8C5,7.033332894704921,6.799999298825891,7.033332610019706,7.033333012040198,6.999999093255055,6.979999381769154
Q8U3L0,6.81065274973799,7.249166990662386,7.410821924322807,6.862488934049407,6.962441602579024,7.0591144402703225
A0A4D6BS73,5.836909362457293,5.896456184345706,5.8852214030177725,5.869163216693492,5.836973307576606,5.864944694818175
P49459,7.534871034338518,7.510315435274872,7.526440429618163,7.5,7.534913212205462,7.5213080222874025
A8WBX8,7.722184493788579,7.753337803019367,7.678565938561418,7.5909864767594195,7.715586668203101,7.692132276066377
P63086,7.499999939550862,7.340987095481127,7.431369893557547,7.4999999395171955,7.408130161825974,7.4360974059865415
Q9FHA4,6.2442652145648925,6.708791453806627,6.595110143061074,6.2445287767893145,6.244285672557472,6.407396252155877
G9D322,7.673141522675958,7.738301505793283,7.915513948069901,7.835491715162982,8.028256194406056,7.838140977221636
Q5LS56,7.4648149849585534,7.129861742503838,7.360470471803946,7.383697937555893,7.38371561417529,7.344512150199504
Q9SPP9,5.828352350967837,5.580845672962038,5.739670653274697,5.504661407745756,5.503445904289497,5.631395197847964
P32359,6.551297768316374,6.305869317987454,6.535211972552809,6.731581665525443,6.519576111519578,6.528707367180331
D0QYM5,6.904386613870351,6.962725469845357,6.87000574109479,6.90445750150558,6.779330367330511,6.884181138729318
Q13557,7.792054075102603,7.6071527245283725,7.631992066404453,7.796324832650847,7.796354315838581,7.7247756029049714
Q6PLI2,7.6019251582370595,7.755960213081406,7.66377597116643,7.7074276056167985,7.767672549205114,7.699352299461363
Q4AE75,5.855771040095921,5.609614340121855,5.987692190666822,6.072094817894213,5.99949477352022,5.904933432459805
Q86UY6,7.886847879465845,7.406380962974567,7.59637900626148,7.828662581373485,7.815753863016985,7.706804858618473
Q41510,8.53583618399083,7.9095900779882475,8.0944042199807,8.69535190352498,8.25788650835066,8.298613778767082
Q9BRR6,6.943196826921282,7.101293805072705,7.007522838293928,6.93353998254587,6.862464230615783,6.969603536689914
K4Q1U9,7.106335082910487,7.459755506217031,7.4607724293023265,7.81187581222564,7.492001240712748,7.466148014273647
Q6XMH7,7.03644301025272,7.2694600492287345,7.039971345619896,7.036411391008991,7.036330737244302,7.083723306670929
Q9NR20,7.2302295743734195,7.31205758559947,7.360615625909424,7.230665771698241,7.242469943279067,7.275207700171924
P03956,7.575863064536843,7.708606746249179,7.698416520063647,7.575851081461521,7.720537523696183,7.655854987201475
P54495,7.830321010476231,7.632299819937859,7.704319311066998,8.022225501354825,7.4554580787021605,7.728924744307614
Q90W31,7.561913423408314,6.991455501095288,7.1133734120301115,7.483460774754546,7.619299818338443,7.35390058592534
Q9TW03,7.071678547013184,7.0311813156491345,7.030516107689457,7.028181926483574,7.31315504487471,7.094942588342012
H1ZV38,6.83828738553526,6.905533887157002,7.460016013011673,6.851318947241262,6.999069542235456,7.0108451550361295
Q9UHI8,7.6740056810958395,7.557835404361642,7.7422505120326885,7.687507077411396,7.679050901290862,7.668129915238486
P0AFI0,6.898669135373618,6.923437392932956,6.889763922540327,6.875298347294237,6.852029396817094,6.887839638991646
A0QX60,8.612680588310141,8.452852580080602,8.39821681731734,8.67703990311398,8.67705397239364,8.56356877224314
D3JV03,7.602667074768033,7.526515051540716,7.547300440124418,7.6267296218615455,7.585499707505122,7.577742379159966
P72579,8.484164869575347,8.12075790589046,8.403615107392657,8.475220568853018,8.453898654318158,8.387531421205928
Q04179,7.793836352951963,8.300416360908644,8.226760733805222,7.6624931196269275,7.794190742858318,7.955539462030214
Q6XMT1,7.263830749924836,7.280357233839802,7.297829328667773,7.426828647022155,7.42682366839097,7.339133925569106
D2QDA5,7.303024335112733,7.380828226341228,7.398493637991853,7.474896866978941,7.250854079328029,7.361619429150556
Q97VS7,4.789032045241689,4.518037326301515,3.5432698762785595,3.0997446952676015,4.057651724799859,4.001547133577844
P16692,7.512283976213546,7.3495795421337595,7.363537825975888,7.526246783019035,7.526224136127255,7.455574452693897
A0A411PNH6,7.209522944894596,7.220634877463243,7.229426493633436,7.208615608883683,7.196086514163109,7.212857287807613
Q4CQE2,7.541630549799912,7.446899792096167,7.42913974177147,7.541587674846488,7.541411004819407,7.500133752666689
P10860,7.430047695159528,7.489545386324412,7.446661838322186,7.445342600426944,7.438568022770064,7.450033108600627
A0A088T0J9,5.102531191765337,4.97416686593407,5.198123600695875,5.279233113193705,5.270980356443957,5.165007025606589
E0X988,6.641406904684095,6.740940207196755,6.310264121262082,6.641488643298502,6.641445464221184,6.595109068132524
O82549,6.129789487285254,6.275111226829191,6.109158778952738,5.933150833510426,6.149659828950274,6.1193740311055755
Q8RHM6,7.743924040708695,7.815000905631267,8.003533521427382,8.057657297383553,7.710102966847814,7.866043746399742
A9BPK4,7.670750605254982,7.741719525684479,7.817119798447824,7.780693375203232,7.6781466257675195,7.7376859860716065
F9VPH0,5.0834128692101,5.6852237898357725,5.982404861365769,5.302411902356515,5.302371071770931,5.471164898907817
A0A075Q354,5.475195598490273,5.731008920244291,5.568081498024584,5.465512956471218,5.465508094647351,5.541061413575543
H9CWQ0,5.509359646374303,5.89457685170699,5.523004880088692,5.509238628591298,5.809613074494722,5.649158616251201
P53449,7.229935922090718,7.376713512806997,7.318304538225938,7.147012663052273,7.271712823357154,7.268735891906616
D6MZJ6,7.34656606219186,7.520316131261285,7.408435545450584,7.310410819307782,7.3379724546851435,7.38474020257933
Q1J0W0,7.596996570287086,7.390914760684216,7.585427557348808,7.541126645049229,7.571503705075912,7.537193847689051
I3WTS0,8.19459716797426,8.0548003516859,8.272193312924049,8.253542828376885,8.253505920001704,8.205727916192561
Q9VSL5,7.967376648969268,7.714668859940625,7.917183888007804,8.028495225166854,7.940919285776855,7.913728781572281
P19157,7.430381512803042,7.419250851584509,7.421589982677871,7.416760371986051,7.416758346440622,7.420948213098418
P00352,8.640946408084888,9.235880435106258,8.961071375908483,8.64093750723832,8.741734305627983,8.844114006393188
P13988,8.083214263022196,7.753239617933764,7.669086811970984,8.083224844242297,7.885815165046689,7.894916140443186
Q59119,7.167659948211635,7.311312546398471,7.255211462231605,7.449044240818131,6.9550441571811445,7.227654470968197
Q12535,6.626471392328595,5.236263756628447,5.998547766641056,6.660373723566116,6.329138883245039,6.170159104481852
P00729,7.0415036364833625,7.292366767648471,7.133337043734865,6.914186507307813,6.931431673010255,7.0625651256369535
C9WCQ1,6.358025206934622,5.595114191904142,6.289158488751704,6.519317501281419,6.29753857287593,6.211830792349564
Q94C06,4.794396760090749,4.994531991344945,4.860973351286168,4.838718346348222,4.970464933282028,4.8918170764704225
B9VTP5,7.996199303198838,7.920785496640924,7.959669836529037,7.988507209831111,7.951577836823222,7.963347936604626
Q6DNI8,7.3643150389952465,7.604037678362182,7.4505392850124545,7.439772892224164,7.329478812955576,7.437628741509926
F1CYZ5,8.111854768170938,7.9188905999907755,7.916776742987226,8.221560593026908,8.215190266748477,8.076854594184866
Q06HA3,5.0901599191751785,6.031499291810303,5.716085377353991,5.576441295711548,5.397435279579049,5.562324232726014
C7AQY2,5.683763167157803,5.911191103139076,5.921381664085744,5.568375480436014,5.872802994057209,5.791502881775169
P9WIQ1,7.3517733393933975,7.699790328041003,7.605180252775876,7.4211255780292875,7.6352861665761225,7.5426311329631375
Q9Z4N5,4.81740581833967,5.2368186444954725,5.334363847090017,4.855145159726377,4.517777599505943,4.952302213831496
Q9XCW3,7.585063087610363,7.620331289359787,7.675690779608746,7.73408939389729,7.602681271082871,7.643571164311811
P17988,7.548226315955799,7.618061119457167,7.611183876824388,7.542805581787735,7.544707680950784,7.572996914995175
Q07010,7.64016645716579,7.696632828740386,7.744326906650832,7.640697114941208,7.6270774810539645,7.669780157710436
P31941,6.835297229963829,6.90809111097961,6.991475379584052,7.029324796106304,6.835271078011197,6.919891918928999
Q9QYT7,7.527472583429872,7.456925964208497,7.573704698043336,7.659899967116746,7.529323027167726,7.549465247993235
W8QMJ2,7.29808666693329,7.498359679713601,7.403975051737593,7.451883139732602,7.219339947743167,7.374328897172051
A3QSS7,8.123666813811887,8.001210957425263,7.959091441746061,8.029674711941164,8.003860028262665,8.023500790637408
Q8YG38,7.3594148728472035,7.3367206921562165,7.345503724599686,7.091152032779642,7.518668799834744,7.330292024443499
Q7JNQ9,6.638014594287097,6.8065811243703545,6.698076968884364,7.067114662798958,6.981984228889573,6.83835431584607
Q7Y0K5,7.294579087021112,7.704251156755453,7.527941693063165,7.591441289708783,7.716364947091021,7.566915634727907
Q970N3,7.053733477736969,7.096835598880565,7.178900902319504,7.049474948200065,7.048243036031787,7.085437592633778
A0A4D6BQ82,6.047369618898545,5.9904162588748475,6.016637424152791,6.1201253534649185,6.0473633610493875,6.044382403288098
I0AZ41,4.804802419056836,4.644044147531772,4.937083208153086,5.074129725701602,5.091360924679428,4.910284085024545
A0A0H2ZNP2,7.946029630034628,8.032477539770753,7.867957111760776,7.946087812378158,7.891696116291226,7.936849642047109
Q8X176,5.994895986470169,5.2921954838922876,5.523208301725305,5.7499567139826455,5.753724389886917,5.662796175191464
V9PD44,5.588170578245912,5.5317229937447046,5.443333383375867,5.858199470102721,5.757933274796361,5.6358719400531125
B9X0I2,4.5213886211298595,4.889762491551412,4.54193604343157,4.475671817946429,4.424283227014467,4.570608440214747
O08709,7.310180762521028,7.199414720742797,7.32243411648354,7.306249566844136,7.16530458896696,7.260716751111692
O54161,5.2624384559075885,5.6386643706298365,5.513678394157449,5.335431774906661,5.142366149706495,5.378515829061607
A0A140N5X9,7.89056787602657,7.882464183189389,7.8065002986642025,7.8905411898946,7.89059968045773,7.872134645646499
Q8A711,7.8155538262916115,7.8934085359804635,7.7095942392205625,7.8154905207396155,7.81547362151623,7.809904148749697
P0A746,7.710780345302677,7.919125725395177,7.700682926113584,8.147506308080882,7.444282047108984,7.78447547040026
Q58085,7.8737653708363755,7.898649169813547,8.157613658716198,7.8739520359227715,7.936156964632152,7.948027439984209
I1W007,6.28084751860716,6.457969448281071,6.261711681530453,6.2808572674498375,6.362501716554959,6.328777526484697
Q93107,7.356475409326579,7.425677293935269,7.359484668628024,7.45532181946303,7.455302192101042,7.410452276690789
D6EQU8,7.881108007958079,7.280811729369447,7.667355480978658,7.8588381655356105,7.9914914883378705,7.735920974435933
P16930,7.197007234154057,7.514351060766375,7.394004554503431,7.630385723295979,7.197007083876851,7.386551131319339
P94552,5.949956514196396,6.008494602502272,5.888904628468409,6.008024089113927,5.950822798696902,5.9612405265955815
Q86AD9,7.683099186197642,7.566417830337828,7.6163837414712265,7.683195294798632,7.839319539346974,7.67768311843046
D5GRP3,7.03277103763749,7.122376417951971,7.105841452618346,7.032426778236458,6.915010725962147,7.041685282481282
M9VU49,7.793514507710729,7.59486609108195,7.655675994950405,7.757497046451953,7.645111980672679,7.689333124173544
Q8TZW1,7.762833422889379,7.753725567764499,7.794479000561578,7.851325244708879,7.851337978832912,7.802740242951449
B4XC07,5.7103589291957695,5.362310194227392,5.25002053200493,4.657403369355399,5.732604540488671,5.342539513054433
P36419,7.2788197292759,7.566417935836588,7.543617122107539,7.350907942761308,7.408751754778162,7.4297028969519
D4GWT7,7.872384641546988,7.719857446304365,7.844089586346659,7.698998683635863,7.634455831362433,7.753957237839262
Q9UWY6,7.197734449964649,7.290696577295436,7.201209735354349,7.137776488148257,7.1977038208492745,7.205024214322394
Q5JHY2,7.39846300945738,7.409196501289225,7.484593975113029,7.463611980145416,7.475562733911266,7.446285639983263
E0SDR9,8.500000052718864,8.500000030178018,8.500000022211655,8.2731250056794,8.500000052736132,8.454625032704815
Q9K498,7.567410080093221,7.449842933578519,7.409694562399799,7.464735105107407,7.4072317507858445,7.459782886392958
Q8NLB6,7.552417235706426,7.643443932532832,7.630656733887723,7.55769312246258,7.552683664566752,7.587378937831263
Q03Z32,8.02957790266347,7.838965513756351,7.92812453627213,8.605640873572753,8.319066863069159,8.144275137866773
L7Y2Z6,6.5764136103411,6.354210101176157,6.192392347888512,6.512241885140427,6.516539482860629,6.430359485481364
Q9UV68,5.072329263210784,6.292656289903494,6.105214465556558,5.141188530205648,5.072338092665705,5.536745328308437
Q93HX6,6.9851806700521,7.1228929894232245,7.072463727934601,6.985141434369735,6.8398054971814215,7.001096863792216
C1KGU6,7.514611044461232,7.611877361314418,7.600538880825794,7.51463691842814,7.568797689297095,7.562092378865335
C0HK05,7.913306313113078,7.274887207625974,7.649910280934662,7.670128230914791,7.77030101880894,7.6557066102794895
P9WQB5,6.839532620378497,7.242746947873229,7.29744553463247,6.9092128583716494,6.839534057480821,7.025694403747333
K9UV87,8.183277682758202,8.563224730757774,8.025564927877552,8.180822723368417,8.033023233761133,8.197182659704616
Q05509,8.076881623135105,7.939207337074409,8.017383588894178,8.103352326152377,7.736555788338644,7.974676132718942
P0A9M0,8.569427652988871,8.123127764633958,8.2461675023721,8.569464328110001,8.569499962647567,8.4155374421505
B2BBY6,9.436255622089986,9.430121602830175,9.403441952376685,9.38407338733181,9.514963970883226,9.433771307102376
B1P195,4.885024185063363,5.515680029488653,5.485242995207643,5.3760012302665,5.179178580184198,5.2882254040420715
D2D3B2,7.676843539185896,7.841621883665443,8.030694838676709,7.731106397686629,7.731143873433693,7.802282106529674
Q9F0Q6,7.204878643046065,7.116892270364091,7.141614671207995,7.685226198687768,7.5836470797239475,7.346451772605974
Q09735,8.245336296044888,8.076674335780067,8.193963980515452,8.210932551958496,8.210956808294583,8.187572794518697
Q8L208,7.23234648390286,7.35041778333339,7.326554560836854,7.544360587989857,7.544482857057542,7.3996324546241
P0ABQ4,7.042965234318234,7.04158538404683,7.176582088022644,7.042962307687925,7.042973535633857,7.069413709941898
A0A1C7AAM8,7.196454398997429,7.409065201704696,7.4136414274246105,7.220887515595719,7.312096685424746,7.31042904582944
Q92MM4,7.204811504339038,7.544553866840416,7.368018516247035,7.143668433378332,7.284739075281418,7.309158279217248
Q45NB5,7.525436842844167,7.557924352971761,7.544750378088368,7.525431977350583,7.525438017473529,7.535796313745682
Q46948,7.422725999705855,7.280347866318973,7.28073557518682,7.308534611800726,7.27125284054043,7.312719378710561
Q5H7P5,5.721192048384588,6.013266927289944,5.9287276143252905,5.4922744985901835,5.721079169665141,5.775308051651029
D8QTR2,6.812133863793296,6.622623804453081,6.670206228272505,6.493761911283364,6.812117886403623,6.682168738841173
Q9LKJ1,7.481371651578655,7.74016281586011,7.584428778055478,7.4826452143239734,7.347683501377613,7.527258392239166
M9PLY0,3.50412723879157,3.7538471537243123,3.9846991603517163,3.8830131072741163,3.7894300815480957,3.783023348337962
P00518,7.59489460002304,7.452701984616221,7.4919958759121865,7.620469701556457,7.62316109142054,7.55664465070569
Q9H832,7.5,7.544230629627896,7.536280617803943,7.499999999999999,7.500000000000001,7.5161022494863685
Q9KJG6,8.102036780804069,7.845418626583255,7.708418951484278,8.003292191625352,7.5275384272707315,7.837340995553537
P53965,7.191377215146318,7.416123768333294,7.36352773838516,7.58285554464226,7.191387792485698,7.349054411798545
Q9URQ3,7.397413861130058,7.383319221933211,7.479874365080545,7.355005871242418,7.673970847858998,7.457916833449046
Q5D8X4,6.2741474080352395,6.3234165661674595,6.3033586439495854,5.994706744089504,6.259895782850844,6.2311050290185275
Q9UJA2,8.43073328562344,7.986870509449064,8.26207379408471,8.430810000151363,8.340014364563661,8.290100390774446
A4LA85,7.546243092574523,7.394362762024716,7.49937803917905,7.556104405547795,7.5436232027687025,7.507942300418958
Q9KZP3,8.300994248331861,8.038731093223547,8.164955716133253,8.300997067855844,8.184513836888305,8.198038392486563
O15111,7.469166398532692,7.395249920840402,7.476939097029246,7.46931187618882,7.468782653927772,7.455889989303787
Q94KE3,7.48646620571866,7.681904724100765,7.879471731527891,7.716055284212944,7.857979961883908,7.724375581488833
Q7PCC4,6.272498425279806,5.463087537835991,6.10707113006228,6.101965287786601,6.053499827441345,5.999624441681204
Q58HF4,5.704778532777931,5.446529512744864,5.472638340600185,5.869615545395884,5.459880554462276,5.590688497196228
P27356,6.951853257500877,7.2809210160492075,7.315525141683758,7.017622017508307,6.898732933956579,7.092930873339746
P39077,7.81981888198062,7.791236281181927,7.770679064623633,7.819832735406913,7.8198194167903035,7.80427727599668
A0A1R7T3A4,7.544498666639457,7.615351934081506,7.5237615333152,7.521224322100642,7.544462802430639,7.54985985171349
P23103,7.2364483394297805,7.405634403543162,7.278017729617508,7.650911419209586,7.650975747020168,7.444397527764041
Q67Y55,7.785557568216734,7.83593705439043,7.805659544712705,7.853219313382502,7.929467871807555,7.841968270501985
Q80ZG2,7.4708018814013855,7.510993307898549,7.545118958536343,7.566109436778583,7.575666995705585,7.533738116064089
Q0R3W5,5.917586043928513,6.31875094601727,6.548133905017446,6.361045085401076,6.372771987368407,6.303657593546542
H8F9Y0,5.446974599344951,6.549913884183954,5.789109797003533,5.485847787695576,5.750341722609367,5.804437558167477
P46395,8.892963414119244,8.182722660875825,7.921903006668401,8.04935066560122,8.89295538184802,8.387979025822542
P72587,8.075184435564003,8.179904052175138,7.987634321729985,8.07514035867826,8.114170357788389,8.086406705187155
Q9NVH6,7.279041626465707,7.3373440424086755,7.1699060553203955,7.272508971531277,7.200063535869121,7.251772846319035
A9ZPJ6,7.282661459493462,7.221338122033542,7.193997960954636,7.303719239605729,7.225873032269931,7.24551796287146
Q8L7K9,7.0879894137000665,7.057407900198663,7.016564957575549,6.872709622462171,7.2745132104621355,7.061837020879717
Q8GSN1,7.346472282119657,7.639895000029588,7.4533990511442605,7.370269813126601,7.345758538985417,7.431158937081105
B9VU66,8.523529797201192,8.561684958972862,8.462723745739568,8.523611814973096,8.523573567780293,8.519024776933401
A0A076N8Z0,7.538300969142318,7.143349352907108,7.311511041405709,7.379235699717089,7.3216788441826255,7.33881518147097
Q1XBU5,7.262626103028967,7.225289756275909,7.257029164087869,7.252954213695322,7.233434392363309,7.246266725890275
A1A5H8,7.3833589856446,7.338368633139714,7.402535717281344,7.403268035560129,7.402812280352642,7.386068730395687
A8C781,7.594767172825767,7.551538193502008,7.6678328753414196,7.649423332710067,7.649435798654325,7.622599474606718
M9VUE0,7.035903974418502,7.195373654038121,7.08623191924999,7.0201742923313875,6.920366299521112,7.051610027911822
P30431,7.7210006158560445,7.538403908429996,7.708748113663378,7.500636436824945,7.720978127470962,7.637953440449065
P24481,8.641942541132067,8.567138532369947,8.470011269258656,8.641949444720685,8.641960363842012,8.592600430264673
I3PML9,5.465651231864946,5.522096976859363,5.257175803875022,4.518721686819753,5.324155310547993,5.2175602019934155
P78356,7.306938663690331,7.370829193442434,7.256748787514649,7.306941660731913,7.306966506955524,7.30968496246697
Q93AL9,7.262806163730879,7.329272439958024,7.374089673496129,7.404646767628817,7.540638740178489,7.382290756998468
O54857,7.274427883491707,7.544439201980866,7.553908283106481,7.653909185303401,7.349462078048059,7.475229326386102
Q9AJM0,7.758152135011943,7.956929183504689,8.088277984007622,7.951048111105787,8.127305894841625,7.976342661694334
H9BIH8,7.166257768694336,7.255177373734048,7.2433583172321,7.166329512529768,7.166346117674567,7.199493817972963
A0A127F6U7,7.544487256279675,7.4121707428242605,7.516253411587229,7.5184879221321985,7.557853880462429,7.509850642657159
P18394,7.280244646433337,7.182418556420591,7.777029657156659,7.073426640682142,7.70603937563662,7.4038317752658696
Q67ZJ4,8.19409109867807,8.07034479438066,8.316089969152202,8.279846250614494,8.279844376207802,8.228043297806646
P34210,6.574191237452544,6.837471776787596,6.808596368945409,6.766670985204565,6.702400758346772,6.737866225347377
O02623,7.619261820255359,7.552435559651185,7.606180954118534,7.583267798072315,7.582902607408639,7.588809747901206
Q88AH6,7.732372407944739,7.893791791138184,7.896251085738067,7.716843296315512,7.689271140116611,7.785705944250621
P11928,7.4,7.443693973183655,7.400000000000001,7.4,7.3999999999999995,7.408738794636731
Q97YI7,6.927863814662448,6.940612178597918,6.730163655787421,6.931877368995065,7.005572231583611,6.907217849925293
Q8RMD1,7.262597041665552,7.238017590207361,7.684594284823405,7.619754668962524,7.480178698739636,7.457028456879696
M4I787,7.573897403321158,7.798632694998987,8.007912532545607,8.157571051568382,8.131921305137645,7.9339869975143555
P47897,7.65980563560206,7.589051473158717,7.579994189147973,7.750489514664152,7.659809105794095,7.647829983673399
Q9Y5Y6,7.796805883114392,7.72601812571657,7.858230023690051,7.622464920705934,7.760742607973433,7.752852312240075
Q80A58,6.870539557735247,6.857906798361934,6.733417922896566,6.762216064413515,6.729881820369603,6.790792432755373
G4U3G8,7.3010623086134085,7.360731931781381,7.297162964564611,7.57192033422379,7.414206157879416,7.389016739412523
Q8VWN6,6.320427367958956,6.380671722541108,6.517088695243139,6.798871342694998,6.637603684503114,6.530932562588264
A0A158RFS7,8.122263750840036,8.042275333781548,7.986806978872789,8.076965901744488,8.053212047208305,8.056304802489432
D5L1S4,7.1151286004874414,7.086764205034735,7.1229494545270935,7.0649519375293135,7.052732516719586,7.088505342859634
A0EJ12,6.776532253750773,6.904456808524687,6.976845527057485,7.252663502194241,7.252724020995805,7.032644422504598
E4QP00,7.628613905559446,7.118248172989954,7.56215254930633,7.983544105320123,7.284689941285089,7.515449734892188
D8L2Y2,6.813691961402447,6.682482665433667,6.707310317670322,6.6554301603129495,6.77339199913376,6.7264614207906295
Q9Y749,8.38684869477881,7.7554084664054095,8.338123991495722,8.386935852171248,8.011467589898304,8.175756918949897
Q12629,6.464598988307344,6.6473243399311155,6.4846795507212915,6.437115454005006,6.437118239154056,6.494167314423763
Q5W503,7.463082559387118,7.298551612692919,7.416966243710794,7.633877345429706,7.633891087882502,7.489273769820608
P25774,6.702386021417802,6.717420600307221,6.785410073005604,6.97999077170379,6.780588057209094,6.793159104728701
O60235,7.727602180841359,7.890792031270571,7.764735166327281,7.648683055193936,7.730468852866851,7.7524562572999995
A8C927,6.642963469982644,6.890509436136004,6.810473024044581,6.857769098412224,6.857750762284555,6.811893158172002
E3SVR9,7.230485451071022,7.653454956638248,7.50516380154121,7.604776286154322,7.604762522211943,7.519728603523349
P55135,7.598568342466541,7.7606513346925,7.658207519857515,7.5952278970819656,7.598543620871648,7.642239742994033
Q8GMY0,6.70261612632281,6.707454535480697,6.602941721188244,6.70268316816134,6.732609301151816,6.689660970460982
D0EPY0,7.259400463073585,7.418894918756926,7.47063937306774,7.497674435685173,7.296244223672481,7.3885706828511815
C7FF05,6.930125228369787,6.7333145940825645,6.676590560089762,6.938536946188646,6.719721463724991,6.799657758491151
P00374,7.437436789867016,7.5350874174080005,7.570093709895873,7.3436758617720965,7.540138071396019,7.4852863700678
P08253,7.53611620254553,7.63798621400339,7.614485845566249,7.582973459402975,7.663992840963001,7.607110912496229
Q8RAK6,9.163593225990237,8.417307753977544,8.850686368978216,9.32398022433716,9.260078701781815,9.003129255012995
P06622,6.771843074253325,7.467381377035561,6.896327869445104,6.886735799925598,6.856859677877197,6.975829559707357
Q9FPF0,6.864769649668211,7.168639429265026,7.030665000133088,7.0091029227445985,7.009108043295966,7.016457009021377
Q96551,7.75186022631537,7.721337249226107,7.85296215199923,7.752838689119466,7.752842471525046,7.766368157637044
O43252,7.618026292500933,7.601735302198867,7.562161586482773,7.644545894950752,7.644495268295502,7.614192868885766
Q8REE6,8.012074192539037,7.869559212765023,7.709798538878389,7.600713857544151,7.5792547528922185,7.754280110923764
O00089,4.277955649470976,4.929847593210327,4.449354398595767,4.532802899814303,4.239621939869123,4.485916496192099
Q5V5N6,7.67640093170413,7.57683553732478,7.683246592987026,7.767735822402634,7.76765792041792,7.694375360967298
C7B608,7.4444479658206575,7.417374659805576,7.35977822129318,7.326915077381561,7.304044483064391,7.370512081473073
A9KT32,6.821775341157735,6.647685940121699,6.563722745309492,6.758158042129094,6.664522770600926,6.691172967863788
Q9AR04,7.408247638341152,7.381144029478059,7.376452993972656,7.553895994049423,7.405979318716515,7.4251439949115605
Q10468,6.421547431108381,6.4887610657322154,6.495832736480034,6.386368069320417,6.588139716511577,6.476129803830526
Q9I0K4,7.473077012622547,7.548930280999143,7.554707042391367,7.649017919392024,7.567512244437767,7.55864889996857
B1VZT1,7.4781955498909545,7.692156557279214,7.7532131679066705,7.6545969034762855,7.405518885460562,7.596736212802737
A0A088BHP3,7.085217778213886,7.2220000448120025,7.443675693915984,7.085209716655946,7.085199446245899,7.184260535968744
B1VBB0,4.627069747104074,5.048944372109272,4.674049563695354,5.072625808885911,4.851838121019466,4.854905522562815
Q9H3R1,6.936559715299478,6.947894406924049,6.967820118180932,6.944750347096924,6.952022149417568,6.949809347383789
Q9WZ19,7.800742650507556,7.695859464920123,7.837395931542887,8.051614627662046,7.873750265203179,7.851872587967158
A0A0K2S4R5,5.91697928763403,6.137054349177065,5.995192177630895,5.8937821009541835,5.8109988594705415,5.9508013549733425
O34425,7.666878248311348,8.007648265925349,7.876138186902801,7.754775694830021,7.672458081158997,7.795579695425703
C5MR71,7.206991886936197,6.991242105304577,6.797326779059211,7.068842518375224,7.068947035429954,7.026670065021032
P11964,7.346435900876319,7.760868649712619,7.968378330023744,7.672084658201461,8.215730440169537,7.792699595796736
B3XZQ2,6.668654635804899,6.39108757723244,6.758958654673583,6.66867939995172,6.654973579355697,6.628470769403668
A0A0S1NK17,8.279057718834492,8.090735252590857,8.089798682591612,8.203278133391432,8.279101860747744,8.188394329631228
Q6E0B2,7.376315368191475,7.479108941902983,7.38978324480024,7.376312397253257,7.381248615810768,7.400553713591745
Q88S87,7.010403922043216,7.422762944358306,7.8688108836678685,6.9168134306882605,7.720254777822782,7.387809191716087
O26004,8.064843891895393,7.905647658034913,7.977739324028078,7.93910300860809,8.103451601620863,7.998157096837467
Q8K469,7.400000000000002,7.444049224099802,7.400000000000002,7.400000000000002,7.3999999999999995,7.408809844819961
Q7WVA6,7.983316474428022,7.8940446448104415,8.206478751883719,7.978369255614611,7.916082581898236,7.9956583417270055
Q12383,7.621647127565948,7.78548346904441,7.623832932005327,7.607381839781369,7.6211916876890715,7.651907411217225
M1R338,7.255376411471906,7.343026022657143,7.231108188886992,7.2374275016581215,7.230928793560546,7.259573383646942
A0A024FS29,4.904091833075294,5.2308893331435575,5.130091616571472,4.9406390647849605,4.873089251714531,5.015760219857963
D1JH91,7.5369960174034505,7.568027617671324,7.6117520694776655,7.82217045554754,7.822158380136361,7.672220908047268
P54751,6.443995726197382,6.851943330510249,6.929961643442838,6.400263331951869,6.375796407258622,6.600392087872192
Q99497,7.541104001673725,7.432013564666172,7.642828223408609,7.740992162170696,7.8001476145239055,7.631417113288622
A0A059ZV61,6.534068429487071,6.637790063569406,6.791931426486446,6.552903338709597,6.552944661679525,6.613927583986408
E3VXL5,7.580613850967886,7.242228715408129,7.334384092856856,7.325657704545406,7.538602213762805,7.404297315508217
Q9JJS6,7.695822358879129,7.608492909667254,7.7137818932628965,7.78998588300421,7.630396177414033,7.687695844445504
O00469,7.398193882269653,7.054247837590683,7.4571106416083435,7.570622752650477,7.281829205337997,7.352400863891431
I3DX19,7.7412195824361625,7.941346437748732,7.858933787027182,7.7823505971846005,7.846567296431047,7.834083540165546
Q3IG38,7.268872565907439,7.629867727983668,7.287193857564802,7.335422946766705,7.26713976103069,7.357699371850662
O54051,7.446495096521665,7.662278213842744,7.570403176178288,7.466825821612273,7.850182846460025,7.599237030922998
Q13057,7.507904342399799,7.587270693129709,7.723657030768055,7.433570196251505,7.462156274706065,7.542911707451028
A0PM49,7.415833310039857,7.459454209643139,7.468343900930566,7.450581941701938,7.551987914387379,7.4692402553405755
O48944,7.5408677734774665,7.3944225776739465,7.470019085648711,7.58591353584089,7.561671779572882,7.510578950442779
G3LUK8,7.832172096340581,7.947035976792974,8.126867722209042,8.182304932622129,7.801979236759057,7.978071992944757
P40817,8.40286328605286,8.290891754062548,8.264596743632108,8.280996140992475,8.281073926520241,8.304084370252045
O52185,7.627976554767744,7.417710497405693,7.4222814941275495,7.702231584427368,7.641061433917745,7.56225231292922
Q0CDD9,5.49012560159335,5.4717112712071705,6.169782356919619,5.897024088691307,5.840914916317514,5.773911646945793
Q55020,7.248553172404312,6.924302048438132,7.343548140688435,7.1971824167522245,7.313782299851999,7.205473615627019
P83788,8.28314415085707,7.738261450874942,8.022098135828333,7.9224549263385455,8.17926952501845,8.029045637783469
B9ZZZ6,6.984347682999116,7.797520713705126,7.84615384771961,7.801269200588696,7.109641354774488,7.507786559957407
P18266,7.225616917492913,7.224053285668582,7.229923893347845,7.170549650907694,7.163627810029516,7.2027543114893104
Q7Z4W1,7.117213741208482,7.278431875332056,7.214238350195918,7.179776224261991,7.207472641682068,7.199426566536102
Q08649,7.574814526350357,7.643180307100982,7.644634080626822,7.23663123772916,7.49134077008276,7.518120184378016
O58802,7.7679287163696005,7.930086866112704,7.996387265465411,8.210667906964666,8.263194347840512,8.03365302055058
A0A1B1NX89,6.1784261444051145,6.259187821528246,6.1134457875306465,5.8359508696467515,6.4703705409283305,6.171476232807818
Q8GTJ2,4.962575312229063,5.273912613778832,5.105150387885547,5.1261596529032705,4.921199821156722,5.077799557590688
P09147,8.32227083629063,8.177633694179082,8.35631679875924,8.393202218983179,8.393247579847715,8.32853422561197
G0HQ35,8.197673698952968,7.880939165108294,7.937600454040157,8.183687171254887,8.014679592835364,8.042916016438335
A0A0A1DZ36,7.306886116935006,7.631945186442721,7.228589326086723,7.360451822102995,7.611862037861412,7.427946897885772
Q5DRK1,7.025683370217436,7.090251082237915,7.066089095334678,7.025672454312917,7.073323965870013,7.0562039935945915
D5WTR8,7.372474086590807,7.4844793020844165,7.299615736904002,7.414162144158211,7.2870279245202525,7.371551838851538
D7RJ66,8.441775217640112,8.29716705438288,8.434369860798991,8.37866392169624,8.378692867609141,8.386133784425471
C7F8M0,7.032451136457117,7.316880866374823,7.154318130338951,7.196417448881643,7.196363645574724,7.179286245525452
D5JWB3,7.320838703100915,7.64990153523953,7.6962754463507785,7.387371347610988,7.44233273894901,7.499343954250245
O30438,7.820020988810721,7.815975402659609,7.819893348662191,7.800958153669885,7.800957905505578,7.811561159861597
B5MGF8,7.061430030389518,7.406311356369632,7.080559639593502,7.056435934780751,6.929893311037464,7.106926054434174
C7NVN0,6.384931571472837,5.956177904266862,6.065171440392562,6.385116248230006,6.101216379037854,6.178522708680024
Q8CHM7,6.938063592286439,6.84652090010518,6.897759627966372,6.938067770818237,6.836428424405711,6.8913680631163885
D9IL10,7.719451216886456,7.9584328495366385,7.931580277531847,7.805976728873348,7.756560731466249,7.834400360858908
C3PTS8,7.054761770984999,7.202700957203762,7.111295437683128,7.075117386315877,7.141232916676268,7.1170216937728075
Q9NWW6,7.160794262292908,7.361026045387308,7.1622101396919655,7.324658554038496,7.160934921493101,7.233924784580755
Q68KL3,6.5910234590404215,6.8447558211442265,6.5712908797494745,6.812089613285368,6.591043614873453,6.682040677618588
A3MV85,7.663664689742691,7.666982989063467,7.796503885407187,7.6092104135532255,7.670922794001003,7.681456954353514
Q9SS45,8.647998317567579,8.564769842378952,8.472128278741215,8.647995663423279,8.6479832572954,8.596175071881285
E7FI44,7.392410784821039,7.758763149425454,7.838055997053035,7.34704798929732,7.606063078907751,7.588468199900919
Q58980,7.132053721094819,7.164072578249752,7.368919269703819,7.389159300292654,7.022943348694243,7.215429643607058
O34788,7.890912030726626,7.717122124084977,7.801219046626979,7.608569502851734,7.850733825774543,7.773711306012972
P95748,7.704246770652096,7.691327098484651,7.7172313471414995,7.704276079270986,7.70429535177711,7.704275329465268
O55123,7.670688062184694,7.744809710529148,7.696955291056534,7.670675743849142,7.775966917121397,7.7118191449481825
A0A075EDT8,5.80636383359919,5.896709223659711,5.793238362802759,5.920142659121827,5.798052419394761,5.842901299715649
B9VSZ3,6.722568544693043,6.7328836647714905,6.7490292425118295,6.722568206775282,6.722590596419656,6.72992805103426
A0A145YEM9,8.884378992896798,8.638448337933958,8.694545238188502,8.921316454061474,8.880649205255,8.803867645667149
P09107,6.82255690179428,6.852469310331384,6.883746669190568,6.822473332766668,6.685266230801236,6.813302488976828
P00800,7.868674113824421,7.634983321432427,7.578503121918477,7.676061932614926,7.752504101156557,7.702145318189361
P43341,7.533944948596794,7.800466877664416,7.6205630616699,7.533919671566495,7.623826811284974,7.622544274156515
P09237,7.585624662881633,7.725570979673321,7.7161259475776545,7.585624502603465,7.7279445419494035,7.668178126937096
Q8U0N7,7.786079539982483,7.880649105904621,7.775605513010965,7.927250854955208,7.786028957610673,7.83112279429279
F9W8I6,6.613194040858204,7.10897825660328,6.820517909435199,6.5847082985504555,6.934452577021546,6.812370216493737
A2GH85,7.173823515870933,6.99009051522776,7.321714836482369,7.042674063677838,7.4526036186639395,7.196181309984567
O54050,7.497856817289824,7.709012276329576,7.644439054584491,7.232343887537384,7.594435928181699,7.535617592784595
A8D2K7,7.386558806408273,7.148750056338921,7.436044877387122,7.50751817815589,7.436888762332952,7.3831521361246315
P11444,7.515747225609637,7.225971968352859,7.227317162548107,7.078421088279774,7.298737605235672,7.269239010005211
P23293,7.171697713331277,7.226546307594779,7.164013210337409,7.0569353106679555,7.075066653098029,7.13885183900589
Q4QC75,7.554571358303821,7.912550114638329,7.879969020145971,7.55451748466228,7.913456405567404,7.763012876663561
Q16774,7.554743226650199,7.500431202316746,7.646720505913435,7.499999999999998,7.60203649636078,7.5607862862482325
P22320,7.4428499101268875,7.66116878446064,7.573769108414352,7.653344820721818,7.639493046157783,7.594125133976296
Q7TNT2,6.831955256604045,6.680183127857856,6.874709054624206,6.9364529714034795,6.683842149500807,6.801428511998078
O27726,7.742387573544792,7.733642758211442,7.60320955164794,7.742364212915903,7.61881630088375,7.688084079440765
E2QJB8,8.208722851577619,7.972044057294173,8.117824978265777,8.196603721934366,8.166939176847348,8.132426957183856
Q9LZJ3,6.928848074533922,7.013479934864854,6.9928829519169575,7.0870647853278665,6.925616884981681,6.989578526325056
P14384,7.5285675993201275,7.44948815368109,7.5170602014650205,7.993798729812971,7.9938594216875645,7.696554821193355
A4YDR9,7.573247310044342,7.686700948462306,7.899273164498795,7.573243175719145,7.448118759372057,7.6361166716193285
A0A1E1GL61,5.444917667787446,5.428914886096611,6.0875589783042745,5.813928858723682,5.767074941392856,5.708479066460973
F4NCC2,7.220313283017159,7.545260453319506,7.358939888880977,7.2572792719488115,7.440737017748802,7.364505982983052
D0VP31,8.73052973556191,9.064121179739155,8.731565644813784,8.83959857296704,8.730620196305939,8.819287065877566
Q8GTM3,7.344942182659611,7.501614812254638,7.5779915171235,7.586617508321514,7.6288577682945995,7.5280047577307725
Q53EJ1,7.932529716610763,7.6477182081434565,7.6594819015880535,7.932574587828922,7.93261837846686,7.820984558527611
I3RJK8,7.170992086392883,7.398575487920185,7.767022594912907,7.1856324998726215,7.185597016762109,7.3415639371721415
P95231,7.602931743373631,7.69226714965884,7.737277261122528,7.67583076829883,7.602931169267197,7.662247618344205
Q03520,8.271251418884274,8.14112570571316,8.238902225306953,7.724904758097182,8.172731265671771,8.109783074734668
Q5H7M8,5.639843023597686,5.567156814100865,5.578697376011207,5.639723157713845,5.668427960601125,5.618769666404946
B9VXW6,7.426207872128983,7.5344903507525105,7.47000788047893,7.439351106715305,7.517619324350546,7.4775353068852555
Q9ZVL6,7.1874961975191285,7.146671851837996,6.96726332218652,7.1320285120428,7.1874873304294065,7.12418944280317
Q84HF5,7.60536958615592,7.450701599784069,7.485874311040752,7.567305409322261,7.570049018614393,7.535859984983479
A0A142UTH4,7.410651842145491,7.541752231026146,7.431041935678093,7.5709986959424524,7.397465527675097,7.470382046493455
E4W4G9,5.741608162621439,6.0963314210363695,6.014299018664649,5.639137560000269,5.506702587731219,5.799615750010789
A6YJX1,4.988192481108961,5.974504328302737,5.677294259269221,5.60046407961851,5.498468667352827,5.547784763130452
P17118,4.431327111277155,3.9359873242883725,3.188460278316252,2.9521955985729376,3.7156906872874256,3.644732199948429
Q9NDH8,6.710156301614351,7.104421121054031,7.012108028350268,7.140103860645953,6.799860319879379,6.953329926308797
Q7UXY8,7.27064984733299,7.810785442864063,7.567267986227816,7.398300245540775,7.4717963412346275,7.503759972640054
Q3LS76,5.204366413918538,5.634434210762293,5.457753955421475,5.732599324241645,5.004491486674849,5.406729078203759
Q6QHI7,7.8974192833772285,7.74014469833899,7.816237730368569,7.738411947240302,7.782522735235257,7.794947278912069
Q9EV86,8.253352485501265,8.205373942988631,8.198703263621157,8.482222358986709,8.478529808462937,8.32363637191214
C6FX34,7.144360322144438,6.865533273158937,6.650362419338147,7.1443317729535565,7.144385961390064,6.989794749797028
Q1GZD1,7.723206673133591,7.714857292339867,7.913388640299684,7.712972290031598,7.682548509195951,7.749394681000138
Q88B90,7.569384069156145,7.707079187998854,7.632209911894008,7.47087389121324,7.569361779977039,7.589781768047857
Q9APM5,8.251645000946596,8.33061380333967,8.455476074242407,8.251534499153388,8.25153749784793,8.308161375106
G5D7B5,3.9413237884336527,3.9874559357946793,4.274228368081793,3.9304756644599737,3.5776825918597113,3.942233269725962
A0A2Y9CJ10,6.898510876880021,7.00296317459173,7.465528268560285,7.150194559802689,6.954281518160775,7.0942956795990995
F2X5L9,7.518305333861785,7.6970932423267415,7.74589772797635,8.044277745587555,8.044327410712155,7.809980292092918
Q7UDT4,8.017404900884957,7.766704444959125,7.917974778524099,8.017405086783135,8.01739680117722,7.947377202465708
Q06069,7.544596258191482,7.418969791152014,7.3878860020391315,7.448493693338069,7.439542250141984,7.447897598972536
A7LBQ5,7.6776735105336344,7.379985260335821,7.622946600106263,7.671063721710918,7.671084761400502,7.604550770817428
A0A384ZRB9,8.486660243650778,8.392356839683998,8.579064894674241,8.653491958668903,8.56441764446662,8.53519831622891
A9YDD9,7.391834583737232,6.848361604187036,7.153365168428012,6.723819917460044,6.5624308811298295,6.935962430988431
C4LUW9,7.836595115342992,7.462302304452676,7.544107458413161,7.836894518928814,7.836893552685811,7.703358589964691
Q83WC3,7.7125320324204445,7.674507931006946,7.562330100001045,7.594296324526876,7.594315635693133,7.627596404729689
K7T9D9,5.06482613173336,5.064312980707408,5.1681072940184265,5.133692131190424,5.303579624481407,5.146903632426205
P15316,7.269556998168278,6.977664814222612,6.805486503261633,6.704993714595758,6.869550999239575,6.925450605897572
O29588,7.192860827281714,6.959433892846538,7.139794520605605,6.967702082246511,6.954021782981491,7.042762621192372
Q9C8Y9,6.043613744859563,5.566436088691856,5.947401833571486,6.043541513732805,5.84130046592091,5.888458729355324
C4LWC7,7.740709272850482,7.74499819688618,7.8973997788507715,8.181569029722896,8.181596540977829,7.9492545638576315
E5FGC5,6.260015115623061,5.922233099922375,6.249599548107919,6.529922360660532,6.529898858757076,6.298333796614193
B7XBZ9,7.126145217037427,7.352972539240007,7.176155332692417,7.259828746892404,7.148212458453249,7.2126628588631005
B6D7P1,6.680517796830997,7.080833920303464,6.904465784183881,6.7649662283805405,6.8859500041246235,6.863346746764701
P25576,7.450838079350478,7.469673927816628,7.489704265638453,7.450743883757534,7.471807643393544,7.466553559991328
Q8WZD7,4.959618171434251,4.958705393222233,5.079919090622824,4.8409079087895615,4.843076077675613,4.936445328348896
O24721,8.039558158570768,7.285066418610899,7.679583743566501,7.904466646731048,7.703744015704844,7.722483796636813
Q57849,7.345856277979365,7.484764845760377,7.4487265396599485,7.310573169521732,7.310586336872834,7.380101433958851
A0A1S6WME7,7.690850127356031,7.583298673537238,7.512383482108348,7.55656711500078,7.690841936185899,7.6067882668376585
Q9UQM7,7.948461864930037,7.59212959342319,7.9104925325874405,7.943128599447357,7.9431255478711,7.867467627651824
D4GP33,7.5220464852251006,7.635634868478465,7.839340359310397,7.872847923179265,7.650625609445561,7.704099049127758
D4Q9Z5,7.408367865816325,7.316185992043959,7.375099834974948,7.488096582157774,7.404923696092746,7.39853479421715
Q8RJQ9,8.5084172752495,7.973246333998216,8.127639914780048,8.460330037858922,8.160566944074864,8.24604010119231
B2NID7,6.000000000000001,7.038632369980998,6.237261392506198,6.0,6.0,6.255178752497439
F2YCN5,6.501950882459847,6.751377446717254,6.71009211534525,6.784386040164324,6.824183621111328,6.714398021159601
Q84H88,7.295607015448216,7.546491957695502,7.473900441529063,7.445465901055196,7.47602868119596,7.447498799384787
Q5JD38,6.904047516571734,6.89631967949937,6.871507032051067,7.204093249404213,7.177608003966094,7.010715096298496
Q831B2,6.778423459221454,6.857613793147472,6.999805932948436,6.535521892423229,6.777255273178785,6.789724070183875
Q8J0K8,5.564829303470104,5.757599247030075,5.511814759141534,5.813485378009806,5.735498515783823,5.676645440687069
Q973H4,5.956742311517493,6.633728519796357,6.390576930553884,6.0301489577695015,6.091342854620159,6.2205079148514795
P52888,7.548974627043208,7.576999475187015,7.305891904003285,7.363905157026122,7.548180718483692,7.4687903763486645
A0A0A7H6F4,7.142353195371921,7.5044096751598275,7.259821086598142,7.133016505856768,7.0031031642269825,7.208540725442728
Q6T1F6,7.536836241911321,7.711448831496713,7.754319267311151,7.875199032140499,7.66606388373819,7.708773451319575
P25891,6.5633491718737735,6.931996979541667,7.239218877965849,6.780740559260552,6.667218717561225,6.836504861240613
Q6PMI1,7.508672864563666,7.447177056470039,7.449121742244077,7.429966514725847,7.524221348071363,7.471831905214998
Q2HNY9,7.729610065180864,7.785021487818704,8.000408674992592,7.930238920326192,7.512989787120776,7.791653787087826
P78417,7.572480190155736,7.5886827768206775,7.639451960393479,7.5519126202677604,7.5469414354540385,7.579893796618339
I3ZTQ5,6.298938940802838,6.220531445311087,6.758126643448155,6.554378032745217,6.2576858248070755,6.417932177422874
P29729,8.207174093101633,7.574742492185726,7.89180355178068,8.171071799691068,8.09797926363972,7.9885542400797664
Q8TZJ1,6.783002446771422,6.972178286973142,6.950355843483449,6.799537738529256,7.206601491665261,6.942335161484506
P56073,7.559917366338713,7.375090393811426,7.19562778264912,7.221152003370898,7.559892103910966,7.382335930016225
P10442,8.707400410725924,8.419859973516962,8.587286138469265,8.86270328439668,8.07983191766722,8.531416344955211
B0B0H7,8.009351250448107,7.390238023534709,7.815389499447698,7.806379154128636,7.97079201882748,7.7984299892773254
Q9GV46,6.69713262120211,6.764768485081414,6.41652195347495,5.8845221885489885,6.76890421208612,6.506369892078718
Q9F918,7.27580709928102,7.412203106244614,7.545109758285364,7.275608393057537,7.345478208784829,7.370841313130674
Q949J1,7.714246275623972,7.821967963847268,7.7118512933741,7.679194027103706,7.697883387657824,7.725028589521374
Q46A52,7.523803694311853,7.656113132469274,7.681060872493881,7.726215324329281,7.729084975500443,7.663255599820947
C5J3R6,6.7154374137269395,6.8059123010069476,6.847433992098772,6.71317479157595,6.6382512847519575,6.744041956632114
Q8AAK9,5.581888655863842,5.8430741316306225,5.936043728623627,6.0230361982493985,5.904482659428947,5.857705074759287
B3EWG9,6.437303235795942,6.852383176415378,6.762665714246382,5.931697674964255,5.974193750232321,6.3916487103308555
H9JSH4,8.133290193141173,8.072001852917987,8.070050800216091,8.119363598506768,8.203308128668377,8.119602914690079
B3VPB2,5.366097031586697,5.159924029562451,5.178134068055991,5.369366569918106,5.215442575248887,5.257792854874426
G4I5P8,8.331686400599951,8.153524109006158,8.131676815543532,8.476072972771044,8.175982223783672,8.253788504340871
A6XP72,7.437755797296068,7.352085478827205,7.40891900748222,7.363992016802694,7.520538411504145,7.416658142382467
Q04828,7.399682164671505,7.464569876936157,7.393420825731575,7.467282595781548,7.439004544286337,7.432792001481424
P81054,7.63239081088898,6.914481334504619,6.931710143231642,7.332331885527711,7.33822334249907,7.229827503330403
Q9REV4,7.683627186250661,7.6607037308077,7.644279039568296,7.728433757637422,7.519026172824451,7.647213977417707
H8WG11,6.651202458017486,6.669318157748591,6.864859929100029,7.06014256899328,6.840914321428169,6.81728748705751
Q988H5,7.30060404973324,7.030591124255001,7.411621481335406,6.548561814762093,6.755806688294661,7.009437031676081
Q8KT80,7.752017298599987,7.808076022208972,7.888880684076505,7.844107798983386,7.897885121031568,7.838193384980085
Q8IEG9,7.999537239745413,7.635831178546538,7.8452751692387945,7.782091289323433,8.134136665009022,7.87937430837264
Q9SV43,8.063834998232052,7.911682422284378,7.792244982588181,7.667104354232653,8.007275919082762,7.888428535284004
Q2FUB2,7.183498966699068,7.572086668146461,7.29269254958604,7.25695401981739,7.257020803802497,7.3124506016102915
Q52032,7.520634622148762,7.814800544179357,7.753098541388732,8.053944482297982,8.05397527262218,7.839290692527402
D5LIR7,7.3667902539418355,7.430826665199522,7.366991955908861,7.361920895603467,7.3358496111666796,7.372475876364073
A0A0G4JRN2,6.020145161460676,6.063392059969384,6.085095916403899,6.082049537370428,6.190354695293124,6.088207474099502
Q02759,7.408037373818682,6.51226791187507,6.982765267430315,7.166822602627743,7.408084197610552,7.095595470672473
A0A1R1AUM9,7.481166290317584,7.703891611094196,7.690601662781765,7.701028647572519,7.751861447616589,7.665709931876532
Q980A5,7.545972545037577,7.638813838535669,7.69312940477023,7.532578030934649,7.547501754256522,7.591599114706929
C7EDT0,5.4427987915048535,6.335956394037684,5.697389401001424,6.2074341200884575,5.558505878443388,5.848416917015161
O28025,7.859893909437636,7.79848296545699,7.785250498895905,7.859884533255622,7.998139460011024,7.860330273411435
P94523,7.186941021241848,7.262758227102648,7.197799302012472,7.155392423916197,7.155411832645955,7.1916605613838245
P16068,7.416069048765828,7.401759626424119,7.420953431723339,7.416126357750764,7.331187966491802,7.39721928623117
Q9LCQ7,7.848511774749769,7.274456935821002,7.581132318164937,7.67618495385144,6.276628902879126,7.331382977093254
Q1XIQ9,8.113047057447961,7.926349665084035,8.04535315000014,8.153302858923029,8.093297426006544,8.06627003149234
A0A1B3TNR9,7.81022085821998,7.634779089385446,7.770597095367168,7.835194889252915,7.6581405551683694,7.741786497478776
Q9XB60,7.3374339292298405,7.606762684908679,7.938534645707444,8.130550328217229,7.876088784874211,7.77787407458748
C4TP07,6.967762582191297,7.0257053368217965,7.026141712065398,6.953658523634113,7.236024623887021,7.041858555719925
P0DI77,7.999999137239017,7.200771090600885,7.999999143457081,7.99999940002896,7.217598462091917,7.683673446683571
Q2V0W1,6.459435381447143,6.996355373704802,6.774564081137784,7.403906031628978,6.462760662369076,6.819404306057557
Q9YA34,7.140984246314058,7.242901379020046,7.423210067215595,7.141124727380075,7.813268859026402,7.352297855791235
L0D9B6,7.564690219023044,7.804038279257679,7.84644037454202,7.975431405055823,8.100569184466789,7.8582338924690704
A0A1Y9TFD9,7.7087634982453705,7.436109423976915,7.443862785777103,7.604269203451339,7.610828163144276,7.560766614919001
P77215,7.717702628812846,7.104311744194799,7.440935618109157,7.526054396507552,7.235116596320535,7.404824196788978
Q76M73,7.991441372209245,7.876624472174485,7.93419894862975,7.987578835250736,8.005034614115267,7.958975648475897
P22318,7.633349559133012,7.322493914393203,7.3278210492896205,7.52526170078939,7.308019686137824,7.42338918194861
A5A699,8.999994196319413,8.999991770791148,8.999995850907496,8.999993296921964,8.999996646651711,8.999994352318346
L0BXX7,8.640416597908857,8.56014825097168,8.473200466440716,8.640397745373647,8.640415211402521,8.590915654419485
Q4AEG8,4.2772921752788555,4.924023044462794,4.447225517077992,4.5290783149191185,4.239420672443671,4.483407944836486
P06197,8.084117254989785,7.854349012484788,8.092444704129843,8.084160638144079,7.998101522016832,8.022634626353065
Q9L9Q2,7.4727028806188756,7.146915911787256,7.473276591763168,7.418303552930557,7.355611507327939,7.3733620888855596
Q3V6C9,5.497987267826111,6.3604050872615705,5.8862143820107145,6.204427461818491,5.740604927396053,5.937927825262587
Q947C4,7.181146493013385,7.264960874757287,7.101554106531983,7.257009942314866,7.297702982685318,7.220474879860568
C9E9M9,4.967009112258103,5.142724958715422,5.066969547285731,4.967029947457281,5.313008331858403,5.091348379514988
P77847,5.8155854410991745,6.073166836403631,6.016461216788041,5.815600279145707,5.894359074098698,5.923034569507051
A0A024RXP8,4.980408378837063,5.1999992338609795,5.199999592771029,5.199999567488902,5.199999150205106,5.156081184632615
A0A3T0YV60,6.407393939467661,6.4296909421527,6.363301248484438,6.317994842694435,6.695533717201206,6.442782938000088
P43478,7.901109730604185,7.576092301605607,7.738204478314717,7.926284321896327,7.948765087528493,7.818091183989866
Q00IB3,8.01244146289601,7.870300761724412,7.998497064452281,8.012477937434964,8.01235270887297,7.981213987076127
Q5CD72,8.058464126464251,7.893018728349836,7.928322954716142,8.25342900490142,8.098415625122522,8.046330087910835
A0A1V0ELS9,7.722106364573462,6.9818609104024585,7.170094796034435,7.4713457382104815,7.101819116402447,7.289445385124656
F7Y223,7.32760597040946,7.762991417146371,7.5210554752292715,7.199590344650249,7.345245781453643,7.431297797777799
A0A1C9EFW4,3.638619193226448,3.7722359385995605,3.8049654956343195,3.786893329179983,3.638588767023166,3.728260544732695
A0S5Z5,7.678048398854343,7.813371510653562,7.787610319160473,7.650573881078012,7.647236005160768,7.715368022981432
A0A0H3HE78,7.419688654721093,7.271894792955575,7.402507069932135,7.363991581496183,7.4197285278246445,7.375562125385926
A0A0A0WA73,6.589741701273511,6.793520457690071,6.416773717494759,6.852172776420738,6.852098496578505,6.700861429891516
A0A1S6LQW6,7.814137330776684,7.783030010150572,7.802964481213376,7.749480086544118,7.8392098223705196,7.7977643462110535
E7CYQ0,7.631730500773428,6.899770697727304,7.142325011176541,7.3894707486110365,6.993647662303784,7.211388924118419
P57681,7.692805709040667,7.404726586406726,7.366320650506477,7.764874346219399,7.52876873085069,7.551499204604792
P0CW58,7.666510121324091,7.644602384879311,7.589269923143341,7.566839649618992,7.5075173259254,7.594947880978227
O81852,7.562481285093172,7.8507825172059436,7.9446859129524565,7.74756872148201,7.74748119722987,7.7705999267926895
O49235,7.369533401645702,7.587802661833476,7.4755123754465345,7.5593399398427845,7.559371483196027,7.510311972392904
S5M3K7,6.493252512533813,6.920945167015933,6.801904106434605,6.357949987655337,7.386321032353027,6.792074561198542
Q8ZKE6,7.668826109882574,7.967376350599397,7.933976253040027,7.574305043391741,7.793431635017343,7.787583078386215
A7UHH1,7.672488674847732,7.7112059662814625,7.6445134098458425,7.513417664474426,7.608076813614484,7.6299405058127885
Q58923,7.588153580801423,7.810412675245125,7.7619474472996,7.4537852265756745,7.807833596652211,7.684426505314806
A5U4N0,7.941648664272335,7.593228800987644,7.76333552023836,7.829624519069139,7.573111178371236,7.740189736587743
P94127,6.896101423199665,7.225022439280862,7.098590274223737,6.809244896540823,6.756872778188206,6.957166362286658
Q8U1H5,5.994662509498959,6.067606696318603,6.254603572081475,6.062493851395177,6.394222726619227,6.154717871182688
Q96DG6,7.232175213758165,7.409214001944023,7.459606543876167,7.281960897822768,7.288083390992503,7.334208009678724
Q1W622,10.123029108943795,9.704269382160179,10.026198979116156,10.123143983750486,9.954343662224595,9.986197023239042
O31616,8.09404963978147,8.0413486060212,8.060460457852084,8.056969118595878,8.064206328399381,8.063406830130003
P32752,7.670393549039128,7.402126570970312,7.538655217945536,7.552576839230014,7.381232615819509,7.508996958600899
A0A0C5CE51,5.291682998699998,5.698685492454117,5.416971513327479,5.853374343090869,4.8895464522581475,5.430052159966122
Q6QDP1,7.823601216424784,7.5897962453576575,7.7905861918434525,7.7804741633468195,7.676331122421677,7.7321577878788785
A0A0F7N1T1,6.5531469154586235,6.067001173686279,6.46861964920125,6.553139080059925,6.553200631207715,6.439021489922759
A0A109P1X1,7.194084034846241,7.101597707431088,7.284490608186954,7.3243165561672745,7.365886172474076,7.254075015821127
P10478,7.320884814028178,6.993099454476235,6.935322058901654,6.963576066853955,7.06692560351743,7.0559615995554905
A0A1Q2U2F1,6.573288546552782,5.603279778469961,6.219759988303405,6.49271633355938,6.20261186769806,6.2183313029167175
P55329,5.330862817881065,5.815837538243687,5.902446451040102,5.872640208893643,5.51717540741944,5.687792484695587
P9WFF7,7.660697651161471,7.660696173604699,7.776179555238669,7.750348701709105,7.752357247250921,7.720055865792974
Q84JH5,7.52139506309222,7.6147509274190925,7.549227295791291,7.620073627788364,7.528376916950351,7.566764766208264
Q10469,6.562312896453684,6.560014435587771,6.901088368004728,6.656854127163943,6.56226924955933,6.648507815353891
D4GS48,7.540847264978916,7.625363863978573,7.347302261781927,7.1687100458525,7.291626713315554,7.394770029981494
Q02108,7.2148824387967405,7.440833042819299,7.493948905469464,7.367755590383418,7.318295702082078,7.367143135910199
Q18AQ6,7.270924437552157,7.411249852902221,7.341010893198804,7.496335210890654,7.31402157625941,7.366708394160648
Q8H2B4,7.091602619085453,7.121513713040869,7.254585267556871,7.028577691333033,7.145421664209387,7.128340191045123
Q48154,8.211090974397202,8.30170406002737,8.061045017027347,8.119707209531901,8.244052625402682,8.1875199772773
P63359,7.447833691242278,7.518452104177859,7.426993448765102,7.4350671358223845,7.400518576037779,7.44577299120908
P22352,8.45589656891165,7.704389586606135,8.204068930984786,8.557960617774407,8.837655666932799,8.351994274241955
Q9Y7D1,8.001870072925747,7.82549862789986,8.021234095796352,8.312313474157765,7.645906385282015,7.961364531212348
E8T502,7.65880603475946,7.47744781867764,7.626641677813839,7.626823586022606,7.487333351654976,7.575410493785705
Q6VCW3,7.369982299322206,7.64768667422655,7.40496403803877,7.399235415765775,7.432460973028176,7.450865880076296
A0A024JUE5,7.673753460148233,7.491702149479236,7.4088563166865,7.427443176646823,7.370285162947795,7.474408053181716
L0N807,7.532864356745458,7.601181094050236,7.453384792693133,7.67230116689656,7.34931560786018,7.5218094036491125
P17811,6.840430439996561,7.241691686672915,7.323327442412912,7.313442192694265,7.333209747807229,7.210420301916777
D4GST8,7.868614091304637,7.966272010643297,7.943019053732773,8.077486959337486,7.81290594630648,7.933659612264934
E7FHY4,5.67549178201095,6.140490325578429,5.547132679619409,5.7428013214965485,5.771029164341357,5.775389054609339
Q8NT48,7.253804431574232,7.348632080260411,7.589865759338301,7.571116295216754,7.50823711348457,7.454331135974854
Q7X9B3,6.720938894887817,6.861642224134128,6.68985826250501,6.745841036286126,6.751903987877081,6.754036881138032
U5YTM6,6.77467753391188,6.875085514593538,6.73183345372593,6.7400228902493975,6.890684332642522,6.8024607450246535
Q9KWY4,10.30104632062403,9.6569071819574,9.951924688328834,10.300930505329049,9.901399181006585,10.022441575449179
Q57751,7.427381689921483,7.468118163683671,7.530131808916015,7.4265231716734075,7.427388294192866,7.455908625677489
O29428,7.37845339319955,7.210559202901868,6.940758909258838,7.3927456902217505,7.454294077766505,7.275362254669702
Q2KTH1,8.724094632935584,8.592260344790624,8.47617997496466,8.687931425088008,8.724155451532148,8.640924365862205
P21130,5.88809925030946,5.821424789056441,5.975934080585457,5.851412933092094,5.936417800434257,5.894657770695541
Q8L7R2,7.857994480112165,7.954563257601515,7.670237468813474,7.955501376580448,7.921226328620446,7.871904582345609
Q8W4T9,7.532594524948436,7.416907649812932,7.43145506815686,7.507210698611011,7.522334065493542,7.482100401404557
O08841,7.805476764328554,7.659301079808961,7.934679218927822,7.870713937010752,7.831802365247262,7.820394673064671
Q932V0,8.340626622992112,8.361654406502948,8.210098207771248,8.610201250270968,8.568220466883025,8.41816019088406
A9LIN4,7.517357735986005,7.443761334382858,7.4459906597731065,7.427828142210497,7.525031692121134,7.47199391289472
Q59931,7.643240672481036,8.024517792272748,7.942271075219871,8.027689765355955,7.713266926272762,7.870197246320474
Q8X1D1,3.816127182534861,3.6742137206841567,3.9634391417032813,3.777189684655951,3.772346081755858,3.8006631622668214
Q9WYD1,7.590498125308711,7.167310801381538,7.2391047315050665,7.175223304599435,6.93355066585665,7.2211375257302794
Q3HW35,8.024344261204346,7.771723499791196,8.034405784387806,7.945655460625971,8.014549536757041,7.958135708553272
V5QZ74,7.6597028219607495,7.802853972348534,7.913598801791052,7.8837313804183,7.5239486663560555,7.756767128574938
P56216,7.6309655970284345,7.71192533940512,7.426611510810412,7.62192859390824,7.433805350224498,7.565047278275341
D0QF43,5.59565694398564,6.091145704495723,5.646551337848503,5.555827702516479,5.724884391473796,5.7228132160640275
Q9ZQ94,7.574094338121551,7.589734576212487,7.32972105857914,7.628107921529654,7.389612819270357,7.502254142742638
Q7S3R5,5.157223897821461,5.2442990205907885,5.164640006248389,5.157217479730093,5.33961511535887,5.212599103949921
Q0GU43,7.405582202937845,7.481177239759692,7.39962917056464,7.572968705857996,7.259626986670587,7.423796861158152
C4TJD4,7.799793752742445,7.557434403658611,7.792668921473678,7.885567578354995,7.970757558990934,7.801244443044132
Q4LEU0,7.531540151449158,7.679652745379873,7.516137696601312,7.446716696167999,7.499084321176355,7.53462632215494
A2V7M5,7.3751253927895,7.615882637432628,7.408539037928218,7.40257150442439,7.385975328777238,7.4376187802703955
W5RWH8,7.190591849302717,7.017160007555192,7.252773964907975,7.216580084965976,7.216591188540962,7.178739419054564
A0A7G4NVP2,7.914261747774516,7.722367283740636,7.831162965585838,7.7091535935086135,7.762221535071505,7.787833425136222
P21890,7.455900293511462,7.616572406779029,7.548230515615267,7.416093524792366,7.595249320158626,7.52640921217135
C3VMY4,5.324807892587247,5.260718525404663,5.128655588796856,4.940634580182258,5.265957212875907,5.1841547599693865
Q8RDL1,5.474734929046551,5.886946181684872,5.908536492887945,5.879918287141881,5.88203382724087,5.806433943600423
A0A0H3JER5,7.330805586289138,7.266221877586462,7.39125097523485,7.422576876535623,7.356086774180715,7.353388417965357
Q9XBQ8,8.009669121264352,7.714932695083838,7.677461190165944,8.223401427715896,8.207495472054,7.966591981256807
P43133,7.867251091773493,7.688972700288503,7.57593999059928,7.672891235532877,7.749959192943043,7.7110028422274395
Q3KN75,7.045507995029577,6.898650183245857,6.9780845932883935,7.168980664554654,7.150380826519768,7.04832085252765
I6Y4D2,7.596231328350733,7.199796508830444,7.312917143346671,7.596231646740822,7.563060906138916,7.453647506681517
Q72JC9,8.09030592315753,7.952348545881588,7.937195857930426,7.9736644897012345,8.112886371156097,8.013280237565375
G0T3B3,6.68876338739914,7.415154876585186,7.181658538998687,7.29180125945925,7.363435323782342,7.188162677244921
J9XGP8,8.652532276563887,8.638694978055744,8.948002589169773,8.857458087286762,8.857415834310212,8.790820753077274
A0A0U4MRI4,8.406711732943068,8.39330452623406,8.357573100667143,8.560575035774406,8.560583042310938,8.455749487585923
Q8DVS2,7.284505452127391,7.053327425595748,7.202656974750593,7.328808269286175,7.148641408991527,7.203587906150287
A7DWA8,6.562243429726747,6.8105194031766745,6.745766766167237,6.90300557161195,6.706399887159044,6.74558701156833
Q8C2W3,7.399999999999999,7.436423539592005,7.400000000000001,7.400000000000001,7.400000000000001,7.407284707918402
Q7X0P2,7.659718329294887,7.504344955566073,7.696119870219622,6.802939461443924,7.619957174917422,7.456615958288386
Q9X024,7.712692219630307,7.815044837530191,7.580547125655716,7.901305876984225,7.992464208552211,7.80041085367053
Q65EY9,7.626295145733658,7.548640798920576,7.685281003341476,7.81760323867088,7.681863357544476,7.671936708842213
Q706F9,7.7146627513458625,6.83397039791991,6.6186372095316015,6.386546338420915,7.518818834507814,7.01452710634522
Q7XAU6,6.602034112215779,6.37385746669696,6.424396314235151,6.2024103994939415,6.189889406642903,6.358517539856948
A8D930,7.446243797719235,7.522012416301672,7.477103511144731,7.446213371904797,7.590726566202858,7.496459932654659
P12047,7.7164950530626575,7.786742801661908,7.999021120907574,7.7781134262705365,7.746582684889969,7.805391017358528
Q9YGB5,7.103334901126167,7.2559238831650825,6.840272375335538,7.019370392588597,7.183783150103552,7.080536940463787
Q0E4W0,7.672736583521279,7.430893264118976,7.495229008842659,7.562626683164251,7.562626895650228,7.544822487059479
Q50LH1,7.692929805405398,7.771061513363465,7.7301058517901895,7.748798906489661,7.822993420491174,7.753177899507977
B3EY95,8.378347113004153,8.238687738464279,8.265899685752899,8.629642463936626,8.535134328936214,8.409542266018835
G3YE52,7.387355802321133,7.117581450415177,7.2193889451078475,7.14345953722395,7.377755615277338,7.249108270069089
Q97U29,7.428214257373679,7.479852538251625,7.394785552317568,7.237763289242363,7.306269741904193,7.369377075817885
Q6L2X5,5.447503483147573,5.520041072722582,5.373710533245854,5.662330308400781,5.5727179106149585,5.515260661626351
Q5NTH0,7.614815612559859,7.434938828661585,7.381843314940837,7.265165357124064,7.265226061365549,7.39239783493038
Q9X1S1,7.342912169588909,7.558714748268596,7.42566732701317,7.8787336259405825,7.364361762250468,7.5140779266123445
B8ZV93,8.713161257536592,8.554022490187672,8.662069207266086,8.722329960660177,8.69538886698409,8.669394356526924
Q195N6,7.317534362470644,7.524186581451475,7.702750133413512,7.5069349207027765,7.464458064061245,7.503172812419931
Q8MZS4,5.1097251428384665,5.650651726033604,5.1450392798634335,5.109666622880644,5.109743858737224,5.224965326070675
D8VDY4,6.723530104239387,6.546996135515363,6.600479724351179,6.6215420427629805,6.576205124760642,6.61375062632591
G2QH47,7.48537486513126,7.375489633582095,7.6117966449776295,7.4853496684873,7.49947715761412,7.491497593958482
A8FAG9,6.717055915865219,5.976837634382488,6.530320580136683,6.825669315636043,3.9699431404548027,6.003965317295046
D0KN27,7.589298496103846,7.484352938690907,7.259943949529411,7.662304974428086,7.52380966671377,7.5039420050932035
F6IXY6,7.046373965615507,7.202108160701762,7.0863431650422095,7.0774663373728846,7.072526190731615,7.096963563892795
C6Y0D8,7.507235111946608,7.509411211642398,7.588624463650695,7.7651802740418265,7.3792717235225265,7.549944556960812
Q6ZXC0,7.258508495137657,7.7233795315657625,7.443797159148614,7.380463476147954,7.380457296445155,7.437321191689028
Q7WTR6,6.416304926296253,6.594499641423252,6.368902840530933,6.416403264005394,6.416339111928316,6.44248995683683
A4I2Z3,8.232061419307193,8.15357957229913,8.154312998956113,8.070581378313227,8.158738656232643,8.153854805021663
Q2YIQ6,7.877331211005936,7.902672964266601,7.95629234551532,7.944974280475902,7.877193041339524,7.911692768520656
P9WM67,7.272986280927598,7.21736822849576,6.987342728325408,7.344595242972653,7.201346916733578,7.204727879491
Q97U30,7.3365647848968125,7.679251139492079,7.497817835164057,7.618992236882114,7.350168088938897,7.496558817074792
Q46920,7.547716191710769,7.390877681539564,7.34153492147003,7.507594117864539,7.510113880148008,7.459567358546582
P66032,7.550322667428211,7.3169192562127945,7.528477397328289,6.982388782299264,7.555686634613627,7.386758947576437
Q9HKS9,7.16708450179275,7.4110460527779844,7.434127863250546,7.561676555936596,7.271710803092909,7.369129155370158
Q8EJM6,7.8139653928026425,7.900634045017013,7.497484628700954,7.794571328976609,7.818979071378905,7.765126893375225
H2VFG5,7.289012464201715,7.35897032377172,7.291743154382441,7.127374394417373,7.288965619701218,7.271213191294893
P36205,7.1294105743139635,7.378393153279042,7.340855801836243,7.004411788098786,7.109975026139797,7.192609268733567
Q9SJQ0,7.382273668028109,7.787628566848362,7.877491219570738,7.679020358114498,7.786446609581126,7.702572084428567
Q6ZMB0,6.169103435796424,6.6778412409271075,6.808680436283963,6.606762247941188,6.4541699711070475,6.543311466411145
Q59185,8.331455030637409,7.940921673867103,8.1080099437366,8.322925953151584,8.267130526409993,8.194088625560537
Q7WYV4,7.781612049119924,7.883535655356636,7.826272058726,7.752651249678881,7.851269363069801,7.819068075190249
Q9C4M3,7.517093225830553,7.515457211473423,7.788585837035913,7.511082250384983,7.3996606826711675,7.546375841479208
P33677,6.497859599479922,6.731187442951733,6.61364263920423,6.661851426840445,6.573850953178075,6.615678412330881
Q9ZAE9,7.372345520278904,7.545019015061381,7.346777135848411,7.362736985496609,7.362754526318577,7.3979266366007765
Q9I676,8.337170811870317,8.69034075921402,8.812856786221548,8.82887222036516,8.828880979143586,8.699624311362927
A0A1D8GRD5,6.914408968295888,7.183791652235564,7.2995996438454815,7.474899159454978,7.679382800863528,7.310416444939088
Q84FL5,8.286377424480252,8.039899291823986,8.187354538347446,8.299624295927865,8.286399391697685,8.219930988455447
B0SN40,8.166826926443271,7.992025827991078,7.920758421677604,8.056488366931859,8.173996616832675,8.062019231975297
Q46893,7.727749602559688,8.14617599731249,7.830635642002893,7.6571812903587295,7.726504102887029,7.817649327024165
Q9HHB0,6.281134908766082,6.057267619896907,6.453241400975074,6.4515016043602325,6.281105791036041,6.304850265006867
P37794,8.358960781877375,8.191223769691218,8.106642178675232,8.58707729991818,8.506000890143989,8.349980984061197
Q93X60,5.589286797479888,5.628437612331262,5.788267145876359,5.588855706696881,5.589307984718369,5.636831049420552
A0A0H2ZQZ4,7.918062791470099,7.733732597556924,7.7483582344404605,7.918139626863603,7.8907541891925534,7.841809487904728
O04385,7.57143251595282,7.677710143982979,7.800540688523161,7.9193144013407215,7.628672395579654,7.7195340290758665
P39464,7.3906924691833416,7.596962903855451,7.434561367718071,7.4241125428684684,7.390675691184178,7.447400994961901
Q8KSC8,6.986913281961279,7.461190175296139,7.088466547793654,6.986933644923795,7.0541510736529,7.1155309447255535
E5RQ20,8.087124502411935,7.629351676212498,8.100604458053061,7.926094846950856,8.086966938068343,7.966028484339338
A5H0J6,8.364209944035935,7.243632156848088,8.030241096611602,8.484446061485631,8.367692229244629,8.098044297645178
A6ZKY2,7.628988194277127,7.567077017732412,7.664328611930374,7.609047059629354,7.536075608779811,7.601103298469816
P68403,7.4113967720275635,7.451685182085753,7.453094848654902,7.486546036007134,7.509276320263635,7.462399831807798
P37136,7.362268763019655,7.521634028137956,7.3960644241057905,7.3084661186345325,7.440075966594035,7.405701860098394
B6SBM1,7.79182312025901,7.861449264495788,7.8630909222210885,7.8361006095257135,7.7559606079238765,7.821684904885094
Q9Y5R4,7.537445650221603,7.527662940758547,7.615119265767912,7.461545194859201,7.537449893253607,7.535844588972173
Q8IBI4,7.706948347310216,7.461492340645997,7.595510068228206,7.52408168770244,7.587175618224287,7.57504161242223
Q9SRT9,6.832418619930556,6.709262533004636,6.772642908478968,6.788955044435045,6.80558595579161,6.781773012328164
Q83XK5,6.312157584179368,6.093739461465757,6.377412988984021,6.15440060138282,6.1543802519828175,6.218418177598957
P13956,6.9194612347975255,7.4557591078078325,7.218201995692782,6.996795546432826,6.996733438787671,7.117390264703727
A0A3T0YV67,6.597596664882245,6.66971142240747,6.651319152612556,6.597543001184092,6.597627944160619,6.622759637049397
B5DFD5,7.65511902546346,7.748753595605837,7.7479923775038815,7.65509332986165,7.794915795123156,7.720374824711596
F7J663,6.350083517606177,6.602340258947887,6.58501560551568,6.476297608938885,6.623029237459166,6.527353245693559
A0A345K402,6.708838017585316,5.3446676329428655,6.427612234243704,6.726027442669131,6.330598008981391,6.307548667284482
Q72L69,7.206637745569936,7.394621487264045,7.444728818048268,7.500578476413802,7.500553210384431,7.409423947536096
Q9VZW0,7.248109482630909,7.288845604983879,7.244364106644864,7.223619271256238,7.259469150760729,7.252881523255324
A1XBT9,6.742184894612456,6.679128278402495,6.8062544921041965,6.8909177296489,6.880911232692899,6.799879325492189
O83023,7.224026814954789,7.270534419970987,7.254465470511842,7.243300501679596,7.191826499445128,7.236830741312469
C7ASJ5,7.057752508582665,6.794285374395823,6.4429113697760965,6.369940431799136,7.037668712690874,6.740511679448919
Q53766,6.492611377815457,6.8869157953507125,6.615300506650837,6.492615624034924,6.599923246487598,6.617473310067906
Q2PWU9,7.622391441661165,7.537982078094278,7.5907599611280325,7.632054117787782,7.718830323118898,7.620403584358032
P23316,7.574933592649778,7.629838152127376,7.704788903684704,7.526526789651654,7.50241299606296,7.587700086835295
Q8KBL0,7.2032463161628115,7.2602067360231874,7.054242847686307,7.142557623796531,7.253995125786669,7.182849729891101
O95453,7.2800360819221295,7.352657337745754,7.1990569711409576,7.280037288291635,7.194327331609551,7.261223002142006
A0A085HKM4,7.637430668276881,7.517113103122164,7.450384196769069,7.5309163102705154,7.451041343387248,7.517377124365176
W8SKF6,6.095175824078518,6.84681935612782,6.673758944358056,6.0954787186766515,6.095391462191697,6.3613248610865485
P47058,7.700220079345292,7.7271425950923325,7.653336113701503,7.700193662879495,7.714932766852305,7.699165043574186
O23240,7.67097301331917,7.6962729129962275,7.55198402167876,7.8831091071631985,7.891314728647907,7.738730756761052
P28826,7.576921082544728,7.6674513792745564,7.699945291209363,7.576915608529963,7.615318934571777,7.627310459226078
Q95JH4,7.409781499738992,7.419777370204723,7.377268898720054,7.491421781586228,7.408745223786651,7.42139895480733
Q08388,7.199308958237217,7.126069622843394,7.0407842411319645,7.07119785472453,7.154774608165582,7.118427057020537
Q07510,7.542210805041944,7.399597955762198,7.473633960448064,7.5866649621883155,7.563137955824728,7.51304912785305
P42220,7.410933102690376,7.147505347545863,7.323820251358917,7.174704055916895,7.280867484997463,7.2675660485019025
B1Q002,5.91467164074386,6.168707982475735,6.141862623966159,5.744034525776218,5.744160715775641,5.942687497747523
Q9TTF5,7.406066576320637,7.066254413897717,7.092534609473873,7.257348318566769,7.25229437667301,7.214899658986401
Q8CWX6,7.434511560436542,7.639989394470548,7.795018029524874,7.605769257785364,7.4345427539581195,7.581966199235088
Q8GME2,7.467729426376499,7.5805265314822305,7.51741334716543,7.4415298083772115,7.44154399002357,7.4897486206849875
Q0PQY8,5.2879477525322045,5.444116982334059,5.135897667794966,4.457365067338216,5.190657360540381,5.103196966107965
A8R0Y0,5.857049772283114,6.335807546403156,6.009843773135126,5.858720712078547,5.695656915104353,5.95141574380086
P63146,7.53541548936137,7.521184032845825,7.5268151668087,7.5,7.535459103300186,7.523774758463216
C6JUF6,7.376465087754495,7.582557114087521,7.473297147962245,7.468844623355768,7.321766749693411,7.444586144570688
O16843,7.5844389985084195,7.761966984349857,7.7524107654380465,7.577395350759436,7.573470974536704,7.649936614718493
Q3IL66,7.4847573222845485,7.404185082468643,7.3182180469321745,7.406955813955914,7.068117930915046,7.3364468393112645
Q597B8,7.249988839679706,7.207880338821733,7.013041815013351,7.230290452960649,7.3435935206172225,7.208958993418532
Q9RMM4,6.356659340286214,6.555650526123294,6.630547990439237,6.531570304054309,6.679067189495045,6.550699070079619
A0A0C7DVW3,7.107486957288516,7.079575070111084,7.038223420018138,7.107474184601891,7.075418204186667,7.08163556724126
E7FHY8,5.168204297009952,6.2494169627209155,5.669006668036058,5.1681428075358395,5.4582668550244335,5.54260751806544
Q58439,7.52519902339726,7.375337702768591,7.142269197170709,7.233590853297479,7.233602763145913,7.30199990795599
Q13496,7.481749638583082,7.490894660066246,7.430688651202724,7.609841611178299,7.4817670970078645,7.498988331607643
A0A0K0M737,5.4352802524730786,5.169632278562763,5.486775775109678,5.229633588571311,5.431247013378154,5.350513781618997
B3TZD8,7.400000081289574,7.594772745410439,7.542779815740556,7.400000075482721,7.400000036544435,7.467510550893545
F6KRI7,7.364435205966207,7.189929384264231,7.252357937417018,7.364433285763019,7.36443005386296,7.307117173454687
P73833,8.002468931759282,7.934427158943683,7.746119603421762,7.966046719070985,8.002378800439478,7.930288242727038
P22735,7.633471933930056,7.19342117259297,7.299914845897001,7.58524325708256,7.631827365866722,7.468775715073862
Q875I9,5.7088795231666225,5.519067328762082,5.534938781786554,5.98129402088049,5.926654716411643,5.734166874201478
Q0P9D3,7.550011576167173,7.7188198406525395,7.4433963453593766,7.563091826588715,7.570743845010553,7.569212686755671
Q9KQJ0,7.264824592671854,7.377078506134785,7.374265106939731,7.359384147292843,7.329135142639895,7.340937499135822
Q9FPN3,7.499999999999999,7.4240021448082425,7.41448243683849,7.373313817083966,7.400250361390283,7.422409752024197
C7EXL6,6.921432845302346,6.918916129484437,6.892223063957176,6.758956011060684,6.841866876243174,6.866678985209563
Q9ZQC6,7.0799093991615205,7.3441696063952575,7.4063936624384805,7.478953122048627,7.40111053812502,7.342107265633781
Q4J6M3,8.047633450622936,7.843095915700561,8.02746104242868,7.965072619073631,8.169998222354085,8.010652250035978
Q9S434,7.551996205647054,7.454531243609169,7.580383538099204,7.579895991600475,7.631871581967507,7.559735712184681
Q93M81,7.145502343883224,7.211394464346192,7.151517801547394,7.116246236475751,7.149371404290936,7.154806450108699
P9WP79,7.5905203004022,7.9234427896324835,7.765984500398254,7.733927545839266,7.737187657144494,7.750212558683339
C7GM47,7.464795150614789,7.6475405342658105,7.476831446812365,7.478754464872494,7.476400681078148,7.508864455528721
Q5JNT6,7.816313406637752,7.747914957876183,7.91915287068618,7.789086168904936,7.816312384012919,7.817755957623594
Q56232,7.673115168807574,7.778856001884206,7.780742942028546,7.779734864972256,7.682575336891952,7.739004862916907
Q8NK02,4.927470474597014,5.001671961223556,4.8045452643770945,4.960726271670302,4.9615499598945965,4.931192786352513
Q8K2C8,7.539228772795048,7.427847374419447,7.480673791765854,7.5033939222066985,7.5033987952266115,7.490908531282732
Q8NF37,7.380327465556384,7.330826480157451,7.35929983878805,7.314691655581606,7.3704356541105485,7.351116218838809
Q2UII1,5.39864708445532,6.47260913533573,6.018912021871939,6.3355166372165215,5.788623672074289,6.00286171019076
C4M4T4,7.4384140342998215,7.609310002918912,7.578216266237102,7.563159252351971,7.852218859044334,7.608263682970429
Q8W000,7.516079045675615,7.441012612116969,7.445045660633681,7.429185811480461,7.524566743175045,7.471177974616355
Q7SCE9,5.11194103894327,6.081630274058469,5.878207932914667,5.543287113478176,5.543389281083832,5.631691128095683
B0BNM1,7.171633614184975,7.283441568356648,7.2278047366227,7.1850154154245915,7.171650744877865,7.207909215893355
Q24JJ8,7.464767935773689,7.641354819631126,7.632631221727091,7.464774190618099,7.478404436542624,7.536386520858526
Q8KBP5,7.166166840427191,7.5595866033255925,7.816038528261948,7.871420084355729,7.095255247741841,7.501693460822461
P80561,7.838763269401774,7.639814926664289,7.464908223248752,7.795230098772736,8.02530438037901,7.752804179693312
A7U0E5,7.5745290003092975,7.619385884330146,7.768431916783364,7.808048532633464,7.636560842896754,7.681391235390604
P94494,9.04553378981589,8.485443147734914,8.808164410303768,8.989148991065658,9.223087040405217,8.910275475865088
H9N839,6.9792986320653005,7.360949309870422,7.099780193200767,7.133701553976397,7.196468093820888,7.154039556586755
O48945,7.539591933607678,7.402407011058022,7.47486965428872,7.584817523270341,7.5612686472116435,7.512590953887281
Q7MAW0,7.771458803166483,7.945607928953653,7.922343624606145,8.432792484024345,7.974264866200169,8.009293541390159
A0A1E7YQH3,6.573040843656762,6.786153076421029,6.846647610950781,6.839881606310817,6.97664074416972,6.804472776301822
D0UHB3,5.9182963080568065,6.156448079069784,5.999831914577239,6.0130107883055945,5.936248497009518,6.004767117403788
Q304Q4,7.472308709067395,7.423224653029244,7.451192554623087,7.472871827552766,7.472311207825677,7.458381790419634
Q9UNP4,6.454657906787114,6.889696334670425,7.0565773202143,6.413185012938805,6.39684419281015,6.642192153484158
I3W8N1,6.2738907053521,6.361054142459763,6.222526745855242,6.273888702279,6.207125612497416,6.267697181688703
C3W4Q7,7.8766833713178395,7.694211906610728,7.804006455686493,7.8131383282552545,7.818959109987194,7.801399834371503
P21643,7.32091356852409,7.514516051556629,7.373919227357395,7.320967909238,7.347328962550305,7.375529143845284
Q65MY7,7.698563775717952,7.677114070166925,7.635114333248395,7.4091966677524885,7.6575376972858535,7.615505308834324
Q8R3B1,7.095253123808526,7.368906892106137,7.06949750687942,6.928463491326999,7.0952494060251405,7.111474084029244
B2BSJ7,7.251972464831746,7.25360349593913,7.090523380006169,7.076477035776782,7.076503306779061,7.149815936666577
Q93TJ5,7.885040400363958,7.716160105807723,7.864060070893906,7.975889856252317,7.911390644739392,7.8705082156114585
Q96EK6,7.550748490721705,7.59775205271861,7.475837788768958,7.545357792034823,7.527102791607639,7.539359783170346
Q9C3Z9,5.217576304427697,5.229227876185209,5.136346961056131,5.217565256713685,5.128357766403225,5.185814832957189
C5NU54,7.181801976506144,7.258182039000977,7.2937468436702275,7.186884230448984,7.181754868411547,7.220473991607577
Q8GZD8,7.982048095811149,8.056833291920995,8.081416521517337,8.103313667086647,8.129622198987215,8.070646755064669
O47881,7.97530524131923,7.876791323456877,7.761079980590895,7.969975032955927,7.979108484188839,7.912452012502354
A0A098B5G4,7.200000171707668,7.200000398799093,7.200000187078601,7.200000277189361,7.200000263116736,7.2000002595782915
Q8NCG7,6.719841802744289,7.4808831212062215,7.333787674105665,6.972697258742686,7.128998517172248,7.127241674794222
P06721,8.237705826192151,6.992891674367024,7.001963968866937,7.652816094606082,8.237641893921081,7.624603891590654
B4XEK5,6.845568985007697,6.458286157575506,6.436208738228577,6.900803857399833,6.419307486591973,6.6120350449607175
Q12640,7.780829988639315,7.735599448301509,7.746503485347538,7.674799836062845,7.649073122666747,7.717361176203592
Q6R4Q9,7.899984650385437,7.993498440178201,8.079216913482735,7.900063258429458,7.781323678720034,7.930817388239173
Q5JBG6,6.324442273859673,6.763974131010728,6.866648207035273,6.394586447710518,6.143541955127962,6.498638602948832
Q5SJC3,6.979544619877692,7.250107095079774,7.436058044321916,7.317106857019793,7.381903140354525,7.27294395133074
Q9SE50,5.770425213917564,5.568432737592026,5.986627370700164,5.965203178569113,5.954951126496194,5.849127925455012
O93647,6.4144013771422435,6.6032392384503815,6.938504447789023,6.106458814046268,5.933553075005765,6.399231390486736
Q108P1,7.448355630604541,7.334154309641967,7.640822419327987,7.556896406337927,7.343890674888899,7.4648238881602635
Q57501,7.324974483457271,7.868107604588115,7.5220124772329475,7.4229190273040935,7.324942648723454,7.492591248261176
Q8IXK2,7.467616999078702,7.3177013318156545,7.192985627661524,7.15406586885136,7.254092731784692,7.277292511838387
L0N6Q8,5.220061221887112,5.349257546975388,5.250713122507289,5.055784030213396,5.419515332647926,5.259066250846223
J9QYL0,7.074832665438886,7.105117397955346,7.123877780289115,7.074839750919154,6.881239189666674,7.051981356853835
Q8J259,7.4505135111910015,7.465356301385319,7.362972292552267,7.262906804814168,7.450518112688022,7.398453404526156
H2IFE7,7.5164812112680925,8.237132432866392,7.979988840021926,7.843359651635882,7.445264623703049,7.804445351899069
B1HP60,7.1242451479983275,7.149014046695767,7.204801842023405,6.654613540951097,7.1243351152664065,7.051401938587
O59828,8.35517962712195,8.42205221018818,8.368768275692782,8.735425863758037,8.704712384662903,8.517227672284772
P39476,6.274592289706582,6.715598205613445,7.014155175536415,6.2676982160014045,6.377529171287188,6.529914611629006
A0A0K1E2F9,7.684868088893027,7.518762010295955,7.665628300650325,7.669593238807799,7.708364148975221,7.649443157524464
P00736,7.600930400636549,7.703910205554175,7.779073726467174,7.554282624273061,7.624613408547977,7.652562073095787
O75795,7.416657268917978,7.4161595988111255,7.416002601090113,7.414309525413612,7.41421241585664,7.415468282017893
A0A0S2VC96,9.03849174569342,8.756507989461712,8.75775268804871,9.038363585085772,9.041116031947073,8.926446408047337
A0A1Q2SVY7,7.692814372599833,7.682423845644825,7.666985916346215,7.692786538488762,7.634076485975454,7.673817431811019
P51852,6.633996410888693,6.830434798069367,6.642979647997175,6.569012776537682,6.478586604257716,6.631002047550128
Q9RP48,6.319234770875217,6.615393873003692,6.608622678926514,6.2371000056309205,6.318955637005637,6.4198613930883965
Q96YR7,7.354185930339084,7.459915679197149,7.325218966410617,7.433646860141747,7.433656968182577,7.401324880854235
Q5Y152,7.606460495811106,7.843576494864225,7.56491549266749,7.711670251045125,7.633780974350388,7.672080741747666
P16116,7.014961479255078,7.061889151556791,6.856705772546064,6.905104485396015,7.052770800757809,6.978286337902352
B1NF19,7.584653461810858,7.496967217963297,7.512123695412635,7.525783685264553,7.517058812866493,7.527317374663566
Q59632,7.882772969424545,7.881847856388961,7.8618459533593725,7.612316608833036,7.664445520583787,7.780645781717941
A0A0K8P6T7,8.036508016941545,7.928413984729944,7.8320032077927735,7.953672972834625,8.108659586449537,7.971851553749684
M1R367,6.0151204801983535,5.912806545473196,6.230277372027375,6.0532983215357135,5.945156372442383,6.0313318183354045
Q8MJ30,7.31003339736887,7.534385605040406,7.389781416936375,7.377706776954641,7.449571380745794,7.4122957154092175
Q9SLA0,6.071935542789475,5.601779164953073,5.8162857521916855,5.987119858950714,5.658369223429073,5.827097908462804
Q87EL2,7.451905485152532,7.606938368221939,7.577201762444021,7.108394614471326,7.097713144877446,7.368430675033453
O08796,7.433486087082018,7.390567831285113,7.419629934908113,7.405068607419559,7.427868810889734,7.415324254316907
A0A4P8XUU6,7.606894254697995,7.401404912715603,7.594343616085292,7.556265759445417,7.571489700818606,7.546079648752583
O00085,5.335490593450679,5.118582105249387,5.0724840786066965,5.163127641881151,5.171875248050299,5.172311933447642
Q9AEP4,7.14552051620677,7.014853696425793,7.197873816142958,7.066747123501359,7.380683238618494,7.1611356781790745
P48643,7.782956811175683,7.769794779810072,7.79250811938269,7.646268294221254,7.787007556926954,7.755707112303331
Q9WZP2,7.7887533798260495,7.694440117482078,7.704146330258948,7.7735617019102,7.9052707203111074,7.773234449957677
C9WPK1,7.3697263909678,7.415492404305843,7.366379948491613,7.375275629088899,7.19479172148882,7.344333218868596
O67644,7.837094012474785,7.8324208441361,7.882723289803181,7.837141559135753,8.010212771786566,7.879918495467277
Q5B5D5,6.367551387145402,6.937144362860036,6.675815418793176,6.338571535442016,6.3676586739420165,6.537348275636529
D2T083,7.907350868809359,7.666763545745233,7.39474837142863,7.62112948431549,7.883230783457671,7.694644610751277
C1LT16,7.553564521687399,7.534670080352431,7.753417229829837,7.701579403613872,7.586417641035528,7.625929775303814
S6CFJ1,8.33758287229801,7.907090384144016,8.028061792170769,8.211875748806893,8.474444741626764,8.19181110780929
E2GDF4,4.8420149087124305,5.232530966539426,4.9588106708958675,4.84205484814417,4.955477576932912,4.966177794244961
A0A0P0DIY6,7.498198754709891,7.497037103077576,7.472627416654963,7.397267881221424,7.403045601615174,7.453635351455806
Q96EY8,7.493432984293014,7.583433418583843,7.74795389988043,7.423309374475051,7.4507141575311895,7.5397687669527045
Q58499,7.696089996615546,7.55502205733935,7.654511220772864,7.724224691091079,7.375247969898747,7.601019187143517
H9ZGD1,6.373675749506667,6.598888752257586,6.571134119838625,6.450557619782389,6.613304105045602,6.521512069286173
P54493,7.319662437637635,7.511625530359291,7.4415129650845735,7.388500663048114,7.319587174004157,7.396177754026754
G4XUJ7,7.770113883546041,7.829091324710154,7.73776974214475,7.770106451553183,7.875540763162224,7.79652443302327
Q4JC35,6.3296944176445065,6.445265486689854,6.463636085412382,6.240013886524039,6.304821541228019,6.35668628349976
Q96G23,7.4620019981818935,7.437225049620163,7.427274804951973,7.456065837732363,7.459201082197049,7.448353754536688
A0A0H5BR52,6.83144273080973,6.8032727934203985,6.9886050860646955,6.859931070145617,6.924700648814869,6.881590465851062
Q8TFE5,5.136235485111398,5.403455329268451,5.097602410530658,5.083534821012639,5.081321267049489,5.160429862594528
Q9Z2D1,7.582227488055501,7.357637357247577,7.537578117683488,7.582187948301088,7.657943191613722,7.543514820580275
Q5A6L6,7.493908721632798,7.579304498025743,7.624960772464208,7.493877869941623,7.493883948485432,7.53718716210996
P52917,7.329507523305536,7.474146156253867,7.444731035827283,7.32944201169843,7.328621685839638,7.381289682584951
Q9HA64,7.539171023125869,7.575943325294938,7.568261390254834,7.5991731396182525,7.539353737386318,7.564380523136043
Q5BLZ6,6.588279175505979,6.743124730762483,6.5268796969162945,6.588280714191749,6.588306599747474,6.606974183424796
O95363,7.530398332611779,7.739422534324342,7.630100914119588,7.681361060157683,7.679713097160749,7.652199187674829
Q82IZ1,7.167112680531446,7.543115843654745,7.203773203967281,7.167115641000754,7.224951889687717,7.261213851768389
A1RX09,7.452947693667478,7.400803796561201,7.318627920859946,7.389823456235078,7.1208752027989,7.336615614024521
Q9NYA1,7.287577380352934,7.33086853626672,7.424379342202752,7.300557836878933,7.288027253354693,7.3262820698112066
Q709M0,7.522523647045931,7.486284505576974,7.441198780376012,7.498049608441658,7.357940941535361,7.461199496595188
B3VTK1,7.5177525577053705,7.706401845296369,7.756000123263375,8.043500592973611,8.043531830446119,7.813437389936969
P09871,7.609940498933726,7.686019951194253,7.701166324884878,7.551055151319352,7.636832509103146,7.637002887087069
Q59825,6.699879511964699,6.0669814079770115,5.767990253959186,4.879936514950258,5.732498594108777,5.829457256591986
B9A1J7,6.516924050080603,6.787715248522974,6.674456799766957,6.896947242971602,6.894111048956713,6.75403087805977
C0IRI2,5.8572168505949485,5.783740961426524,5.738761061472293,5.857221877078156,5.857235885262806,5.818835327166946
P21396,7.540910922740221,7.724190559485796,7.779102492608792,7.690540254643197,7.691130050378605,7.685174855971321
Q10LH0,7.1151286004874414,7.086764205034735,7.1229494545270935,7.0649519375293135,7.052732516719586,7.088505342859634
Q27793,6.875289654869434,7.162786642166336,7.150152122776347,6.862440366906315,7.427866460938838,7.095707049531454
P0ABJ9,7.2522404348413865,7.433035748986243,7.41411957138548,7.3986472203031886,7.828134940576457,7.465235583218551
B8E1U6,7.220799759520025,7.40852872003415,7.444422184006575,7.285520194291655,7.3462603955161,7.341106250673701
Q44492,6.847636754531906,6.734450631788492,6.635259726600358,6.541999413006124,6.819174440263783,6.715704193238134
O28778,6.982067821288534,6.953757380479259,7.08665041190957,6.525607178054001,6.90230890556236,6.890078339458745
Q5YYQ3,7.353216354428493,7.5632392453467086,7.554132884570181,7.370089336814255,7.33002500913569,7.434140566059066
D7VBA0,7.972809886360735,7.801425027263065,7.72702023940538,7.700906480455432,7.583011259760412,7.757034578649005
G0HQ31,8.090568701138821,7.897159271360856,8.083541530142828,8.275329592751772,8.090524155392599,8.087424650157375
E9QYP0,7.499999984452252,7.499999957984327,7.499999983744228,7.499999986528708,7.499999988990534,7.499999980340009
U3U992,7.653040836945862,7.532985665943246,7.580838897665819,7.653009488843412,7.652993437457404,7.614573665371148
Q0SE24,4.691291018234118,5.129986199064126,5.838358100764757,3.962754088027476,5.284285417652522,4.9813349647486
Q8GR45,7.226186055350267,7.563243284042221,7.409519460457183,7.512102217222758,7.456556056405951,7.433521414695676
Q04609,7.846519430881616,7.426897642603829,7.777886036159427,7.759222166125608,7.549700094359453,7.672045074025986
P96091,7.758487916418683,7.660728660451362,8.085614015766541,7.758498712256807,7.793721638983817,7.811410188775442
D2YZL5,5.0850142992619265,5.399474098204724,5.252623342106666,5.295531479093736,5.240709950785346,5.25467063389048
Q32L40,7.694951262994492,7.722390506315613,7.7232573471368,7.639635392759965,7.8318103947710975,7.722408980795594
Q51548,7.328123565958139,7.498734752440908,7.533188962111482,7.4975165631145675,7.3532641884387555,7.44216560641277
Q92LF6,7.359360392197385,7.109243497406969,7.120669195062163,7.151582887679385,7.295078911137451,7.20718697669667
Q0CQ16,7.511556887713182,7.566547821095464,7.611385295250378,7.652192864237208,7.511851468263815,7.570706867312009
E8ZAP2,6.702584390556124,7.080718415577383,6.8980318189481835,6.766731141259643,6.909284814267036,6.871470116121674
A0R4I6,7.716199199993944,7.7113246111163525,7.808970889767722,7.773952141659684,7.542777569524907,7.710644882412522
Q00535,7.2220343588711335,7.2481968048351755,7.233552809933379,7.090939745379325,7.115663182669008,7.182077380337605
D5DCL0,7.687472501089624,7.530987897822507,7.553516315799312,7.69441207933888,7.524740086032286,7.598225776016522
Q55777,7.923216138830083,7.7577317250052245,7.804867876613273,7.907638607049352,7.969921218597948,7.8726751132191755
A0A286S218,7.672334008934235,7.848349490438304,7.502873731540985,7.67224594792642,7.756586759822468,7.690477987732483
B9K0V9,7.933686391643804,7.9477182782509574,7.703297358458288,7.656204122758449,7.678732248116222,7.783927679845545
P48418,7.500000000000001,7.439922659695341,7.432722129437723,7.4080593737700005,7.418349610949194,7.439810754770451
A9ZND1,5.8581281238079885,5.854791760585855,5.971753187147912,5.865943403536958,5.858198021433058,5.881762899302354
Q84KI1,7.537392206009604,7.44246812831825,7.349209062210618,7.472198999712465,7.472277573219804,7.454709193894148
A0A0K2SQX3,5.961345126731426,6.003557033920852,5.912413517863872,5.962220813150924,5.959071754838357,5.959721649301086
Q1JUL0,6.27551209247568,6.7320407091711845,6.317314067579393,6.486542405544393,6.01167545867923,6.364616946689976
Q6R7Z5,5.2149853492253815,5.209929530161404,4.99907984657099,5.221631664555349,5.128040730636559,5.154733424229937
D2RIQ3,7.249250288465394,7.488660574834041,7.402743815313366,7.536756717289318,7.503956174430729,7.436273514066569
P27680,7.646027219609672,7.700230763293183,7.556006967986124,7.710531190392896,7.646017821672879,7.651762792590951
Q88JP1,7.942024426884712,7.972082311061235,7.857749314949126,7.85302713716662,7.942992176294994,7.913575073271337
A5IKD0,5.256584243886163,5.607572724095635,5.275987040054894,5.453561574126322,5.2308861891836544,5.364918354269333
P22319,7.260707302669671,7.280654409049672,6.651339515944705,7.260687302654291,6.6791685328208645,7.0265114126278405
Q58134,7.287171949449582,7.545241654862101,7.689134769273336,7.861218027162863,7.438078897668904,7.564169059683357
Q13126,7.737356836545587,7.393068224533227,7.473699247779058,7.682265634834168,7.768656798385148,7.611009348415436
A4UU36,6.484761390455686,6.9591625044098215,6.770281321912151,6.477143582599137,6.9029508466030265,6.718859929195963
A0A191T887,7.294520895933511,7.198002508408102,7.254663260747478,7.143687140704748,7.193819885191107,7.216938738196989
E9NR87,7.630334816926645,7.315370691873514,7.3277895369344135,7.720712421355648,7.630367245063941,7.524914942430833
Q9I4W3,7.7598501002414055,7.693947686200445,7.76311294990544,7.759826399933127,7.632443168492703,7.721836060954624
F6L7F5,6.778567272382161,6.592079594278891,6.555790539619801,6.284744546307658,6.273875368516312,6.497011464220965
P54577,7.591299485961351,7.577795669921223,7.610746324584898,7.705998800651445,7.57563956305139,7.6122959688340615
U3KZM8,7.314079161065434,7.33894964009085,7.338575189266512,7.430615700464827,7.430636719797767,7.370571282137078
Q9X6R4,7.702622293796975,7.848512833954759,7.5782643692422,7.674912105224067,7.44394828600603,7.6496519776448055
P30986,6.852303052109934,6.949326639801454,6.791608134586118,6.861740773178956,6.5985373207723015,6.810703184089752
Q9S5X0,7.731933803543479,7.609531208796032,7.699804881207963,7.521956439486987,7.728398231135242,7.65832491283394
V5RE14,7.319597096672557,7.237506708705831,7.152185367782883,7.0419639697777034,7.158501236326782,7.181950875853151
A0A2U9Q8M3,6.444424356963225,6.266211680671428,6.001864615658311,6.4909720149941315,6.466369595891152,6.3339684528356495
A3MWL6,5.556171879981156,6.002517548829851,5.858868404175703,5.818908807748357,6.0901214225708165,5.865317612661177
F6IQ86,4.005329680856903,4.242913872057817,4.024045549588116,4.0090815973865945,4.008936248966909,4.058061389771267
Q3L6N4,5.219587653758014,5.6210635939337985,5.677255975877021,5.753619744105887,5.305151694293923,5.515335732393728
P79208,7.668460472472925,7.526286579827142,7.525919116373195,7.753924322927482,7.749183842000053,7.644754866720159
Q5GHF7,7.706576595912158,7.595575655203734,7.426001503652356,7.400507219462085,7.2696118701654,7.4796545688791465
A0A059Q746,7.3296177420651905,7.310946702097619,7.476423997664007,7.241771687638321,7.51762815258792,7.375277656410612
Q92819,7.112738122948491,7.0565163238818105,7.1044465134311645,7.1074651020133865,7.112740104154854,7.098781233285941
Q4H2B4,7.291673532950698,7.357037547067327,7.339548725198085,7.335108961719604,7.319690324137966,7.328611818214736
P99159,7.060709863750253,7.305709565236406,7.258346435306394,7.10575163720836,7.199819463487919,7.186067392997866
V9Q624,6.599697563346267,5.976921895449001,6.789647345966579,6.641857821217547,6.597444691825212,6.52111386356092
Q4J9M2,4.556564933839638,4.087524324206744,3.5211768550609754,3.1143060544803314,4.203248367787939,3.8965641070751253
E1APH5,7.299605146660972,6.992165803855164,6.868642809185326,7.299707301761631,7.299619020722934,7.151948016437205
Q9LDH0,6.730116185739107,6.723635819063101,6.7392156197333835,6.755386868726167,6.781320551762997,6.745935009004951
U6A566,9.685738882571385,9.605165847648129,9.881531652257014,9.685594108897673,9.252241483310732,9.622054394936987
A0SWS3,5.561335507426127,6.204847193371306,5.935158735558323,5.866955905229424,5.808319817785137,5.8753234318740635
B5U8J7,7.575420373279287,7.436830464603756,7.560692180593149,7.562667912005262,7.575418577837354,7.5422059016637615
E2G4I9,7.3086556504090145,6.9106448778337946,7.066693306021824,7.08189966000746,6.99764270508631,7.07310723987168
H6WET3,7.200000000000001,7.2252480648926936,7.2094648229352165,7.199999999999999,7.199999999999999,7.206942577565582
P31072,7.908115819070169,7.942777110428341,7.868045366795518,7.447601811435798,7.8698318889497125,7.807274399335908
Q76FR8,7.500000000000002,7.449104120264819,7.482444241211644,7.47959314370782,7.4803217970777025,7.478292660452398
A0A286XL02,7.672435774452921,7.237469344863761,7.143148780391973,7.615140064231364,7.4291308315768445,7.419464959103372
Q5U925,7.444348766328606,7.588869338797182,7.359300570544963,7.699440996476426,7.3022048608735215,7.47883290660414
B3LF83,6.463895946317128,6.849036264262026,6.50675375328753,6.324019230322495,6.388142701930431,6.506369579223922
A0A399G7U0,5.75072016567401,6.026948090663634,5.856582541805484,5.807326570725345,5.750719772174938,5.838459428208682
A0A061D1S0,7.656298842198636,8.078378731675988,8.108919766513836,8.041077928155149,8.025506761670975,7.982036406042917
Q9JII6,7.399999794489667,7.3999993712139895,7.399999550831436,7.3999995183141385,7.399999694854527,7.399999585940752
A0A2U9GGW3,6.975853878453235,7.104897627934759,7.133915455190282,7.33168263775652,7.353362567530073,7.179942433372974
Q90WM1,7.613652909129436,6.985325971047076,7.244559933445996,7.489731777892452,7.627027901276114,7.392059698558215
D6RU53,7.28697827781547,7.324701346589566,7.467630002959147,7.36725716777574,7.096349969091336,7.308583352846251
Q8MVS0,7.314112276457097,7.251390765105764,7.410594264821989,7.410787578923243,7.359413573712985,7.349259691804216
Q97W94,7.219054220795634,7.484181725198322,7.428631217287973,7.519837094632891,7.462595921008145,7.422860035784592
Q7WZT5,7.22909460322044,7.500011442959381,7.275390386362359,7.089059561791327,7.2290670864063555,7.2645246161479715
N1Q9R6,6.889725403778069,6.848184920821821,6.920694834466291,7.09041641044235,6.889764737873212,6.92775726147635
Q3MUH8,6.243874641426131,6.4975100275884685,6.15525313612836,6.125982590008302,5.938235793492764,6.192171237728805
O97071,7.573311620943119,7.409817493120529,7.5767552077808435,7.585702773132219,7.415158739783834,7.512149166952109
Q45NB2,7.576934124088128,7.569247442032319,7.53943767192486,7.576932127331896,7.576937249521037,7.567897722979647
P0A870,7.15670404408677,7.462411642939733,7.351073273701762,7.286237074998743,7.286245922159232,7.308534391577249
Q147X3,7.840206509467197,7.482969972388932,7.818870051316881,7.840180676592793,7.927446598780693,7.781934761709299
Q3Y5A4,7.535243531906329,7.826962205827494,7.6062437126876725,7.600770242838643,7.630721725061513,7.63998828366433
P06634,7.469401787202625,7.583911428562323,7.5813108404118426,7.46940886840221,7.643558293729368,7.549518243661675
W8QRE4,6.2917582110871715,6.31823327630454,6.43766047111758,6.541646634540411,6.486978101533029,6.4152553389165465
Q63159,7.496344525817144,7.427467429005211,7.546535322889269,7.468785071886322,7.49631862612371,7.487090195144331
A9YWH8,6.1183335027061725,6.184502180792812,6.451561277620975,5.979728070546427,6.069907144979869,6.160806435329251
X0M5X0,6.192615010875326,6.096403294648585,6.009323796635548,6.201869153983119,6.201849480220239,6.1404121472725635
A4UA16,7.5802833974561,7.559587497271591,7.553934143876173,7.858133755669102,7.472879894945361,7.604963737843664
P16406,7.245615087069675,6.977120484733513,6.983894671918624,7.043366321255649,7.045334305371305,7.059066174069753
C6FJG8,5.540237428367947,6.189264858550372,6.180747439296196,5.845250981125853,5.540239268140333,5.85914799509614
Q306W4,7.2628382193261025,7.283896658422879,7.497010534528323,7.019584469651758,7.49689831092765,7.312045638571343
Q96DE0,8.148626999521479,7.770031156582412,7.903184894012288,8.01592362343969,7.939011272498286,7.95535558921083
Q9LA16,7.718813560103648,7.914763790948416,8.179428453145485,8.21124873588243,8.210962657393093,8.047043439494615
Q2HQR8,8.461387491587955,8.33834047718556,8.397008296602944,8.490333024530456,8.413907305607426,8.420195319102868
Q2U4P3,7.780520959474165,7.399548768486358,7.250736831680226,7.836629693976921,7.781897441110643,7.609866738945662
O59445,7.906996650705788,7.843104875499645,7.852241622904471,7.913183217498288,7.918363851054873,7.886778043532613
P14489,7.342976391138226,7.490512531319259,7.6468506429379905,7.343000701005829,7.411775418281418,7.447023136936544
A6Y9U8,6.451320360236975,6.14943444662991,5.937779258959259,6.2509761301187385,6.567702852734803,6.271442609735938
P44046,7.686200387451029,7.622723590486875,7.674705570940558,7.910143178229906,7.926093060338807,7.763973157489434
Q9LCC5,5.715816102526308,5.896811270771965,6.015942105717896,6.028229266244188,6.135434267005466,5.958446602453165
A0A0K2E5X6,7.0877350015060525,7.059490726322391,6.978802234154682,7.331815777590329,6.881087951232293,7.0677863381611505
Q92R47,7.494961650191343,7.634390881489682,7.513947728753451,7.360411418152888,7.330403276026944,7.466822990922862
Q9FK25,7.578684996600084,7.641277162072969,7.803381314433212,7.924104029451641,7.6377042849214885,7.717030357495879
Q6F3I3,7.288373839217022,7.343381869916651,7.299978913256237,7.382693407120184,7.286183369948369,7.320122279891693
B2DEV1,7.313724967278438,7.749189388591147,7.588882970439636,7.614821723881913,7.627450277380844,7.5788138655143955
G0UZY5,6.956703734437103,6.9325269672167105,6.637485039382258,6.430366902235102,6.75403056649439,6.742222641953113
Q4DGV2,7.220138539547672,7.353092562928572,7.280311815326952,7.145870176010589,8.020915724911553,7.404065763745068
G0SGU4,6.495965229144101,6.937932704665135,6.715446988472553,6.6475687506936705,6.658981021870729,6.691178938969237
A5XB38,8.179459558507787,8.162910952646888,8.249864013704457,8.240863025092027,8.240817862443865,8.214783082479006
P55984,7.65088801314273,7.773426377820015,7.7792699718967935,7.736447700321543,7.758426329417161,7.739691678519648
B6SBM2,7.8742279367350365,7.885082961244621,7.937301761965557,7.929768901129003,7.901348843205291,7.905546080855902
Q6RHX7,5.839576290924761,5.738486607337022,5.865960557106185,5.8219860752613615,5.822004600262622,5.81760282617839
P08303,7.170920153904251,7.345713702483017,7.342813645444106,7.162377467101479,7.170910703032069,7.2385471343929835
A0A0E4B3N6,6.872612168082745,6.578938045195436,6.5820962646030905,6.698712777382986,6.6466172211669035,6.675795295286233
A0A0H3K9R1,7.499999994505214,7.500000069559368,7.500000028264782,7.499999993979,7.500000016208369,7.5000000205033475
Q1HER6,5.148136000210802,5.2448764752070645,5.064624821456263,5.188593479300346,5.148130842971503,5.158872323829196
Q86D78,5.382547592882835,5.589642636220312,5.864554686087244,5.329893072185379,5.288306724927753,5.490988942460705
A0A1G8DI07,8.28592534592375,7.398872783306207,7.83265835018364,7.0486361148688035,6.956624504624773,7.5045434197814345
Q70G56,7.0700795637505935,7.317261039150706,7.173544517204631,7.070709931399059,7.070790177325587,7.140477045766114
P23381,7.5075288711938715,7.541518513275112,7.523564053112647,7.407020447654981,7.4973402558146045,7.495394428210244
Q5ZXE1,7.896820062664911,7.884541229191032,7.926867259122923,7.971474571630278,7.895290143404914,7.9149986532028125
Q8U3K2,8.42451231222965,8.339810192187146,8.439708886425798,8.424744939864686,8.401272004440827,8.406009667029622
S8GJB1,7.005603911912892,7.489661882854892,7.0505372034177025,7.110275692449779,6.79209400442714,7.089634539012481
Q9UUB1,7.438007334797093,7.6490182818845405,7.6964359695372915,7.437988613565977,7.437982137434394,7.531886467443859
Q9DB60,7.49795956191893,7.4664623681163675,7.529308728153365,7.435450529712242,7.434800907858475,7.472796419151875
Q6XMI1,7.694559566448796,7.8051670089687235,7.796635314931395,7.637505630674571,7.70633694027381,7.728040892259459
Q9X1V9,6.181341717000481,5.783213965744811,5.9481013259860696,6.181273366689381,6.297992969412615,6.078384668966672
Q9KPK8,7.688559872520461,7.689236736761199,7.760434351350273,7.634104265742769,7.728469624913988,7.7001609702577385
Q9CAF2,7.792684170458647,7.6777065447221515,7.7133165219752975,7.823587227848732,7.869949593736769,7.775448811748319
A0A088BCU2,5.666857194527888,5.63935719865631,5.794434396854387,5.47902817128935,5.479091495913589,5.611753691448305
A0A3Q1MVP2,7.454350686586145,7.41779082355964,7.4406713906651,7.445167033740486,7.454826384282359,7.442561263766746
A9BHI9,7.675340516902249,7.883380556629256,7.556853987425937,7.822721781174538,7.655973076694287,7.718853983765253
Q9SPV4,7.385717251617997,7.504106880620048,7.39397711098923,7.397692893180573,7.213140544192091,7.378926936119987
P00698,5.424050791780073,5.593824083190964,5.42709931651403,5.399970588437449,5.39995641138222,5.448980238260947
P80313,7.832684977142913,7.818362967747715,7.834519804573035,7.803729138622879,7.874410575503484,7.832741492718005
P04063,7.524659279333615,6.942463773868978,7.120069185764947,6.791242752834145,6.4706193877426115,6.969810875908858
Q9K2N0,7.200000000000001,7.241358518329796,7.236834218504443,7.2,7.200000000000001,7.215638547366848
Q9S5E2,7.591314758681431,7.625088693655604,7.513423866718152,7.28032881269001,7.280319390217481,7.458095104392536
A0A0A7HLG5,7.420812516321321,7.577726237825333,7.4554990985585174,7.463301556686248,7.6949450892597895,7.5224568997302415
Q5U924,7.2366179038963265,7.609363357282775,7.507642879075459,7.442168977532084,7.576984152781968,7.474555454113722
Q8ILW6,7.714144314530995,7.4808211157857984,7.687276015955963,7.634779304274165,7.568551790010474,7.617114508111479
P0A9N4,7.761452734762158,7.590346382134598,7.6736790695580765,7.928436393363839,7.985320100990836,7.787846936161901
A3FQA5,8.559584908962224,8.427147814810452,8.61675547221319,8.920575354264344,8.920513143792206,8.688915338808483
M9VTY8,7.155315407515466,7.185237444926645,7.082509111907923,7.0089365493027325,6.928145999802586,7.072028902691071
O66064,5.993402805305451,5.5045764460939965,6.149565219478059,5.995681088336543,6.1372369759576255,5.9560925070343345
P9WNS5,7.550620730116643,7.573212075662232,7.5377537392438905,7.550596649979136,7.62372160491944,7.567180959984268
K7ZBX8,6.895620566283148,7.306699383156016,7.2260695100475685,6.895500827029394,6.965466804606326,7.057871418224491
Q05193,7.505335182379766,7.461089821401954,7.497574248900998,7.503899183449304,7.489186933507819,7.491417073927968
C3VPJ1,5.962313586279958,6.100489437578008,5.883569738269604,5.641522522545504,5.64159190193055,5.845897437320724
Q02724,7.696323590974663,7.680595121996908,7.724472750887415,7.618902161122562,7.657506228442236,7.675559970684756
Q2VPS0,6.729715647804074,7.224018495846511,7.058532815091838,6.930893961281835,6.932162441542074,6.975064672313266
P17560,7.741872037289471,7.478797508463928,7.441705457270625,7.784108901446376,7.559307711575984,7.601158323209278
O33838,6.57234687173844,6.882002866203336,6.59457629827448,6.568888998389258,6.431871953029338,6.60993739752697
Q84NG3,7.5,7.458495737965985,7.443210792824963,7.4263841665617,7.428492212325834,7.451316581935697
A0A1C9V3R4,5.302163674128432,5.75937030770423,5.49742055339302,5.662436199484819,5.566493959314047,5.557576938804909
A0A1J4YSL8,7.971291200133465,7.8385672801822475,7.7488893463515245,7.761317300384809,8.016096724956293,7.867232370401668
A9XR52,4.9255915168126645,5.206382296013687,5.077222874798839,4.925832327730157,5.065662117463339,5.040138226563737
Q9XZT6,7.719754560412065,7.750125528414185,7.827392666995263,7.897687304188731,7.850758495857417,7.809143711173533
P12653,7.588129638390964,7.58897745391825,7.322733881106812,7.587901160571012,7.520718587338016,7.52169214426501
Q401R6,7.3232336391815185,6.789138337201828,7.089570412206886,7.159432486164922,7.019354251260809,7.076145825203193
P9WJA1,7.700834818413231,7.575917228341739,7.815131422996913,7.739961778193705,7.46272172349479,7.658913394288076
Q53389,7.789086502537768,7.6695961835453135,7.628838744378297,7.6189022603633765,7.533516614164769,7.647988060997905
O87870,7.452154738138783,7.943798322018352,8.10079958343653,7.651086398586574,7.685767776681512,7.7667213637723505
Q19R72,5.56045711322102,6.007359994457557,5.856494643444286,5.868355135389276,5.547191679198771,5.767971713142183
Q9F234,6.288820179624002,6.275920986917868,6.129490131811649,6.570987758220163,6.354733393737816,6.323990490062299
O24319,5.378785486885539,5.722466302130339,5.31814526678939,5.378748992806127,5.414905546586732,5.442610319039626
A5A5J1,7.168391722265505,7.2658202984417475,7.213930324696382,7.207936782553064,7.1684043110925915,7.204896687809859
P29758,7.750556590964905,7.156433450730862,7.637628121610199,7.811198572225978,7.750734649582129,7.621310277022815
Q10RB4,4.233734687494221,4.8007676596784465,4.729874504532073,4.2882793570007145,4.357393563176295,4.48200995437635
B8YAD0,7.5093505900167985,7.741835197112569,7.840781299666688,7.6451500100745395,7.683087437830492,7.684040906940217
Q96KN2,7.542163084232633,7.630278903573017,7.593426874529542,7.540746825549167,7.525806861585471,7.566484509893966
E9AMH6,6.443272370610313,6.551776534656408,6.544801013036921,6.9769721758631364,6.621111246121576,6.627586668057671
U3T1K4,8.035055777783288,7.971242976895593,8.001151045027855,8.038157243267,8.118839438057687,8.032889296206283
A0A059VLI3,5.552741362033695,5.601294725039669,5.820255690517724,5.604094358812406,5.604094624003589,5.636496152081418
P39669,7.623530650311006,7.743285925540418,7.77958799158274,7.855090729189248,7.628078740875491,7.725914807499779
A4UU35,7.142206651967978,7.020052742929935,6.99136743427313,7.093457441558152,7.352169709326754,7.11985079601119
P17169,7.413666788700762,7.493371199473218,7.4304157737159295,7.499300089342344,7.485455082705918,7.464441786787634
Q6EB26,7.82330725383025,8.018156016800596,7.993784585635001,7.80621427837615,7.727975582936437,7.873887543515687
B2BZ80,7.100015166199454,6.621784552057663,6.424053352937126,7.099992223647188,7.10001669820963,6.869172398610212
Q3SYC2,7.463322582348102,7.370193345196044,7.411829300177539,7.463821238183649,7.463815319740843,7.4345963571292355
Q8WPJ2,5.941199213918861,5.35505444890844,4.9689046856481935,4.661821195013836,5.928171463339715,5.3710302013658096
V5J3M5,6.448683293476591,6.425004985509784,6.511338306275893,6.444162899131623,6.448722776313498,6.455582452141478
A0A286S1Z7,7.318176296711321,7.779951323935594,7.615495002840842,7.532783690301496,7.791381498605612,7.6075575624789735
Q02745,6.445397832109867,6.800311032167593,7.064382770017075,6.400551058920044,6.376445098520158,6.617417558346948
P9WN65,7.978143645339904,8.064707701783473,8.058767548970746,7.895296628964286,7.741949354794749,7.947772975970632
C6FWG9,8.124406884888733,8.017123854802286,8.18588894469768,8.084571644276672,8.08458082116461,8.099314429965997
P05979,7.66766895947055,7.535257134931192,7.488095424389775,7.7212658714157385,7.6857968435330895,7.619616846748069
Q92AS9,5.992698802356591,5.58642750338725,5.936202236548597,5.990978490841268,6.186698396641583,5.938601085955058
Q8YZ99,7.283860084573995,7.7050211640288255,7.2946958688018,7.338802084489516,7.244466242216217,7.373369088822071
Q4ZFU2,6.359914111085177,6.293698615597635,6.3278940547111455,6.603449867624496,6.360129216560575,6.389017173115805
P09601,7.355095296359138,7.387895262049155,7.289851661947837,7.200052879607339,7.3121354493355195,7.309006109859799
Q973H2,5.705129170370376,6.1823888059298335,6.056419813321257,5.658993442269047,5.705018023726705,5.861589851123443
Q0ZS22,7.459230265317452,7.286745897153533,7.1559721700765735,7.6924692419905565,7.458729821542044,7.410629479216031
P08432,7.872709597516095,7.699031501838997,7.710926244894459,7.582534513282808,7.806999164118379,7.734440204330147
Q10714,7.616391679626612,7.201165671591228,7.465274401511551,7.576177024257123,7.55935932668803,7.483673620734909
B7XC00,7.171757616700462,7.393080193141843,7.220200942894497,7.330334626822167,7.190117136780102,7.261098103267814
Q8GBB2,6.8935578136128095,7.236465252946329,7.132170656126447,7.189469010148457,6.840976577162755,7.058527861999359
P27213,7.498996764676884,7.6477078965998135,7.467273885572272,7.4172909587579845,7.562657517621499,7.518785404645691
G1JTZ7,7.125344411864836,6.863057479084706,7.08621762979793,7.036401659384634,7.036399605386922,7.0294841571038065
F1T2J9,6.906471164896038,7.138940719371846,7.156831012131902,7.346301086359743,7.165151416212421,7.14273907979439
O93656,7.419130077179279,7.4274012358258075,7.915897876972773,7.452291014140448,7.410319914725697,7.525008023768801
A0A2U8ZSD8,7.216015629565705,6.948993801771274,7.0056302281433185,7.216001774076052,6.921183540204569,7.0615649947521835
Q257D4,7.299039624731652,7.298568623606823,7.338012358109318,7.431532197046004,7.431543308959225,7.359739222490605
P17987,7.7028712939348996,7.727374808035482,7.729867043574618,7.64547380242169,7.831789459771659,7.727475281547671
Q9C6D2,8.214234123455393,8.235237904160932,8.055033404834246,7.994470875329201,8.125678232215064,8.124930907998968
A0A0C5H8Q7,4.771144769815532,5.010655466641069,5.085500629824411,4.906866281186602,4.758306366216602,4.906494702736843
E5LLI1,7.3432112165395225,7.37567475007981,7.3791681627497825,7.408670304002412,7.479113537346062,7.397167594143518
Q8GI16,6.901569742424446,7.246528858193534,7.038798439016931,6.9015603629764,6.901586033113386,6.9980086871449405
A0A167Z3Z6,7.750829475642932,7.77806194608306,7.682907142914272,7.627080259843927,7.696407097274142,7.707057184351666
P15807,7.686321249068819,7.716732568244372,7.889846110165681,7.9962476211442945,7.996242908111496,7.857078091346932
P80315,7.797633454586441,7.8013854798176006,7.803120226412919,7.820285619698554,7.758748330261748,7.796234622155453
A6P7M9,7.1377220430213155,6.6795756669898765,6.814601317487616,6.794847153852477,7.137669027355877,6.912883041741433
O67625,7.977638647124738,8.012764731523783,7.852255205415426,8.10305309316064,8.061902849444095,8.001522905333736
D3G6S4,7.849372797770805,7.845598612753174,7.845362347377369,7.590351251736732,7.538095194435533,7.733756040814723
Q3ZPN4,6.767057243023953,7.205935875599283,7.055530990741859,7.264496396583723,7.31503364135567,7.121610829460897
Q9ZV40,5.851939082740228,5.777186180731017,5.87949790211325,5.776361076976409,5.779641395283171,5.812925127568815
A3MSD2,7.150812804076975,6.731027199831968,7.356374544273896,7.22776745278786,7.304857016473424,7.154167803488823
Q8KTX1,6.686450982567167,6.562797796916696,6.649794188532716,6.7576587515140965,6.616969478965294,6.654734239699193
P12154,7.331674087163482,7.1863275181413115,7.333263400235876,7.39071371395931,7.341143581617742,7.316624460223544
K7ZLA5,7.296665001497164,7.369776357969007,8.074568369686125,8.332356355390301,8.195180767505507,7.853709370409621
P11350,6.676893878324868,7.051534730353515,7.153471683306776,6.74180166103132,7.752326582033796,7.0752057070100545
Q5NLA9,7.903314710374656,7.410517496119082,7.752480433836828,7.902859643596073,7.902836907864747,7.774401838358277
P97501,7.809296633158197,8.10427441458645,8.102997681070724,8.24597113558204,7.790512472067693,8.01061046729302
Q9H3S4,7.497717054501356,7.270363946622846,7.3524306155920645,7.358632748288949,7.413417833649489,7.37851243973094
A0A0U1ZF25,6.632568777977478,6.449346082819158,6.4890378068731644,6.87809857454512,6.630644198678698,6.615939088178723
F5H5G0,7.000000133736862,7.000000335334083,7.0000001860196175,7.407484481541252,7.000000114454124,7.0814970502171875
Q8K4X7,7.40322606340158,7.521914725892088,7.666414423823507,7.542302123463488,7.606746831399852,7.548120833596103
P05042,7.813914992367067,7.819015430503187,7.961006889203053,7.854745097777549,7.841359036888692,7.85800828934791
P34059,7.620607769565769,6.911641027915515,7.1363251264486784,7.613270814457263,7.373594811136359,7.331087909904717
Q9L8L8,6.897155564591259,6.922439248553338,6.688958959137157,6.761841620072114,6.908861594699382,6.83585139741065
A0A1B1FIW0,7.500053491741022,7.482977832753313,7.461115814754946,7.46930567534726,7.488625706580811,7.480415704235471
A0A1A9GS29,7.956572885672702,7.709447709151263,7.666657279851245,8.07074362597851,8.003537646433855,7.881391829417515
Q6WE15,7.237516915938062,7.4667464264286805,7.215936592643546,7.107992500987365,7.2057763094607745,7.246793749091685
Q48296,7.951821111824701,7.983355664524691,7.950057829870899,7.97069166987844,7.881012919483563,7.947387839116459
O24421,7.407975030499865,7.347420859817731,7.406968641229592,7.0386014058351005,7.407975697681747,7.321788327012809
O57935,7.326157432392517,7.013170614304963,7.062155687655601,7.291074356528643,7.15171408052894,7.168854434282133
Q16820,7.597078190937391,7.698321128522526,7.584097191805243,7.597080293781538,7.546231175888811,7.604561596187102
Q9DDE3,7.529838846333615,7.526397045532031,7.492578056974768,7.398096303719775,7.452022878400937,7.479786626192225
P62368,7.650638343436638,7.709336749613575,7.6036824487190495,7.654854129716925,7.650620464337143,7.653826427164665
Q97YG7,4.649454010812561,4.810893909840066,3.9620122999395813,3.7047382852886828,4.299007404396774,4.285221182055533
P15531,7.664547903144353,7.870710620254992,7.645473328337115,7.609089868640823,7.635484052043758,7.685061154484208
P00598,8.007735776539455,7.736702750081525,7.918017922033244,8.046066722446941,7.79860974131519,7.90142658248327
D1CE96,6.909962759120733,6.932835464798317,6.800133684691557,6.888569938498084,6.821644641424997,6.870629297706738
V5ZEQ2,7.960124153868846,7.965958533737666,7.91164299597758,7.960136530092284,7.97591519210161,7.9547554811555985
A4ISB9,7.640582437377403,7.771622790092621,7.646983496307887,7.640659556933858,7.640594375241818,7.668088531190717
O24529,7.371780511537882,7.668239152164228,7.405678282750981,7.415298437437593,7.337291364764996,7.439657549731136
D7GXF9,7.016666868510464,7.01669781824869,7.316561436500862,7.085954869086081,6.947864473375641,7.076749093144348
Q5DD64,6.851544120967542,6.828111403081436,6.914701732739931,7.125902603482442,6.997644386228997,6.943580849300069
D7VEX3,4.8241984758382035,4.80592283994088,4.571098288438734,4.745920920383732,4.669451770941787,4.723318459108667
F8SUI8,6.804626564421795,7.047941684478793,6.931354828686866,6.9387742038593805,6.312671741360277,6.807073804561422
P50123,7.257043944522851,6.991490559675428,7.020021019526137,7.233930443903953,7.229570236723743,7.146411240870423
Q89E97,8.752829652356384,8.303030826927674,8.551845320551218,8.702789212180685,8.5612310188892,8.574345206181032
D3Y5N8,7.611012663868311,7.190553927902776,7.4089934499411,7.6689785102687305,7.669046795101231,7.50971706941643
A0A191W0D9,7.0042405075413114,7.353110099763417,7.108904240625944,6.955671606296437,6.955614291347542,7.075508149114929
Q86RB1,8.05187458532026,8.029820591686681,8.222079498467433,8.186494015768444,8.051838427772047,8.108421423802973
Q2HQR6,8.264790652093804,8.236977452544503,8.403260437971769,8.50418373424575,8.41076479792548,8.36399541495626
F4YTG7,6.043646160699381,5.554941978507599,5.895680894882359,5.541902101396881,5.685512750839227,5.744336777265089
B0JDP9,3.720285918467479,3.654621832972629,4.013118415166517,3.850439287242017,3.8528610473297955,3.818265300235687
C5H429,7.499999999999998,7.372417147193993,7.462315363759559,7.457272311401634,7.45104400568382,7.448609765607801
A0A1B4Z3V0,7.299112794595869,7.489715464204495,7.352890278689034,7.299169318521129,7.194810994410952,7.327139770084296
A7L844,5.6180587393271315,5.445933792923683,5.466033820196181,5.598032307854427,5.501870553951761,5.525985842850637
Q72K29,6.000000242038464,7.139728352601033,6.0000003180105965,6.742938333811172,6.000000242293674,6.376533497750987
P77690,7.654116426037386,7.483021596676576,7.705643836303217,7.7192703150642465,7.73718772062246,7.659847978940777
P20971,7.289091896312539,7.342523396412928,7.71795220567943,7.476925929379311,7.635489044332765,7.492396494423394
Q6XMH6,7.104458436501472,7.2972352791026625,7.101552819523832,7.10451872534541,7.104449149842159,7.142442882063106
Q5XNQ9,5.502382398079356,5.1393230902140985,5.184180680727032,5.353748252274486,5.2090832399073,5.2777435322404544
P95949,7.479913724782535,7.425826818687363,7.368476038310247,7.664256619314768,7.453645922177073,7.4784238246543975
F6MZ55,7.824777390239708,7.955830588569546,7.764849136109507,8.32484714722003,8.017424781711528,7.977545808770064
Q9L4P8,8.699271834062394,8.951435359887197,8.891227551878906,8.699254847438448,8.6992459205317,8.788087102759729
I6YG32,7.33195164241615,7.297470110395108,7.581339915168589,7.370228770301109,7.331885165669921,7.382575120790176
Q9UH17,6.714327563564912,6.831768905239593,6.933723891909393,6.990786870112129,6.714312275590001,6.836983901283206
G9FTP5,5.694604062747104,5.513449512069522,5.623059132733508,5.702307309234731,5.571122741343458,5.620908551625665
O74725,7.585431116587808,7.496606352939915,7.506497842384999,7.585435604744758,7.509318916854824,7.536657966702461
P48775,7.451459781961143,7.485796275559667,7.376628721933809,7.451510851143391,7.512612280144567,7.455601582148515
B4XEK7,6.660323044671769,6.36279483908,6.214808980408288,6.596696706588397,6.292616570005575,6.425448028150806
A5K3U9,8.27545017409314,8.164321456118508,8.27593936103493,8.34700376616945,8.34700452086292,8.281943855655788
Q43528,5.777373355785281,5.665492264930852,5.775529746294435,5.777355904876651,5.937675626970516,5.786685379771547
C6FWH0,7.899949008722463,8.022910915817365,8.07051280805541,7.899981524243206,7.900036776853376,7.958678206738364
O46419,7.624083878587555,7.759016875549204,7.536951415071217,7.555537587093665,7.855713333742306,7.66626061800879
P41021,6.026495255911468,6.4598331073961885,7.049688796333672,6.454641945842818,6.219094208287578,6.441950662754346
Q14DK4,7.008117893282031,7.250828368150344,7.343010288595691,7.466354002664271,6.870623529930915,7.18778681652465
Q2I8V6,7.739328125741668,7.717285522753669,7.8070951739875705,7.737354346501093,7.901066498763291,7.780425933549457
B6CWJ3,7.456364673777348,7.333814482825023,7.426873587456866,7.392643845842896,7.435401851555732,7.409019688291574
Q585M6,7.223839804127468,7.323603536354641,7.234801390544816,7.132295106305325,7.223879482512765,7.227683863969003
M1WA41,7.50351012476649,7.524346741721297,7.577438391585284,7.61553149765649,7.503702701486991,7.544905891443311
P80524,8.239234682623122,7.884502948907832,8.10510458557024,8.23916554139141,8.239184516644332,8.141438455027387
P24157,7.079496578736213,7.0777437144852025,7.05635236379129,7.0794984727330785,7.038458727617519,7.066309971472661
D0QU16,5.517355767915161,5.886359988029358,5.93169859600286,5.7622873998530295,5.373722277494079,5.6942848058588975
B6ETP1,7.582267866499366,7.590379838428763,7.418691817383402,7.608798708788894,7.57341946069316,7.554711538358717
M9W6G9,7.165719424684747,7.502297708223399,7.380244187912051,7.019321111082205,7.236310631850049,7.2607786127504905
Q25BW4,5.715616975245571,5.657819093030692,5.842914928252344,5.455647723588798,5.694482574000806,5.673296258823642
C1KKR1,7.646076641653101,8.17550554880499,8.284681942372256,8.323571898928684,8.344264347690727,8.154820075889951
R9UQG9,6.652172501797425,6.626874341307604,6.741295907182806,7.049864514477317,6.8992169496689915,6.793884842886828
B6DQK4,6.6796667073299245,7.079848709294979,6.903781689246592,6.764712745538642,6.88573296818611,6.86274856391925
Q72K04,6.461984370201368,6.62949508798009,6.548654886668775,6.4221276977127255,6.461999228052334,6.504852254123058
Q96UI5,5.254546722464906,4.9877820063331795,5.177080783705852,5.141789425314021,5.138090306869452,5.139857848937482
G4RJQ1,7.0822174290965645,6.736247790593981,6.813050801005007,6.729303814867602,6.817044306533476,6.835572828419326
Q5UPJ7,7.554356954641825,7.563454505395843,7.51607991292444,7.561169399673128,7.554305780766491,7.549873310680345
Q4K423,6.599015141033088,7.199097054697306,6.649620220296833,6.576679630539628,6.2615685729081925,6.657196123895008
E6U5H4,7.552512770457066,7.834683493023572,7.784988292202176,7.733574123383171,7.769390694505884,7.735029874714374
Q88L96,7.593161909777944,7.557784952077707,7.57397668995182,7.617615343276805,7.5782722309317085,7.584162225203197
L7Z147,9.244926067175017,8.76642218430378,8.686265468277544,9.245046984359414,8.864779047125326,8.961487950248216
P86453,7.941373821971723,7.540012349099283,7.847699739975664,7.95653666708954,7.758174808185366,7.8087594772643145
A9TLP4,7.5908991768077145,7.952425415595085,7.624293600875455,7.45165008746788,7.585181056347751,7.640889867418776
Q03774,6.893759807761821,7.044750350591284,7.346903028401555,6.756076276271285,6.958377621898382,6.999973416984867
D8VPP5,6.020874465863317,6.054841887600839,6.025803793435477,6.0394676583057105,5.918348548784356,6.011867270797939
Q95AJ2,8.056409113086119,7.902275074008837,7.875328946454381,8.021178870523409,7.901504318755403,7.95133926456563
A0A481MY41,5.4818795033452155,5.717900834592284,5.8320625142474345,5.359760717387181,5.5763772351126075,5.593596160936945
Q57703,7.541746043901718,7.422430135824544,7.432200820329895,7.7633038900985,7.4137552381294,7.51468722565681
A0A3G9FT71,6.210772128005988,6.476957729204799,6.381095873572958,6.044768250495745,6.138623317180871,6.250443459692072
Q8TSX5,7.824494236946206,7.845470493246161,7.960499582376158,7.970815623729872,7.970463749765753,7.914348737212831
Q9A9Z2,7.855110097919531,7.90064271134326,7.951929071019758,8.211905268396645,8.189923430785782,8.021902115892996
P09417,7.451709876273845,7.424136131402067,7.711240418053247,7.450987543839829,7.521343669535663,7.51188352782093
P9WJ61,7.320478119557819,7.196909336889776,7.277929164998131,7.3947701041114025,7.394735614927347,7.316964468096896
Q9LBK2,7.736555955301872,7.6267014132577176,7.797637063142843,7.79681038571311,7.794177187015452,7.750376400886199
C5MR76,6.960937241519896,6.916096423576772,6.90340829249075,7.326130746687714,7.229855807551516,7.0672857023653295
A5F5Y6,7.500000028966421,7.499999999242912,7.500000026667252,7.500000000013132,7.500000021636523,7.500000015305249
P0A7E9,7.626490034038286,7.470476799799814,7.716573992425416,7.482365235268569,7.404001640148153,7.539981540336048
Q07993,7.974332846738598,8.085581252631078,8.508912031674079,8.506036121441728,7.98095495275645,8.211163441048388
I7FDJ2,6.621768622050019,5.792840424865716,6.143265435905504,6.06785155485605,6.710861949005372,6.267317597336532
A0A133Q8U5,7.773414610750834,7.71205393147033,8.083993930688607,7.837413494856895,8.079699643712996,7.897315122295933
Q4F6N6,5.798500825954204,6.002210856631335,5.783035289804557,5.798468410316138,5.771067234034712,5.830656523348189
O58801,7.2974280592712075,7.459389684448337,7.228552134065085,7.680948626771985,7.471248559928004,7.427513412896923
Q6QHT8,6.925030757462893,7.125145820033539,7.242580651740263,6.924934582402576,6.971767771090451,7.037891916545943
O00095,5.314190247136146,5.632680718872236,5.6865941615511755,5.314176657944041,5.752800133738256,5.540088383848372
Q2HQR9,8.268222636532888,8.330122119783,8.298106127062718,8.333689370003448,8.416162065681972,8.329260463812805
D2DRC5,7.246186136333179,7.325619521183894,7.242105371736635,7.190280838796792,7.219604769344787,7.244759327479057
Q9M066,7.491781110985051,7.5843291553019965,7.562115059878361,7.520188922368021,7.520190104930868,7.535720870692859
A0A3S6IVW5,7.808021557745855,7.189079699316799,7.392532835384439,7.535628618975399,7.688207397062656,7.5226940216970295
Q8DPI4,7.435917755173801,7.3912121416929715,7.025073406724548,7.437646408185581,7.437144304371048,7.34539880322959
Q9ZP04,4.774561655945228,5.458748129561366,4.963314387143469,4.774519726949624,4.774508506426137,4.949130481205165
P73322,7.573258773086359,7.778441168630057,7.653138506238698,7.787448038067617,7.859588480966918,7.73037499339793
P29717,5.19590519709182,5.398889330331975,5.2037721488535595,4.991476138237075,5.1957786194326205,5.19716428678941
D2IX45,6.370000669854935,6.319314711168041,6.363776588511253,6.294179360410033,6.294174644951771,6.328289194979207
Q5LRT0,8.004119585173491,8.015817711104194,8.081502875091536,8.039955396125922,8.03773532526569,8.035826178552165
P04718,7.5722474517302505,7.479210400646519,7.6787516304662855,7.56889019730795,7.708854649894591,7.60159086600912
Q868I5,7.452676464341683,7.375474423827897,7.352537002215212,7.383921653049526,7.558146052656121,7.424551119218089
Q0JFI2,7.38249846140296,7.395809905083336,7.365703808897052,7.3104247670920275,7.324072905389807,7.355701969573036
Q93L51,7.826756936147702,7.705924918733121,7.630710965680329,7.817531156997063,7.765326799233382,7.74925015535832
E7FHL9,7.8622972248282155,8.054027172266538,8.037047593207673,7.876444460549106,8.020797436678341,7.970122777505975
Q9PTN3,7.670171776878034,7.518249450994929,7.446789115411479,7.754761885024383,7.6938577978782465,7.616766005237414
P03433,6.824661880903625,7.0714478427352745,7.412971232917682,6.865522986025394,6.956284243653963,7.026177637247187
O84919,7.450148445350213,7.570333281701705,7.494620349614702,7.549237687468018,7.450201696267835,7.5029082920804955
Q08J23,7.538616319667931,7.633307188510358,7.600009768405158,7.580558209045455,7.670609960968785,7.604620289319537
C9K2Z6,7.73136195394939,7.619150814331646,7.909420693661206,7.731359627074499,7.7313227298871,7.744523163780768
Q2KIG3,7.872004387109452,7.837229904916686,7.876956816750305,8.09955344418397,8.096602223343014,7.956469355260685
Q70I53,7.911319567681765,7.857791676927069,8.105244046569085,8.026788061693997,8.110697475885624,8.002368165751509
Q8ILF7,7.520819854780305,7.801605426549263,8.004393660064437,7.7847894870887,7.681183066343328,7.758558298965207
Q6PBS3,7.521788219109782,7.530751092503231,7.537933993750656,7.386559483092783,7.506068918398923,7.496620341371075
Q8L7S6,5.176930993811305,5.2890051746662845,5.268362837355638,5.5519791265853256,5.011630247853782,5.259581676054468
A8QW53,7.26197619072726,7.694307641709533,7.357160745207045,7.30221548528173,7.26137974228663,7.375407961042439
A0A2I4KDZ0,7.414540353116295,7.0555010724131435,7.280592624388799,7.414544408144879,7.414498996002433,7.315935490813109
A7PQW3,5.682534429678792,5.5202928138851455,5.634653533167638,5.682500501136299,5.4902431294498095,5.602044881463536
C7FFK1,6.545526952913335,6.703076803464101,6.88829168474393,6.609733887892436,6.792636808442214,6.707853227491202
Q764C1,5.383805428199408,5.763063375226504,5.328071365324214,5.383728611596066,5.414963357350598,5.454726427539358
C0WZ89,7.4817498829798375,7.378344279386549,7.30608033767134,7.448625531102868,7.490392891176148,7.421038584463349
Q9ADE8,6.9901380188341955,7.650558713013061,7.3906448720469715,7.353273307660197,7.31627616656296,7.340178215623476
O22683,6.89506841700125,6.867384454760468,7.098260244745926,6.911576510446305,7.245288903439882,7.003515706078767
Q9FIY1,8.234804959138026,7.921378460984884,8.144253737017818,7.886280074717758,8.026925363994463,8.042728519170591
P45395,7.379815284191021,7.6724540769087595,7.3265570973802125,7.450144909034229,7.517268087783344,7.469247891059513
Q5JJ72,7.834366611167111,7.817398920153052,7.882508424901171,7.834360879071526,7.834343654983125,7.840595698055196
Q2HQS3,8.29233937498882,8.394756259538518,8.414665258622268,8.34502272058482,8.319715775716652,8.353299877890215
Q5CAF4,7.962999300883401,7.893058345500292,8.205386666682058,7.9632864391661,7.812491036668321,7.967444357780034
A3MWK6,7.661879979881486,7.989432838076795,7.9278028623097665,7.669870421919528,7.546136308719392,7.759024482181393
A8HYF7,8.25947990500602,8.214942914861252,8.304294545073128,8.075742748038522,8.075723450627851,8.186036712721355
P41814,7.828187593940398,7.686320564142121,7.827375485297542,7.623694535784113,7.728008319294178,7.73871729969167
Q9I4G8,6.732360721183865,6.820462374102797,6.75786828213588,6.7967880314721025,7.265433553158658,6.874582592410661
Q0SH27,7.643524671496338,7.829354300362707,7.831821578869259,7.6335603050645195,7.633561085296397,7.714364388217843
Q9M4V2,7.305566008107039,7.297466389915819,7.325431685469801,7.287935607782279,7.297090052646101,7.302697948784207
P39135,7.535274199647152,7.843638024451493,7.574303153290052,7.88397904104385,7.391976029351732,7.645834089556857
H6UWP3,5.180549775674434,5.3927025654407235,5.05122002488594,4.762367327448114,5.180216718822428,5.113411282454328
Q95PK8,8.01440701490064,7.650544496765844,7.7926094941392074,7.7866924817750425,7.964211877476187,7.841693073011383
Q8U1H4,6.7080061805172875,6.544468042048218,6.810490127840389,6.926704092577763,6.639305154895691,6.7257947195758705
Q58280,7.49909422427609,7.244512939133044,7.25192868891913,7.499094154330008,7.133425437846576,7.325611088900969
Q7YS62,7.74160842283554,7.841314414568762,7.802187513049283,7.7069427924653215,7.651211138453694,7.7486528562745205
P9WHV5,6.750199904343873,7.028453854491703,6.687386256939842,6.7097038139552865,6.695782571333391,6.774305280212819
G4T023,7.42058030805162,7.560504922218578,7.502363196555302,7.572189273720189,7.325553300909553,7.476238200291048
P10270,7.337749174400143,7.15968643347624,7.396042719896253,7.420180874526264,7.52573771062565,7.36787938258491
P00636,8.069727717833786,7.9677462186536,7.880678928807164,7.947111326074742,7.792128469552829,7.931478532184424
T1WWR8,6.695072769619558,6.554225053739621,6.445401948394716,6.551515916258055,6.4503051932868045,6.53930417625975
A2QR21,5.274150569821462,6.311059162906291,5.797511569542991,6.202933017940061,5.582468357816899,5.833624535605542
I3DTN4,7.658506479640806,7.692021934445698,7.470967564483622,7.555497868525634,7.505096009092015,7.5764179712375554
Q5APF3,6.996909730336755,7.4170644802579355,7.522891369350023,7.08331960650728,7.206982862413905,7.24543360977318
Q9LE86,7.033944209901583,7.042206072898477,6.991221200570482,7.03394450016632,6.774143389488045,6.975091874604982
Q6RH62,7.439825778461592,7.242088251106178,7.498966671736823,7.718467704196973,7.566301987809647,7.493130078662243
Q5IS34,6.111670488975247,6.108210340169731,6.13203324450173,6.065691459874804,6.2148525788091,6.126491622466122
P35520,8.307116386092803,8.218299246143099,8.315734282067766,8.379669736985637,8.450718776476878,8.334307685553236
Q16MV6,8.682118873917902,8.770805838021314,8.653151391104101,8.80049136593241,8.681852908520687,8.717684075499283
Q90WM0,7.6119520734714206,6.970830021124473,6.996729508111702,7.565975912238189,7.625001756469401,7.3540978542830375
A0A099D4T8,7.5783178197340355,7.484724119302795,7.518913736623603,7.602878569514497,7.576236406039119,7.552214130242811
Q5JFV8,7.974172968369593,7.953980890966746,7.961763178079635,7.97414511941649,7.951483937797035,7.963109218925899
A0A127JBT0,7.07759411744379,6.6287661133976306,6.544689935570164,6.366334745985797,6.651255877429074,6.653728157965292
Q4A6S8,7.887025705295301,7.980808370388874,7.756952964693759,7.561105855924269,7.887041543320158,7.814586887924472
P37303,8.35911878936525,7.998823231208432,8.278148596599523,8.35915760474459,8.522908316767584,8.303631307737074
Q96FI4,7.308926686733396,7.186239876913914,7.362246420008198,7.238654404906007,7.269732061303794,7.273159889973061
Q47YG3,8.306930871375993,7.991127481186385,7.82723104596672,8.278835046377726,8.306923782021906,8.142209645385746
P23677,7.481522105226285,7.4790699655099155,7.53108978512316,7.542667103524759,7.539352995267783,7.51474039093038
P57665,7.999999839954763,7.999999759767339,7.999999779694039,7.999999822192982,7.520499630616015,7.904099766445027
G3XCK6,7.7854743702663045,7.695174609270602,7.641951470476629,7.770556016251322,7.646254933968872,7.707882280046746
J9VKS8,7.3647932708928305,7.713224233303594,7.4754426266453455,7.364788750966983,7.364766686290158,7.456603113619782
A0A068LJN3,7.845784863974538,8.00200760915879,7.978993945209341,7.781148478124789,7.757981957962109,7.873183370885914
Q756Z6,8.262216368784511,8.079786901156302,8.256852947208609,8.306715888616294,8.306728725868512,8.242460166326845
Q95PK9,7.501883589724617,7.39353705075824,7.689131347133928,7.504519979708454,7.328680146862623,7.483550422837572
C7DIA5,7.3259769894785896,7.4039519589964256,7.422397369156971,7.15649670607102,7.21096748794254,7.303958102329109
A0A0A7AN31,7.563391377265798,7.3241304693570335,7.2579059914569175,7.515276196741071,7.662621366725244,7.464665080309212
C9D7S2,7.003266618152747,7.150755424147438,7.344157976029294,6.981576098222413,6.910882782590978,7.078127779828574
Q841V6,5.884121869218651,5.911197434663743,5.840758560422765,5.891393515931281,5.845013188217579,5.874496913690804
P07741,7.683015453648093,7.602874517435215,7.666310293845212,7.681212977469555,7.579022770070114,7.642487202493638
D0IZN8,6.958892886495611,7.029959287841944,7.019627563482914,6.958902013990435,6.95731799858165,6.984939950078511
V6BP73,7.014648685858734,7.1448594166501875,7.0928525123661545,7.014751465231425,6.90339302660763,7.034101021342826
F7J5X4,7.4612057487108325,6.8845073854700995,6.840678974287812,7.041364926955507,7.0122999962615955,7.048011406337169
Q9HC16,6.690109616961146,6.89117510179504,6.853446911870078,6.98218074087581,6.690112404016304,6.8214049551036755
Q9LFG7,6.83802511399623,7.121231017233638,6.947628134930179,6.685958026693535,6.944723534109474,6.9075131653926105
Q73KK9,8.45999418300869,7.978065566790828,8.008391778875726,8.459964472484572,8.352468730616003,8.251776946355163
P00936,7.212905742428391,7.449280001101001,7.47399214251879,7.212877485055788,7.252728952151778,7.32035686465115
E7FI45,7.406944484790871,7.47451783045888,7.460262246615309,7.393271909548603,7.318520301014515,7.410703354485635
Q2WG72,7.071065573396669,6.746029565720696,7.100734562731557,7.010436881937538,7.160174773852649,7.017688271527822
Q5GMP2,7.563905066198554,7.493416523308912,7.663689972872303,7.496493594941712,7.563971740185417,7.55629537950138
Q5I7J0,4.642302905939277,3.8466287674252495,4.3955655435544845,4.5508188725956575,4.5548597520515886,4.3980351683132515
B7T912,7.832545934200456,7.730962160708643,7.826699657517616,7.9809053209312335,7.8578859379842765,7.845799802268445
A1X864,7.502427865796424,7.136482452607219,6.272844604369773,7.502170061528366,7.50231017064261,7.183247030988878
P00509,7.399999935059074,6.2173760335808135,7.399999790617698,7.399999974676499,7.399999941199,7.1634751350266175
Q65N98,6.974081767028913,7.039819078107969,7.012473479864651,6.974321220926857,7.606671695009361,7.121473448187549
G7H7Y1,7.804665797919151,7.495883295790213,7.655343459155584,8.021246579859937,7.362978433754767,7.668023513295931
C4LSN1,7.759066411601982,7.830165982093466,8.000952551281385,8.001199939127929,8.113246539049811,7.9409262846309145
A9AYF3,7.010269642198351,7.382217613914319,7.300499037029807,7.38267332049924,7.089462174607231,7.233024357649789
Q0ZS20,7.666738895020955,7.7269156354250965,7.69140582834579,7.595186036938334,7.6304681424667775,7.6621429076393905
I3RFR5,7.253059790658006,7.391277594810542,7.3890523120701,6.9704934279373765,7.624788760909313,7.325734377277068
Q4F867,7.426029941791512,7.509517356799881,7.4256722629518475,7.132602947728933,7.42602119984823,7.383968741824082
C1DMP8,5.897174611338425,6.300935409158006,5.918455197808806,5.831545672789737,5.831275532921663,5.955877284803327
P0C0X1,8.482472396779498,8.143226733594938,8.252486744026633,8.382579498005791,8.30236053195671,8.312625180872713
O82647,6.718407746767055,6.801137913993261,6.696648239789943,6.718454243123028,6.647423160749166,6.7164142608844895
D4HRL0,4.952427247372807,5.048066370614026,4.7083944674787315,4.98013219927959,4.847324339435663,4.907268924836163
K4BS77,7.768521263319664,7.799553352149702,7.836053445476745,7.931173764404346,7.9134259838828,7.849745561846651
Q4U1A6,8.067004264259076,8.044905213411537,8.165716622740819,8.067097745745874,8.069193285776457,8.082783426386753
P9WK21,7.798951803893533,7.701106173865558,7.6524812544458936,7.625033766919086,7.797395618148623,7.714993723454539
A0A125T1T5,7.59944856140825,7.665042753340698,7.844802642684872,7.817951664546982,7.690459556260847,7.72354103564833
P19921,7.177070701540528,7.168539894904264,7.133643221706565,6.968864934294652,6.968862727615303,7.083396296012262
Q41376,7.382122607633066,7.335950253833685,7.375779190922584,7.562306397080882,7.5556621673732725,7.442364123368698
Q46078,7.320701987564587,7.402141149982319,7.326543909674602,7.386987674035898,7.1980910202910975,7.326893148309701
D6RU55,7.266131810140006,7.389288117612336,6.9875708764383315,7.348255063976482,7.097660278668607,7.217781229367152
Q5DM89,8.083030282537555,7.962703047607744,8.000213168335222,8.019688204346629,7.943454946632614,8.001817929891953
B3WD16,7.7578229939639,7.474461710956498,7.410495213927413,7.5911834900142585,7.899700212701782,7.626732724312771
T1T1K2,7.211914653893993,7.527544511913524,7.5048907823737006,7.444371094191477,8.080895005967847,7.553923209668108
A7KME9,5.357277329207825,5.921227732074707,5.429834866160373,5.594543414890613,5.403944565268947,5.541365581520493
Q9KPJ7,7.791824149033013,7.722062763509463,7.783748790781159,7.744542230713126,7.805846337254685,7.76960485425829
O48741,7.570863249950069,7.5380703798378015,7.770204181638052,7.755142711669886,7.706180371185056,7.668092178856173
P94293,4.691408996746727,4.825801659079901,4.640438593112031,4.611717438894134,4.691447528922205,4.692162843350999
C9DRU9,7.473299244524447,7.6955845503801275,7.400559198547698,7.473271957100541,7.229262256885607,7.454395441487684
G1UII1,8.25876467060934,8.10833210114998,8.278943878046299,8.329538649623366,8.42510546884142,8.280136953654083
C9V492,7.834364830226955,7.954736325429514,7.90363649039443,7.89880509425935,8.465458043519867,8.011400156766022
Q8R5M5,7.282823968018978,7.071511437746815,7.2646479315666825,7.282799443598296,7.282877216953326,7.23693199957682
A0A060PQX5,7.558580786823715,7.672491960245204,7.580658818675566,7.547759629813917,7.422126352781563,7.556323509667993
Q70GK8,6.900939983213935,7.203583242701926,7.111396639740474,6.940128109621426,6.9739598179604965,7.026001558647652
P19254,5.658030269256442,5.63269740542847,5.786322703972237,5.471393214766046,5.471456372596554,5.60397999320395
A0A455KZK8,6.805998465133946,6.821154264081605,6.833291251207293,6.731410856656581,6.641519793544718,6.7666749261248285
Q316W1,7.582030778081542,7.512048175694774,7.658425874422757,7.582007476414804,7.9146641886216385,7.649835298647103
A0A2I6U1R5,5.929204381883548,6.265725830692871,6.366384195049883,6.440940627415509,5.957514090292442,6.191953825066851
Q3HRV6,7.372023566585419,7.164200928195098,7.1802906401521485,7.3719595353601095,6.182124935412639,7.0541199211410825
G3MDB2,6.48576236077719,6.997410641084009,6.983933169314236,7.432575799484612,6.993295733126358,6.978595540757281
Q6Y656,7.506071979000489,7.69398064802543,7.765045139999102,7.466976107580196,7.506014659296824,7.587617706780408
B7ZF08,7.392660334305749,7.416288721560466,7.397862945650145,7.358537616325418,7.376191656102553,7.388308254788866
B1NM15,7.17237008933844,7.1914508968611734,7.188692949096519,7.152752091666522,7.159808753214193,7.173014956035369
Q9HIA3,7.612692382127356,7.652551682054042,7.731613900423817,7.636044527088373,7.636079612317524,7.653796420802223
G3CRD1,7.962503447577405,7.535773127816434,7.808608026900075,8.018940475930789,7.96251192826929,7.857667401298798
P33247,7.586699689189719,6.939313991478737,7.310699645245016,6.744971526062814,7.56459819200544,7.229256608796345
Q9I8C5,7.35820314522283,7.357439337364469,7.283571182962973,7.358204723251549,7.358231244303592,7.343129926621083
O15488,7.355853060900094,7.339166992265448,7.219331619484511,7.017972834971695,7.355884250580634,7.257641751640476
P50227,7.492344142348557,7.570763129738234,7.56031579687379,7.492176219804237,7.4912934048565365,7.521378538724271
Q9CQF9,7.740419920278437,7.581497245198337,7.659618837378683,7.824580914099958,7.568520805623838,7.6749275445158505
O30144,7.42397387900017,7.525444768233021,7.381972061031449,7.668892421732816,7.361755642420094,7.472407754483511
Q06749,7.41251177537421,7.656577028826885,7.5349784583280774,7.41663543866791,7.695188435613458,7.543178227362108
O60701,8.217745088857098,7.847233595766325,8.032822086102447,8.166303036563134,8.01304296609403,8.055429354676608
A0A3M7JTD4,7.964324341748245,7.486373311611308,7.6682734732569555,7.909402333138951,7.98274870663149,7.80222443327739
A0A228BX09,5.8969450252330695,5.202999422243212,5.530817268241485,5.883827221954334,5.913134956490141,5.6855447788324485
P29141,8.169624035291838,8.015181891938255,8.197759674377258,8.013550245860785,8.074768264906972,8.094176822475022
Q8EMP4,6.968526139530444,7.360701383061761,7.111554634969261,7.17251493374154,7.172617922871495,7.1571830028349
B3TNN8,6.784752373019012,7.2708530862057,6.998519464243119,6.7558017279315505,6.755773166040591,6.913139963487995
Q3ZMA8,5.673168028157814,5.416249379100338,5.606729283816979,5.259884772877126,5.6480868877060875,5.520823670331668
P24186,7.9174821709369825,7.609429140583878,7.458320283034015,7.917173759974672,7.940319385451677,7.768544947996245
Q0PB96,7.128605540083609,7.353163527544748,7.22294815443676,7.193158157454492,7.191285020504167,7.217832080004754
Q8NMD2,6.804591493191123,6.909530821426778,7.10662313720235,6.804685545774299,6.868781997741323,6.898842599067175
P62058,7.518891059373363,7.640633363659517,7.583981321604026,7.518903841336094,7.589777657448155,7.570437448684231
Q9LJP4,7.340694192542889,7.179509378851915,7.335353702306742,7.05671999111333,7.107873579066268,7.204030168776228
P31658,7.689155308721159,7.4884451676480115,7.7570885072700975,7.689180817291342,7.689146182230401,7.662603196632202
A0A1D0BQV8,5.571140819299654,6.446449315998211,6.185750522660321,7.035166280421724,5.757897490062967,6.199280885688575
P15558,7.400274556230018,7.271526133413855,7.448007463327726,7.46626867826095,7.660118684345112,7.4492391031155325
D9TT09,6.659926925322272,6.939609369183653,6.814378186805978,6.630671402336586,6.659919202957302,6.740901017321159
P28248,7.711983382729187,7.762250874078963,7.908728881750113,8.044565292248386,8.000275106465988,7.885560707454528
C7C422,7.199999999999999,7.208178259883309,7.203157828090236,7.2,7.200000000000001,7.202267217594709
B6E623,7.968128776732908,7.92245134666089,7.934054932999249,7.928898780733401,7.978267076336544,7.946360182692599
O95749,7.634032819327052,7.515508386437377,7.585627811080996,7.4838552682424995,7.433531149575047,7.530511086932594
K4BTE6,7.6427449844804904,7.67196348405071,7.848662048253625,7.816899195813896,7.642743726731284,7.7246026878660015
R4UMR3,5.502720478022839,5.71712764486491,5.540655511860305,5.400164639181556,5.546701952067755,5.5414740451994735
Q1JU59,6.813136426372617,7.078033364927197,7.070775209585664,6.829789835534499,6.839012072242883,6.926149381732571
Q335V9,6.730905289543198,6.687331479638318,6.404399635489104,6.720410287695336,6.6059517270895105,6.629799683891093
P54471,7.855992389240374,7.897641207787061,8.024145585715672,8.19379010437383,7.976431391919681,7.989600135807324
L7Y8B0,7.384378206031809,7.660807711859057,7.6371143638656305,7.592649864003602,7.750179949949919,7.605026019142004
O81985,5.326845131128446,5.497594205253602,5.588471111700939,5.552043708617939,5.326848255593272,5.45836048245884
A0A6C7EEG6,6.6442464317353025,7.062910217902098,6.915044351302141,6.675496813128945,6.644266400455861,6.788392842904869
Q3BEM2,7.881324301162963,7.619747908671117,7.715430906466619,7.853803681362144,7.853721139467487,7.784805587426066
Q5UY95,7.780844548248113,7.741385286023418,7.749923256564199,7.667979532624016,7.837101316716013,7.755446788035153
P10056,6.707705682503105,6.589947096067353,6.506186113045234,7.031714613960754,6.706545452133055,6.7084197915419015
Q9Y2J8,7.608153323482939,7.322921880203422,7.480715025586674,7.627116278781928,7.464627978139172,7.500706897238826
O67572,7.5979132419358315,7.90331934411362,7.835913881236572,7.921528927139496,8.061300185268042,7.863995115938712
P52097,7.608441103747452,7.779354823052193,7.813008572642405,7.744290837161047,7.743776389891994,7.737774345299018
P24806,5.9423767864018275,5.7995462025784965,5.896496240505431,5.924633933744121,5.925090129311255,5.897628658508227
Q8I2B1,7.805926582908264,7.779749931299591,7.909689913459893,7.874981460716324,7.914689520334837,7.857007481743781
D4ZTT4,7.50715234385051,7.53629702377213,7.601903793136591,7.572740359655104,7.436780984751025,7.530974901033072
Q6ST23,8.607997542636422,8.543204065333624,8.465456607548559,8.607977539529292,8.608008349747774,8.566528820959135
L7T8Y9,8.176084045348217,8.01588635631797,8.134224460367783,8.016540422599402,8.226532346251275,8.11385352617693
Q27758,7.804089261767205,7.6291379205929175,7.764496062360781,7.829598427042984,7.65284797567399,7.736033929487576
Q52500,7.697369666279386,7.734877024265377,7.820159215729139,7.637717531738029,7.696694223765314,7.717363532355449
Q9HFH0,5.3480236657502305,5.9460513062699185,5.938642835469313,5.63184293167774,5.208806431861903,5.614673434205821
P30711,7.537871152409287,7.641262420891766,7.498820870502686,7.45741608495645,7.537880157699365,7.53465013729191
A0A286JZ72,5.544943178255914,5.718291343628683,5.802557020547763,5.674198123740757,5.917677394843444,5.731533412203312
Q7DM12,6.6957586032711855,6.933739208611419,7.184750311079529,6.695854436052579,6.613949561906319,6.824810424184205
A0A0S3WYP3,7.471857060735957,7.556034559312381,7.526873551990959,7.582534098450287,7.536709233163447,7.534801700730607
Q9FN52,8.174650723510027,7.754401369672429,7.941906071217285,7.954739480423587,8.247156887074281,8.014570906379522
A0A172WCE4,8.069458559264435,8.019068572746047,7.880273290394116,7.844475700362705,7.833344045957297,7.929324033744919
A9V766,7.6077627554860054,7.125406661314923,7.277073173814049,7.437226380319198,7.412413164990076,7.37197642718485
B2V8E3,7.700406094977107,7.639187518541831,7.559551175588339,7.618891409562454,7.596162277524679,7.622839695238882
Q53TZ2,7.471662846212948,7.631528721137042,7.491353125262904,7.415529087543605,7.528643880952791,7.507743532221857
C7EX18,7.482500238500035,7.673032552647237,7.714044836391841,7.650442833877913,7.616165761820778,7.627237244647562
Q8L7J2,5.636681180810242,5.615210269415868,5.805555566594681,5.639882944675162,5.295331068031344,5.598532205905459
A7YN26,6.981632584221716,7.1615188261442935,7.067612458314543,6.950555370970471,6.901230895784198,7.0125100270870435
C0BTD8,5.785954491008783,5.826889967379831,5.978335149380618,5.8968222231212994,6.0665538476668255,5.910911135711471
M1GCP8,6.171248252993899,6.70711200334908,6.408619263816829,6.55928882049704,6.171190787055741,6.403491825542519
Q9NY59,7.25450753712303,7.115791599673636,7.261473423908138,7.357892874399637,7.3560106541789825,7.269135217856684
Q9AXM6,7.53774000859531,7.463153736424296,7.4294924797480135,7.473815249553082,7.527673620508093,7.486375018965759
D0EAP3,7.019879177252938,7.383370509441211,7.4008010327543845,7.263201265905949,7.981835176463573,7.40981743236361
Q86D28,7.561266815971266,7.751017756319417,7.613026328234412,7.568365142542265,7.568388698103792,7.6124129482342315
D3GE78,7.586128219679106,7.527375441873232,7.459986767143853,7.517463636003702,7.44259027927371,7.50670886879472
Q2I828,7.9094335959265525,7.63833360772439,7.879042710382656,7.982461650183559,7.93941208593808,7.869736730031048
A7LGL0,7.256494084039568,6.97510169234045,7.352149800550225,7.201335247591979,7.321073196131587,7.221230804130762
Q5AJZ3,7.689847993459891,7.630265185705032,7.736089221824763,7.675963044955903,7.752993773939402,7.6970318439769985
Q91VL8,7.456838590352715,7.214130761739235,7.310992818971911,7.387619478017423,7.33159498533895,7.340235326884047
Q96PD7,7.507894173913713,7.340267833056848,7.456043297736213,7.501404100885723,7.5014069370814624,7.461403268534792
P94556,8.03083799098755,7.795312226349604,7.823633814866616,7.792809040250493,7.6929209961905345,7.827102813728959
P80175,7.000983479143345,7.355937212310794,7.341378223457286,7.001030000900954,7.143399198759123,7.1685456229143
P16469,7.333365641213036,6.60788053259204,7.152081793159961,7.284779466166957,7.333344296302153,7.142290345886829
P21888,7.416617564161538,7.581918164223381,7.559068458999711,7.416608658039048,7.41664079413403,7.478170727911542
A0A109P632,7.802633353171545,7.035253858778672,7.231568994862886,7.80267533991959,7.802665534808142,7.534959416308167
O32106,8.236247245191024,8.139418010506827,8.183879661793759,8.263377490291148,8.186238841360769,8.201832249828705
Q9YGB3,8.047297123668718,7.718829872168962,7.853014229443452,8.047297748304118,8.068942391369351,7.9470762729909215
P29378,7.417567634032463,7.337169565292053,7.391935237646261,7.3494155253594835,7.397558950395545,7.378729382545162
Q5JIZ3,7.7108664388908705,7.427920688064747,7.550128071265234,7.706476920091493,7.396857846442319,7.558449992950932
B6D1W5,6.131014511542259,6.248928595971609,6.327932036382827,6.13098340832205,6.132714363618695,6.194314583167488
Q9LD80,7.433611531527511,7.737696005582496,7.413369924206392,7.343725463159387,8.211857979111613,7.62805218071748
Q96XN9,7.4575879150412945,7.327087707003343,7.457666626833795,7.552956653588056,7.408664331570612,7.440792646807419
Q9ZAP8,6.2832196436275,6.42938227844094,6.569224785651669,6.736418958520123,6.487213687532425,6.501091870754531
Q9H1B5,7.145147762056785,6.989030910346887,7.06394290707847,7.103200340920741,7.103296638080743,7.080923711696725
P10584,8.166902382277739,8.068321343345827,8.14486869599444,8.167129540593708,8.166996930739256,8.142843778590194
Q96Y14,7.588172214014092,7.438275043885617,7.5750659570061565,7.81557337671946,7.593197754332775,7.602056869191619
Q9ZT48,7.498433658977945,7.7065316009549445,7.533147334001402,7.4384683964895135,7.550318635264276,7.545379925137615
A0A0U4MTX7,8.083561179050756,7.936379941091995,7.888299137041384,7.983903757199289,7.83433647510675,7.9452960978980345
A0A5Q8BPF5,8.108343069095787,7.8169303292639745,7.9492049542084855,7.976778351723171,8.180132518838963,8.006277844626075
P9WJJ7,7.835448136650292,7.793056988891352,7.86334443901854,7.835457901031683,7.769275080827759,7.819316509283925
A5UP31,7.862707751475868,7.910444092186332,7.813608303678145,7.856062699865668,7.774508409745404,7.843466251390284
P9WKJ1,7.798916750397997,7.679013071292678,7.635936515247797,7.9002894067109874,8.128411703498587,7.828513489429609
P42738,7.915185157755037,7.443401174888126,7.786796686748023,7.913472523451057,7.950506597077641,7.8018724279839775
B1PHD3,6.167834281935396,6.645029290793776,6.41567944052295,6.131543674847571,6.045543399560734,6.2811260175320855
C6L823,7.6814233025938625,7.727003774924531,7.697172161904225,7.620871591859656,7.612537574888591,7.667801681234172
P32189,7.285990794233203,7.41191664128713,7.437461455636366,7.398726351233984,7.3702604115098875,7.380871130780115
Q877I5,8.231011056278158,8.134736969834702,7.9133298768624885,8.470550397196915,7.912600732027061,8.132445806439865
A0A0P1DJE3,7.712632216894296,7.568202593328211,7.65259924766857,7.6393371519330735,7.654041038289851,7.6453624496228
A0A168KIJ9,5.067068456214115,4.7886473396968015,5.2048685356390125,4.976664790347971,5.511984966445387,5.109846817668657
I2CMF9,6.594979227349083,6.5247863609046055,6.718271615711282,7.028776053619041,6.527474215347148,6.6788574945862305
O67931,7.01533043758104,7.326930461199842,7.169597679969078,7.3288169218005175,7.015285041786776,7.17119210846745
Q9WYH8,7.103911675936107,7.372329596386258,7.285686053317464,7.544487085560047,7.288172163732557,7.3189173149864875
Q5W915,7.642226012399635,7.65628073083817,7.645018395268646,7.545538704269788,7.682035483974268,7.634219865350102
A0A090B6R9,7.351952940446898,7.1162013903222885,7.263297634447837,7.3843825547040804,7.351939564879342,7.293554816960089
G0YYC4,7.17129704940595,7.137012331248416,7.116670442935974,7.053495783756616,7.114002194535078,7.118495560376407
Q42868,7.3833184679722486,7.4044013583022545,7.408698169158872,7.434418767473468,7.490693162571463,7.424305985095661
Q6A0I4,8.003882648743541,7.999999840473642,7.999999625344689,7.968895811116996,8.00000003404646,7.9945555919450655
A0A0S2I591,7.115251000927213,6.948079827427402,7.076257776264758,7.0000425152013905,7.017252882465519,7.031376800457257
P00175,7.367049820616857,7.7181901848590355,7.7336071892016145,7.167274052056794,7.355062483528202,7.4682367460525
Q8IEX1,8.144442315918944,7.971430300873941,7.993866849262228,8.012046831667787,7.940352690381478,8.012427797620877
Q8W471,7.7045294575071015,7.647895238120676,7.735930444108851,7.7098039589241925,7.745569904060249,7.708745800544213
P39956,7.196090941506121,7.252323038520453,7.15540509016114,7.065879211804028,7.1379483939897,7.161529335196289
Q6SZP8,7.876000812562567,7.74645182626664,7.721106206648294,7.953249835234197,7.8849253364123735,7.8363468034248145
P80656,6.803549550783992,7.0767790312640395,7.06618234740885,7.144590300577631,6.977220739648378,7.013664393936578
O50083,7.882337664689317,7.905762709225756,7.82292021225897,7.901420637612194,7.8353307655650095,7.869554397870249
C0HJ40,8.601250099772116,8.55150631656581,8.454248136325665,8.60122725757227,8.601240623038114,8.561894486654795
P34896,7.554621969354466,7.698810500192612,7.64511554479184,7.830104584398238,7.745831889530378,7.694896897653507
A0A4V7TJX0,7.900701654376433,7.76890723867195,7.83558370314245,7.90069414562334,7.853579453066632,7.851893238976162
F9VNG5,7.995932202355806,8.448987265429858,8.588516453508293,8.12989752698425,8.345990603077801,8.301864810271201
C7SEV1,5.681560725330327,6.228711517303162,6.173177699341069,5.9722603539166395,5.65954013858723,5.943050086895686
Q96F10,7.443612786901684,7.541808746957902,7.5448916236821555,7.443609757796475,7.506366946544192,7.496057972376481
Q9RBF2,7.772347070552436,7.692319035067668,7.647282047493864,7.771373906402123,7.666299522374975,7.709924316378213
A0A0H2WVX4,7.158795145746676,7.62424846974257,7.59634731474781,7.3864477833955915,7.5792222475605024,7.46901219223863
Q24K62,7.962753092047681,7.816758465586165,7.680878088793277,7.648881431610398,8.007583527963124,7.823370921200128
A5IL00,6.741100090715614,6.611834643938773,6.551688592113847,6.6013380637348655,6.783468319994159,6.657885942099452
P26811,7.393818476918713,7.429758845943993,7.36937502741311,7.523615027028937,7.164999463113623,7.376313368083676
A4IQU1,7.441178717075496,7.348033936752763,7.585268539298328,7.518892289557607,7.441202050037998,7.466915106544438
Q0ZR36,5.429389305665207,5.2247327732554805,5.355648868301356,5.4997366727354855,5.085204110644142,5.318942346120335
Q9Y223,7.706202289047143,7.769267743324744,7.2591032390175085,7.7061902764667485,7.706107429089605,7.62937419538915
D5MTT1,7.539916641379824,7.3111345325935915,7.334370346559811,7.589765330666454,7.492096150646845,7.453456600369305
Q8J0Q0,6.431504643802936,6.581263278244586,6.217772766822674,6.4314893650445635,6.349555360385274,6.402317082860006
Q8E927,7.677781458029024,7.176200892108748,7.334581404555702,7.682110096338363,7.682018199878382,7.510538410182045
Q6SJ61,7.499999848520359,7.499999982207622,7.500000073390382,7.499999874685303,7.499999905661341,7.499999936893
L8B3Z6,7.777530347465811,7.564825028805479,7.757165742206163,7.809783301931956,7.945885073160484,7.771037898713978
Q9UJ83,6.947894937116953,6.855518432665462,6.904480346555315,6.947896528826704,6.8479831586585505,6.900754680764597
Q6STM1,7.109412315148228,7.52704871548749,7.558534536602881,7.109418158695698,7.468841177329838,7.354650980652826
Q9MZS9,7.648935882741993,7.369563838914024,7.602159679208571,7.660757298680908,7.6572218536990215,7.587727710648903
D5LLN7,7.54963103571555,7.528402841642261,7.493649221352568,7.553542078881977,7.491520117975431,7.523349059113558
D3TTH9,6.132872912731592,6.239903472531072,6.2990114271768896,6.132778445742539,6.139123766137305,6.18873800486388
Q006Q0,7.510445128801189,7.438998836202326,7.444417539250904,7.426493516040261,7.525486098120695,7.4691682236830745
Q9KVI8,8.311457915951236,7.727216916434286,8.292985879838236,8.311547367999605,8.160528366365345,8.16074728931774
Q65DN5,6.029484854775399,5.498729301808638,5.44277493435472,6.072601951066875,6.1349037658077945,5.835698961562686
Q9AJC6,8.584441057310217,8.546877212808901,8.570468564924779,8.58459441621281,8.420269570106612,8.541330164272663
B1B5E3,7.207575812767767,7.235701495786813,7.206178121673002,7.202861641775272,7.2075795851156705,7.211979331423706
Q5FMB7,6.271467807756263,6.471525255575377,6.68291458796904,6.766315494249538,6.460086595333777,6.530461948176798
Q97ZF1,8.259347298935584,8.089563429543032,8.199862321824563,8.556843650273505,8.500788592274906,8.321281058570317
O86224,6.935778571618913,7.784339503349237,7.121804624741448,6.961351003632371,7.872876623601447,7.335230065388684
Q45NF5,6.348679608760704,6.228093695826777,6.541321510684919,6.599025184171344,6.512200508391866,6.445864101567122
A1XG20,7.350626732818175,7.456411983856324,7.363195189969305,7.33967699988923,7.414901633107918,7.384962507928189
H9N289,7.144946461463669,7.12372784869992,7.189605488255801,7.1433946498133265,7.143251088570859,7.148985107360716
E2IHC5,7.090519480312924,7.547164521375242,7.526811269497001,7.362770935070213,7.210751531251243,7.347603547501325
Q27Z07,7.1919083607434855,7.339120883278432,7.21950694408188,7.193553977876589,7.197655197301325,7.228349072656343
Q80Z26,7.210028321939702,7.207079036249617,7.115256534136384,7.210095670857942,7.2439420287028975,7.1972803183773095
Q4DEJ0,7.252517092775666,7.382356917131945,7.306314781284176,7.167323071915199,8.019926700561765,7.42568771273375
Q8FL89,8.00956369228612,7.843138334954789,7.952671560639793,8.00956375090128,8.009561299723469,7.96489972770109
D3KVM3,5.000000881917197,5.00000162513573,5.00000137500964,8.0902936432482,5.000000870071734,5.6180596790765005
P9WQB3,8.056912155019097,7.73218446394374,7.8667371494248775,8.317099684501201,8.013896866491033,7.997366063875989
Q8H191,7.960703243574141,7.835848525415377,7.883517598449614,8.19164161836879,7.909492689473798,7.956240735056345
D5FKJ3,7.85117632004302,7.417695893250907,7.538727311685617,7.733378912622143,7.790189602708529,7.6662336080620435
Q9XF81,6.924599843498199,6.850805385515854,6.906193285981243,6.81615109625298,6.724887043824711,6.844527331014598
B2IZG6,7.227436445158124,6.757383032760706,7.0847464408632534,7.103065319323586,7.286034676212021,7.091733182863538
P13255,7.671571287786836,7.67229485748737,7.7668498419270415,7.978171012787443,7.805838905431873,7.7789451810841115
Q9NXS2,7.295429779967401,7.129487987081675,7.025846138372001,7.2250135077380495,7.358601983392034,7.206875879310232
C5XXT8,8.428253105400783,8.489997738666576,8.411254716750868,8.428240131416002,8.428248308146168,8.437198800076079
Q55088,6.082800537949353,6.22509467254869,6.151612741093527,6.306127309639096,6.248155441452123,6.202758140536558
Q9S3U8,7.607753523324586,7.575900277274665,7.6015165852400015,7.675331804082953,7.6665846002992595,7.625417358044293
Q9WYB3,7.192050101935357,7.408806834290056,7.417772323190481,7.192066419168633,7.192036379744006,7.280546411665706
Q2I6W5,6.949679472862726,6.569615889163682,6.667862604675004,6.431931946993345,6.726213885854739,6.669060759909899
P22936,7.587942130690297,7.085270720773841,7.268934972525246,7.382335819502997,7.600723722502632,7.385041473199003
P09391,7.528191285577849,7.716218183851516,7.519621404645483,7.372183985035619,7.789461518285995,7.585135275479293
Q187D4,7.867035704883307,7.9926806000247765,7.841501851801505,8.195617414142438,8.195627323245269,8.018492578819458
A8YPP3,4.921492286117971,4.96649461541734,5.178801140063587,4.818258083966433,4.92146298707991,4.961301822529048
G7YHN5,7.66458664405387,7.482640529360058,7.595447637470942,7.664659255774382,7.894965427493649,7.660459898830581
C7G3B8,5.9864847874102125,6.441779409161976,6.173565393455568,6.171661083628388,6.100019345926367,6.174702003916502
O49855,6.043208795569104,6.28787724831404,6.4546610447722665,6.1078241550717856,6.107830376465121,6.200280324038463
I3QNS7,5.881189853093502,5.620609591423019,5.669146363044694,5.680766958278712,5.701925477411237,5.7107276486502325
B1XLK5,7.863060771534415,7.941274328093926,7.945073424158336,8.033058900294794,7.925645905496377,7.9416226659155695
O34508,7.4717149197470345,7.36919062272486,7.450094610614614,7.471735683807345,7.471798130061159,7.446906793391003
I3DTM3,7.801685975908235,8.74999976021038,7.818376511661377,8.749999878200812,8.749999577982082,8.374012340792577
B0M0V1,7.664971243972647,7.64381097533136,7.665243416158696,7.888443797086187,7.622452916849721,7.696984469879721
Q9SYK0,5.544074151688634,5.582161540034356,5.3979838923416334,5.7654762867625395,5.232535313463463,5.504446236858125
P33038,7.757342723237287,8.004869589535577,7.8400294359974145,8.128407303603458,7.88473727917683,7.923077266310114
P19265,7.590472518328739,7.736458766673366,7.902444942961108,7.823601869937324,7.673642414593269,7.745324102498762
A0A0U3U5E8,7.546190714201599,7.572631116068149,7.498762023434973,7.54622344685829,7.455393737455781,7.523840207603759
P30632,7.773720432924674,7.870332706398423,7.875786042932551,7.739221424050366,7.701859311095716,7.792183983480347
Q6QGY5,6.613977283152392,6.297734903076076,6.21706836147768,6.537228168582152,6.542816398011052,6.4417650228598715
P95867,5.870274557151757,6.215709657794992,6.417500306827407,6.105790522087128,6.047914076842446,6.131437824140745
A0A1J1EM40,7.65401182479573,7.334991249012669,7.457671411981182,7.654073142671238,7.581102097557147,7.536369945203593
P40495,7.591891876124622,7.843993545623731,7.733256131511067,7.618208855620124,7.551347231810578,7.667739528138024
Q0GC07,5.241267425886923,6.6522685166568065,5.660761503288358,5.218445607830113,5.523320734409472,5.659212757614334
P18644,7.431769677506393,7.5379770158782415,7.407883394767886,7.453358224000548,7.482483060671687,7.46269427456495
Q9F9T3,7.251799652712655,7.558099450503578,7.620579059001719,7.344278722183952,7.635374439722777,7.482026264824936
Q97UN3,6.0671754143637955,6.312506090236477,5.797884316663364,6.130971366386081,6.091480350210669,6.080003507572077
Q9NRW3,6.660990046967118,7.007879040059687,6.912589245915842,6.9443233934820405,6.661046146959634,6.8373655746768645
Q9Y7P0,8.03729638641549,8.177312843597324,7.91879452296967,8.466207817726906,8.249895661076327,8.16990144635714
A0A1L5IUR2,4.868118162802657,5.1438350645960025,4.936346413551178,4.868100824289452,4.941485139126477,4.951577120873154
Q8GUE4,7.411511543172757,7.113680535834296,7.300368755906869,7.380461546766977,7.312033529261838,7.303611182188547
P17182,6.717902657708352,7.12030216667351,7.048054194089996,7.209097177100708,6.93294899686138,7.00566103848679
P48740,7.639624866781191,7.7687275170942565,7.759991407093871,7.709067767902144,7.597745112371364,7.695031334248566
Q00985,7.1365913864960975,7.121962180970381,7.100613365721516,7.136615751935088,7.045138474604859,7.108184231945589
P31343,7.092964853571211,7.070893684457858,7.215435503349133,7.133344100927695,6.8524224217942455,7.073012112820028
U5JE22,8.057398976581267,7.937134789811358,7.753300226994844,7.637599190722582,7.79587282738493,7.836261202298997
F7YTI3,5.380038103667741,5.523646522560854,5.472917761932403,5.303877131044312,5.3801138684916,5.412118677539382
Q12463,7.578412620368429,7.527221408096788,7.461008265421111,7.6179510016487955,7.57700358041751,7.552319375190526
P12277,8.941078097320927,8.489873353031506,8.785928264500996,8.90318445535616,8.977491147512943,8.819511063544507
A0A1C9ZZ39,8.065437940584266,7.917452716348476,7.900636884684773,7.883729959288352,8.065629839392864,7.9665774680597465
G2RGW4,4.641365013209234,4.7907973188912525,5.112359693606415,4.5657446095475835,4.133758017029778,4.648804930456852
P42216,8.360117778664856,8.243742476134422,8.21729395398817,8.113571858558519,8.360195554702077,8.258984324409607
P40345,7.472225857473549,7.5031355740125045,7.522807202157768,7.657581124158742,7.548694934930399,7.540888938546592
Q7U4Z9,7.618072230841208,7.694875200617184,7.614208888248367,7.620780647022682,7.596533891918021,7.628894171729494
P00751,7.792704582153504,7.758900411222989,7.673911555516825,7.6299078052119285,7.792729339672431,7.729630738755536
Q0GND9,7.343707192324111,7.3066542936522545,7.355415620145574,7.320539061296826,7.345873841845796,7.334438001852912
A0A2L2R220,7.58608007094196,6.979536000456427,7.0177310679894935,7.400224369944034,7.195687868106445,7.235851875487673
G9M5R4,4.704200018739691,5.036971396554299,4.375248905962078,4.757384602648807,4.635974205759237,4.7019558259328225
P9WKL1,7.963064674585811,7.778925454116949,7.727102199817496,7.905633867436577,7.8532088586557,7.845587010922506
C6L684,6.069019359039572,5.999505855433798,6.1861481492687735,5.936532913411084,5.936537164790029,6.0255486883886515
G1ARD5,7.34650632130557,7.416776601098751,7.6462358514178845,7.346484464430517,7.346506888463085,7.420502025343161
Q9P6I7,7.4203274867070625,7.5217231008026495,7.3911416815768565,7.26935172540688,7.269392419007715,7.374387282700232
Q28653,6.829650434775497,6.860340017882214,6.744820364652164,6.829739132816693,6.504657917610598,6.753841573547433
Q9VSM6,7.430130830835575,7.486084927445515,7.419248372911818,7.4,7.4,7.427092826238581
D4N892,8.238970498775757,8.114522152353203,8.077227356923226,8.24817654938314,8.15440510363366,8.166660332213798
A0A0K2GVV7,6.0290765554630195,5.4625257541718115,6.021788880072503,5.195795716846075,5.195784698297127,5.580994320970108
M1VDX3,7.425509796704348,7.471193489177993,7.5568552434027625,7.631054280528148,7.668241817798684,7.550570925522388
Q9I685,7.305522428278683,7.583548999398684,7.351170484642712,7.305505581357141,7.305532787153336,7.370256056166111
Q7K9G0,7.163569396092849,7.531467190700727,7.285972632999918,7.259540779533954,7.368766061289367,7.321863212123364
Q5JDJ7,6.186969438282715,6.2338311394517465,6.103148802312854,6.194400989604592,6.07557392868386,6.158784859667153
P0A9S5,7.91128426549074,7.919856550307428,7.889726395224735,7.98341803271456,7.911254709624455,7.923107990672383
Q76L36,6.943262045897547,6.832063088928,7.021368833938431,6.943286790311651,6.943362973026727,6.936668746420471
T1SEU9,6.107710523052334,6.054002365970048,5.962521227310077,6.114991902682604,6.114968707980496,6.070838945399112
Q9R0P9,7.647312037005311,7.389346527195998,7.661621577410149,7.703925934594073,7.703919629587331,7.621225141158573
A5YM72,7.385962014734264,7.492309132988251,7.32685414779738,7.476447498543651,7.437164759964364,7.423747510805583
A1VMN2,7.114216452479918,7.0763059028410344,7.175892956928812,7.11383957205419,7.11253517748142,7.118558012357075
Q208S4,6.417918593899862,6.102210633034891,5.928248263864838,6.2142899209093,6.3324573191747975,6.199024946176737
J7LH11,7.258833388248415,7.110446688179249,7.264135778080459,7.206369035251413,7.097397854684982,7.187436548888904
Q05526,6.782240169663185,6.915153100715768,6.94533028108321,7.025130514406469,6.373445062238469,6.80825982562142
A0A0H2UN41,7.688704098007857,7.64271132442622,7.704114548874369,7.704632453349633,7.78322617555926,7.704677720043468
A6N8S2,7.720217996017282,7.989589943425923,8.066859357824452,8.157344383542485,8.160722458584793,8.018946827878988
F2X2F9,7.523472930826997,7.469225094477667,7.627926708611461,7.631293804477219,7.6091171288200545,7.57220713344268
Q20CK7,7.39976556124976,7.403398096596318,7.399816776590788,7.400490194581526,7.3997721007745,7.400648545958579
Q4U338,7.926769539442913,7.628374971368491,7.7942959783336265,8.053428705860107,8.07042591703633,7.894659022408294
A0A286K338,8.966891979101023,8.987414461592877,8.930302692924455,8.753127485348179,8.963765968990053,8.920300517591318
Q31QK9,8.538309773496644,8.101774732635441,7.950517362070113,8.376519597944291,8.538331021105963,8.30109049745049
M4GRS1,5.488725642685114,5.370332590523693,5.1256594759557075,5.616733257359212,5.488733657483905,5.418036924801526
Q8TP42,7.590442915061721,7.666344084405065,7.4686923640897716,7.220171545428501,7.590418160992058,7.507213813995423
Q40733,7.1878951208656625,7.203870833213987,7.16509833236657,6.9706031055726365,7.257871909089613,7.157067860221694
Q09LX0,5.891021229471852,5.98195339411309,6.003873935367991,5.985914837235485,5.910188156382309,5.954590310514145
A6X7I5,7.28510658469221,7.702701934507696,7.524956708976673,7.205579087384775,7.1247385652300945,7.36861657615829
Q7WT42,7.383458132001019,7.871740884636626,7.597838563273092,7.445472531291589,7.062689993319786,7.472240020904422
G3KFX4,7.624545447276232,7.8461615344176385,7.659831349280501,7.719788689953972,7.6093626955756735,7.691937943300803
A0A1B1WA14,7.66353661228088,7.105207654730623,7.211544297459936,7.40068364198474,7.30723002890858,7.3376404470729515
B1HX72,7.95487660420079,7.896134649536241,7.962662291644923,8.116483771007626,8.046649874074804,7.995361438092877
Q980D0,7.440653359264818,7.5820584679036,7.440910463762669,7.4493271940685775,7.473408440768079,7.477271585153548
A0A2H4PKA2,6.502063149095461,6.634166734342087,6.676622696592248,7.052494692413954,6.763347646680732,6.725738983824897
Q9FKB3,7.94359046910222,8.010836909461577,7.891652728931162,7.943579401832752,7.943584471998682,7.946648796265279
A0A2I7M6F6,8.153362731446691,8.061695189339142,8.082471605079334,8.153345354774855,8.06521325889994,8.103217627907991
P53610,7.4909493782635845,7.245644676236231,7.541526322530018,7.569808135124959,7.631475030244562,7.495880708479871
Q5SKV8,7.691769574568096,7.6757511362054505,7.72663326583011,7.94221383995685,7.691203284467949,7.745514220205692
Q8ILT0,7.524220492415426,7.875860549437406,8.003825395761815,7.788853095872611,7.681616446582474,7.774875196013946
A9CK16,7.654407549558578,7.611073152479112,7.801450861340973,7.483726150006848,7.696244269510173,7.649380396579137
Q9H8P0,7.39784360425118,7.33670771253802,7.360859638632286,7.384082458435393,7.393632311104387,7.374625144992254
Q7N6U8,7.9146300239058025,7.943785183199382,8.01629364787327,8.080676346870884,8.140794192610478,8.019235878891966
A0A0G2R4X7,7.350720529014039,7.368977736775689,7.327276938805103,7.347276305706076,7.3507417715666215,7.348998656373505
Q7M135,7.865940718663857,6.907854410888607,7.184713963896459,7.865941998589911,7.865815658263681,7.538053350060503
P21693,7.479598720302718,7.622166911321878,7.623032069521,7.479594972709612,7.706955690436988,7.582269672858439
Q58428,7.543796635675605,7.43167800863045,7.588630560264676,7.695383231938363,7.675726584638373,7.5870430042294945
Q5SH52,7.946806427713122,7.856867692838417,7.732183994772181,7.905748637182817,7.701493884027016,7.828620127306711
Q5PRC6,7.286665086352248,7.611249325498158,7.261202383147462,6.915205556781976,7.055398011778342,7.225944072711637
Q97U35,6.8733659360058885,7.348374094380065,7.1151266092577465,7.23926171315491,7.044554447304908,7.1241365600207045
C4TJD3,7.951873423614679,7.555486116343724,7.570431082416389,7.951926297817959,7.951907545064065,7.796324893051363
P50554,6.792130996294024,7.233202880788039,7.029843375917027,7.359839275948175,6.792195815220319,7.041442468833518
P48629,7.638391117354514,7.489313963918652,7.602000351856128,7.788611535196293,7.638344062258848,7.631332206116886
Q59IT3,7.76841566677959,7.013408373866417,7.790562253487752,7.768381010804567,7.768393583210618,7.6218321776297895
Q81W29,8.509631145797137,8.20401551954461,8.356899163635632,8.509691275132177,8.509665010744857,8.417980422970881
O29841,7.523363613149903,7.755596725613963,7.595145899071156,7.458723600275362,7.700278140649894,7.606621595752055
B5LX62,5.915784370356939,6.196876768470001,5.99552240370496,5.891355386029908,5.805305556077339,5.960968896927829
Q21JW4,6.576961936082535,6.711203499783959,6.713689333881317,6.703066362624628,6.960535744586957,6.733091375391879
P06525,6.872215535837219,6.989109208697123,6.697394030425217,6.933364797766849,6.92864514512235,6.884145743569752
P00359,7.738965182501435,7.982906049599863,7.9111818800301545,7.672774476016303,7.591229477957315,7.779411413221014
Q08169,5.626372100677693,5.5985613545508865,5.796509905641799,5.613121722082252,5.888973281556777,5.704707672901881
Q9XUS5,7.451344741247721,7.545355959003881,7.522357890140739,7.593887016893706,7.4952467533691225,7.521638472131033
Q9PF60,5.85673478184718,5.230952609306598,5.54745560981633,5.86820869340706,5.844067264754908,5.669483791826416
Q2VAZ3,7.453219657724204,7.38667708327215,7.376469590287408,7.44054968777854,7.440215130632523,7.419426229938965
Q964H2,7.79855351550671,7.618839932658954,7.881722374431637,7.764803461778831,7.867542880267665,7.786292432928759
Q8IJS1,7.4266293837881845,7.420752245196951,7.4387883990484855,7.43115839623848,7.42589194924739,7.428644074703899
Q59618,7.4547058649180515,7.765599241239919,7.802000283038784,7.8911296285498675,8.034237625621858,7.789534528673696
O24736,7.168542498661382,7.370389511310918,7.208617573103784,7.381686844549515,7.298480138016038,7.285543313128327
Q7QF91,7.178288901246702,6.518045073095616,6.698242756120062,6.6018582017682546,7.016365709991004,6.802560128444329
O95932,7.964749691282381,7.439535939551186,7.45176337180937,8.048201317082059,7.931332252289177,7.767116514402835
Q5UB52,8.424993210731355,8.250777639592465,8.242028789445792,8.209679286770921,8.403596126382771,8.306215010584662
P42588,8.57634033236493,8.372021391341718,8.540399155396088,8.676344834189205,8.589729207072054,8.550966984072797
T1UPN7,7.179112703979655,7.111205554953278,7.12911415623356,7.1791257876209364,6.99309598885638,7.118330838328762
A3DIL8,7.512008989638912,7.546729963431751,7.608181284082614,7.597305622944938,7.351925825277789,7.5232303370752005
P24158,7.812868171532028,7.686595550895972,7.773891214462817,7.7036000988200914,7.610836998811227,7.717558406904428
P07941,6.989969788055778,7.267094003693141,7.303594866321178,7.631874015592534,7.549594978824944,7.348425530497515
Q8ZKQ6,7.538022973783954,7.482839345184122,7.361111149572436,7.3721735146644605,7.405404475796182,7.43191029180023
Q3LSM4,7.719421642842327,7.9643044856250365,7.844655896292185,7.47195280370264,8.031999357325336,7.806466837157504
Q9CA75,6.9413154837809135,6.814130089337763,7.019558651360656,7.119741654251618,6.892752599449605,6.957499695636112
Q8KZT4,8.240287992272746,8.663707854755629,8.574124692657275,8.240226545235524,8.535249435687552,8.450719304121746
A0KL98,8.354069790955363,8.313193922943244,8.214416181395965,8.725001062388106,8.653999138031583,8.452136019142852
P95189,7.534520620331989,7.458867247415137,7.701854475718691,7.484885746130034,7.477788572610564,7.531583332441284
P98194,6.991930221965602,7.302318074601302,7.099845453412377,6.991809334903484,7.1341826736694225,7.104017151710437
P0ABN1,8.208932622298745,7.645414050133513,7.846789572418858,8.115811869362664,8.115275691655734,7.986444761173902
A0A291I5R3,5.42092089601696,6.027459107934732,5.771924394291017,5.597940013365861,5.650804264050058,5.693809735131725
A8WCU3,7.373573192384207,7.486616702199042,7.434024587535515,7.373605988669996,7.373616689815173,7.408287432120787
A4VMZ0,7.5156386154496975,7.6052289920472536,7.519044767220408,7.529229893577185,7.5156139832827105,7.536951250315451
P17050,4.601396126278059,5.1841831896681825,5.009193461493603,4.520192153343988,4.170867262999866,4.6971664387567404
C4M2I2,7.636442842170446,7.352845388624168,7.653182443895398,7.776419089372266,7.6294835587821925,7.609674664568894
A0A143G976,8.34773516839598,8.246258940452433,8.33707570163538,8.271789635575708,8.271972475338,8.2949663842795
P53555,8.851258180815476,8.610026431874264,8.910121594171047,8.851255824534668,8.98509747994861,8.841551902268813
A0A221LFZ6,4.744807497547759,4.508211752036902,4.793316034961753,4.566535491399746,4.479285893250461,4.6184313338393235
Q90WX1,7.2364652494605854,7.408101668929193,7.317133901832522,7.262173869033772,7.26217665815878,7.29721026948297
E5F146,7.388817523120672,7.67535520569081,7.390726188000225,7.489210770298056,7.520623255070925,7.492946588436138
Q9KPS2,7.830000006258737,7.830000042715094,7.830000042615455,7.830000032643492,7.830000021782574,7.830000029203072
A0A545BBR2,7.639443812480855,7.893028842104403,7.761108534557497,7.861417187704003,7.850672536956184,7.801134182760589
Q9Z2A5,7.445746689454525,7.306062424610754,7.284048049254279,7.464195132580053,7.445730092979333,7.389156477775789
Q1ENB6,7.891954266137393,7.793192286554278,7.7541521700854785,7.715521859912849,7.891599134875929,7.809283943513186
S4VCH4,7.579036323684657,7.274026720918132,7.51281146416629,7.775385819531199,7.632958006633349,7.554843666986725
U5RZT9,6.2906658368739645,6.430850637478539,5.932271232546992,6.290608264149972,6.397332171441965,6.268345628498286
A9W9U6,7.289179070163065,7.200621944199018,7.232501772727826,7.253414021074126,7.148302446879237,7.224803851008654
O50123,7.269626183963294,7.7383848742873,7.7382928909130095,7.737725835624889,7.737194874833009,7.644244931924301
H6BG92,7.630516841094787,7.858923258916292,7.6102895642741615,7.605483151747972,7.580094850932673,7.657061533393177
A0A075B5G4,7.6300905917095205,7.605382169199925,7.697534072492132,7.8078659866816045,7.736921496014182,7.695558863219473
Q6QLL4,7.351857657881813,7.401104817362709,7.546750442377896,7.352288513142338,7.352286240429099,7.400857534238772
Q70KY3,3.771180512126843,3.609318427625975,3.970392558059807,4.14877026518535,3.792559390214218,3.8584442306424385
A8CF65,7.673858791639221,7.8733660235090435,8.052645672554618,8.180523764209786,8.031595430474562,7.962397936477446
Q70DK5,5.464588817822452,6.369583193572048,5.97201587361489,5.494420256426291,5.723556181004312,5.804832864487999
Q93X46,7.861598047816822,7.768199172761375,7.704561209748534,7.9240955926803816,7.922240693711305,7.836138943343682
Q9P8H5,4.639057209271057,5.107656368774634,4.612213818541369,4.775138144845605,4.770496717005754,4.7809124516876835
O96437,7.317308959834567,7.716294324826075,7.47120873741457,7.3040973128152284,7.592237866803681,7.4802294403388245
V9SDP6,7.423738192343075,7.218310844382454,7.012069798362168,7.538305803376451,7.423694795801766,7.3232238868531825
O48709,7.386690004937411,7.453404099686171,7.453903964815385,7.2609196246419625,7.462898984409437,7.403563335698072
Q7YT62,7.763120226275762,7.8666340227578475,7.795199153621086,7.620926545410894,7.708190022951844,7.7508139942034875
A4CYJ9,7.817537323167767,7.83301915213236,7.886656342021133,7.817636353690974,7.950562132019337,7.861082260606314
Q4W1X2,6.833919113290694,7.061706442007102,7.145930190973218,7.348294927164373,7.1794560940968895,7.113861353506456
P55211,7.324617633734779,7.408163483602196,7.367362372302004,7.345768505828153,7.294734031830493,7.348129205459526
A0A140JW76,7.686789221084035,7.608908990798254,7.778231114069122,7.732768048636228,7.756270274097164,7.712593529736961
C0IRI0,5.895347799242671,5.7850982557448,5.85711404838773,5.794712139126895,5.812841304275994,5.829022709355618
A0A165QBG6,7.127102728550914,7.306946648923653,7.460269416890527,6.94790160670436,7.054788271167849,7.179401734447461
Q9M0B6,7.793607347853926,7.83258944071058,7.8819667971446306,7.683959714590895,7.740977326604095,7.786620125380826
Q9X6Z2,8.95335660102349,9.262175568815882,9.280644227285366,9.393392966865363,9.232463063040905,9.2244064854062
O33707,7.797651491610818,7.8323579881825,7.799602946540601,7.7975854676681005,7.608696980222322,7.767178974844867
B3VI58,7.78612417946298,7.499664520195513,7.685336854769448,7.700475271771523,7.62105716352862,7.6585315979456166
Q9KZL0,6.937537821644724,6.905181833313162,7.015101808648469,7.129884638123295,7.0859362939598585,7.0147284791379025
P03697,7.2777609604457885,7.555031847333287,7.720376322656388,7.814574281302254,7.769385399501812,7.627425762247905
C7FF04,6.949452113157964,6.713566536133074,6.680577349827914,7.1321825003974535,6.721658092007164,6.839487318304714
O35795,7.211444389564996,7.239209082264561,7.140889089333858,7.211407637588164,7.29281452640303,7.219152945030922
O95237,7.522700362875443,7.21169588216915,7.63756686722899,7.620330352924865,7.560036242804053,7.510465941600501
O67379,7.421885914121922,7.598425700741866,7.612313253120685,7.510674965962893,7.529848163145058,7.534629599418484
Q9LJH5,7.23838964395903,7.600436664824384,7.5572612523410845,7.238341753475745,7.461178436559175,7.419121550231884
P15334,7.559165966390244,7.751324227046033,7.691050748891831,7.533667129369942,7.628894516286354,7.632820517596881
P94531,5.778146789373701,5.904718716376252,5.779435212892454,5.9102820738262745,5.773715342450103,5.829259626983757
F4NCC3,7.64251924093379,7.998651572563766,7.745776058293002,7.6591340922158375,7.847166148804482,7.778649422562175
O93634,7.267043330203074,7.731593117967377,7.677326401524256,7.724244506731566,7.723728803361116,7.6247872319574785
A0A3Q1MJ30,7.4581198605861445,7.456421926919838,7.450625012051839,7.446447054151564,7.458244400644012,7.453971650870679
P0A9G6,7.398924858263863,7.4777371301825655,7.41701669532025,7.4303808312641255,7.361536042774112,7.417119111560983
P55212,7.355584998265726,7.559387279398789,7.58951437743546,7.371295095658912,7.275931053899432,7.430342560931663
A3GHR6,6.163140623569407,6.33481666751218,6.2847214552667,6.514029907762907,6.216916878604231,6.302725106543085
C6XY24,7.505404825998333,7.5641753235254825,7.500840376743638,7.703833050717342,7.4364755457237575,7.542145824541711
P51182,7.35185496858759,7.32825121371447,7.3921730939237085,7.462261986477666,7.36131618756706,7.3791714900541
P43099,7.012574172810234,6.906206661039558,7.029139744259735,6.747889672300376,6.747804800434477,6.888723010168877
Q9VRQ9,7.444343195947939,7.288804977952819,7.650165074205276,7.444277593121016,7.569330732644611,7.4793843147743315
O22975,7.526291541510142,7.4736537465837545,7.337843115437502,7.222240476019846,7.20907624831328,7.353821025572904
Q6RHY1,5.973706160390347,5.822687067211803,5.8609443948245135,5.973706880763135,5.973718429349475,5.9209525865078545
Q6LFH8,8.500032892420142,8.133719323687242,8.398070196351867,8.500089106881866,8.624514969049576,8.431285297678139
Q55145,7.853965965612694,7.483551129156983,7.779524321786582,7.856380860466514,7.756639108914832,7.74601227718752
A0A0K2X0F2,7.241057137441248,7.1738252504465,7.245231742778178,6.947148586017974,7.24108994149716,7.1696705316362115
Q3HL75,6.7070969976404955,7.070927691733427,6.984901067419919,7.144694804313775,6.793627940147927,6.940249700251108
Q9HXT9,7.790768032347534,7.671039700660091,7.758842981330358,7.790785006764676,7.802935199724373,7.7628741841654065
C3MC80,7.625725346009073,7.381178699055761,7.745443431229292,7.9697412308448685,7.516242908741154,7.64766632317603
P77978,7.763175700985651,7.63124501193971,7.668706634246577,7.76319695767156,7.798629194415172,7.724990699851735
P21170,7.621532728201525,7.714353090990312,7.583368231361672,7.621548180038722,7.621797390662533,7.6325199242509525
Q4QEZ7,7.423496676794326,7.439933909670835,7.336903439552104,7.474912905753996,7.364399641105447,7.407929314575341
B3GNT7,7.232478345218673,7.336375338760206,7.292871845952649,7.232530778136994,7.179328465751478,7.254716954764001
A8CF76,7.185998883102128,7.541749150153001,7.247983565247941,7.186004118875088,7.253423644257703,7.283031872327172
P30749,7.3717009904914015,7.610509249410182,7.566387492456656,7.5129894581729415,7.678417596978766,7.548000957501989
Q8BH86,7.471532035402361,7.636754245312334,7.475259405145093,7.443569529228771,7.528327546130131,7.511088552243737
Q5E9F2,7.295351165932,7.301086362128643,7.2483326589334265,7.191793997094699,7.295414558645631,7.26639574854688
G1EHI3,7.964231054786618,7.649772036883997,7.882254305683185,7.964279649169671,7.924244649950988,7.8769563392948925
A8INZ7,7.475110312277883,7.45428078097371,7.551331297168216,7.41834412656417,7.521410635971955,7.484095430591187
B8YAC9,7.5720430373645895,7.218340306931868,7.17795553352782,7.150475454643249,7.150411994173136,7.253845265328133
Q88IJ7,8.236431798879222,8.113853057385375,8.201839614193327,8.236414554822638,8.379515036403237,8.23361081233676
A0A1L1YPD7,7.199326425386803,7.072224171485477,6.829284854353443,7.195511579248909,7.196121124592435,7.0984936310134135
F5HPS1,7.638604458736182,7.555106837816212,7.585694023059547,7.539131191100553,7.588892479108912,7.581485797964281
Q3L8N0,7.6570948947852635,7.412401050844824,7.517290148006429,7.24369842090656,7.447559110746447,7.455608725057905
O87872,6.95384266342866,7.135219037421226,7.202758854242217,7.283697038531,7.001508476483188,7.115405214021257
Q3C1A6,7.579730714695625,8.025241181097762,7.992042853288999,8.030193926540187,7.718446496218143,7.869131034368143
Q1KLC8,7.275621455771016,7.228001009864696,7.277532541015549,7.275585705328951,7.298244759772273,7.270997094350497
Q59971,7.6967142075504125,7.505674928071082,7.66352870462978,7.7198458760560635,7.683455200229788,7.653843783307425
Q93V61,7.199400811269599,7.305352239266387,7.412172257155007,7.381741722571457,7.381709344839029,7.336075275020296
Q53U20,7.55373688404661,7.541376309284324,7.543988906374333,7.578647922942336,7.553734042147721,7.554296812959066
B6UYJ2,7.026429006086978,7.077357600709603,7.007118978615752,7.005062911767976,7.02258408138195,7.027710515712451
O00767,7.555054860303626,7.425643285197722,7.496388199427597,7.702208516307176,7.555032674418687,7.5468655071309625
P79074,4.950246644325323,4.553390110899462,4.81284502044827,4.791056070314255,4.640137849662668,4.749535139129995
C0LZJ6,6.596196635255188,6.205604401113173,6.590400417776162,6.7320701522698885,6.613097098540432,6.547473740990968
Q6Q271,7.369809519842374,7.5218954218949134,7.422626823737936,7.369780310884594,7.369752786885629,7.410772972649089
P98060,7.827768238793689,7.846741342251302,7.896339520666718,7.827762103742468,7.837778358564804,7.847277912803795
Q8NQE1,7.63653110294951,7.713281777734791,7.636778341101754,7.813613429278855,7.571605286492492,7.67436198751148
D8KIT5,7.704357530437278,7.9899991657255525,7.754041246506077,7.724382593886545,7.776018908970724,7.789759889105236
P95868,5.500000334659096,5.50000085149296,5.5000006409030435,6.775243123228212,5.500000510271567,5.755049092110975
Q57872,7.490503855654805,7.647873285162718,7.843415124888506,7.450139657929631,7.643917994722849,7.615169983671701
A0A141NXG8,7.551723426725076,7.430834528407551,7.788033985640134,7.439505082485825,7.381597783686046,7.518338961388926
Q7X2D3,8.070663224927996,8.08845856450814,8.218476535343965,8.070666047729546,8.010635206603299,8.091779915822588
A0A120MXM3,7.622303994011086,7.66343652747945,7.80779370457462,7.827535090205193,7.6826383557557,7.720741534405209
P26997,7.350883978799844,7.602371275988711,7.596028015860008,7.405578269590689,7.491536323135095,7.489279572674869
Q93EN4,6.359070403908442,6.6193470317199425,6.390476871837398,6.3221943787407495,6.3186669138546705,6.40195112001224
W8DVW0,7.189827204829389,7.3854733952983995,7.3550988527389265,7.462030462987274,7.462057340235049,7.370897451217807
A0A0C5QH30,7.051557933719383,7.163200645322082,7.096021068779757,7.10568396821342,7.113001014429774,7.105892926092883
P18440,7.350324609826563,7.402721791012797,7.299042112230932,7.347418965887445,7.363578099288584,7.352617115649264
U5XYA0,7.738345586237022,7.748266922368111,7.802980255530895,7.645887747766326,7.642280170382128,7.715552136456897
Q8PYZ8,7.612813556255701,7.691203536033906,7.622794574467659,7.654603403048962,7.654644993822069,7.64721201272566
Q9C1S7,4.766841747923859,4.995872583466749,4.703476571114615,4.766779702018023,4.76678845482638,4.799951811869925
Q9RJ84,7.580573810414288,7.570262170634943,7.71889897826856,7.581728598386816,7.454172388494657,7.581127189239853
D3GGN3,4.586169212596606,5.04455566107543,4.826402864665275,4.586184706490606,4.579122106290469,4.7244869102236775
Q94F00,7.651279689809341,7.603940741240552,7.8017492057172015,7.769496031796175,7.902147466785083,7.74572262706967
Q9NY33,7.2535447286085954,7.720397912461367,7.4896797241867,7.567789405171142,7.273576418933783,7.4609976378723175
P20960,7.641932516002641,7.4999998899641644,7.500000485442682,7.50000041500869,7.500000470483049,7.528386755380245
Q80A54,6.727938762310184,6.859667174031722,6.542658651522079,6.763701232233032,6.458258423251819,6.670444848669767
O73939,7.395988676814762,7.115832677370262,7.042401278617747,6.79310399553317,6.894342899310954,7.048333905529378
Q9QZL2,6.7414811056975195,6.753900816715171,6.8294349602021684,6.859223808999555,6.741578713819114,6.785123881086706
