uniprot_id,seed_42,seed_123,seed_456,seed_789,seed_1011,mean_pred
Q2YPV0,6.727000583944762,6.961873897588233,6.916919317462743,7.613172479626422,6.870403623084953,7.017873980341422
A0A142LT01,6.639530263824763,6.5591862934173415,6.499999999999999,6.954642831305321,6.500000000000001,6.630671877709486
Q9LCC6,7.8298486495002635,7.796426098831687,7.8101416019269365,7.845355253745882,7.85940784183684,7.8282358891683215
Q4CN04,7.577063717911419,7.574633768675406,7.589743428417321,7.613440229298722,7.577115611635494,7.586399351187673
Q00XA5,7.743977887902031,7.564640681028913,7.8853905426276425,7.420185029783356,7.64734973546919,7.6523087753622265
Q5JJB9,7.596739414218183,7.56468085152991,7.507333853424042,7.633762299793331,7.626300417750865,7.585763367343266
O30245,7.218812033551151,7.099977016567049,6.913114100344859,7.354756911783565,6.913041035561473,7.099940219561619
Q16134,6.950007457000128,7.0323468709609855,7.078686116592646,7.482673073377847,7.03301135145757,7.115344973877835
Q4E4E1,7.8490688650027955,7.57093094490319,7.717919190825954,7.345035444222563,8.003400349003416,7.697270958791584
A3KCL7,7.469521618693169,7.4590699501722115,7.454914694062394,7.633440008062652,7.566232719768208,7.516635798151727
P34754,4.7599854811569084,4.758165059376214,4.696218243895547,4.946761481832446,4.659493219318759,4.764124697115975
Q4FME3,8.081112975828667,7.9186369645334995,7.871286458605917,7.681938553948279,7.878593115745728,7.886313613732417
Q9UBK8,7.361092562316106,7.34369451391185,7.51264179720904,7.443489961577186,7.346631656339295,7.401510098270696
A0A140N3B4,7.375055457790155,7.6900883395175255,7.282858258339973,7.334865116573845,7.5417996094934985,7.444933356343
A2Z7C4,7.253999981506134,6.962686845400795,6.758556285402667,7.37304035647651,6.854793588612109,7.040615411479644
Q45222,7.534899381474098,7.7537972936479065,7.872457715878516,7.607910262505054,7.768166692366603,7.707446269174436
Q9LY23,7.391271623740459,7.446012119717002,7.391627076138653,7.418746995588733,7.391698049022771,7.407871172841524
Q9AJS0,6.33800716124072,6.306336642632705,6.338090574984524,6.672658529026187,6.409659178712108,6.412950417319249
A0A177YY42,7.623497904469762,7.563000498538558,7.402006833902929,7.699573728161386,7.699647426672802,7.597545278349086
B8DZK4,7.423011314670069,7.455354257691996,7.3786674387816324,7.282808727326806,7.333828780473713,7.374734103788843
R4N4U2,7.007552168363755,7.047673621964494,7.007651851868052,6.780501739257848,7.215485058135133,7.011772887917857
Q2URT3,6.554252432432444,6.405726173374772,6.31631095582652,6.3091696741146315,6.525809868369679,6.422253820823609
Q7DC81,7.746350848674895,7.359981407997312,7.7462912351889575,7.301577564275914,7.533699591347666,7.537580129496949
S6B6P7,7.854565098294804,7.815356020319073,7.729454473399682,7.703046037232968,7.729447856484929,7.766373897146292
G3JWZ2,6.911309566684538,7.017020968107894,6.9113338859731845,7.19087210848819,6.955509323736598,6.99720917059808
A0A1U7Z3Y9,6.520245162309829,6.391606463997177,6.196871412115827,6.726521009831688,6.60378707709536,6.487806225069976
Q8ZUN8,7.581478788807537,7.52826767877595,7.070457346342376,7.379020289465187,7.3680351660816745,7.385451853894546
A0A1X9ISP7,7.12060302258986,7.087751593085278,7.120555103197491,7.223126665120694,7.252704928246205,7.1609482624479055
Q76FS0,7.488494502047087,7.275222508481001,7.453567438994783,7.427694212691235,7.4521329987720355,7.419422332197229
Q6UWR7,7.762548061746758,7.561426341086556,7.995438237443756,6.847247833021728,7.507334071692559,7.534798908998272
P55072,7.209189605758,7.3366804660710425,7.246921073470095,7.457236256026963,7.193388061753992,7.288683092616019
Q25C77,6.434528589384029,6.218201596110388,6.62815587890582,5.554878480877762,6.780892192624667,6.323331347580533
C6JUG1,7.486122192002175,7.489851147938733,7.41555594595496,7.307737641832618,7.545306081375592,7.448914601820815
P54166,7.980967437911886,8.10149538231824,8.168434367912877,7.882479376079317,8.16850786344171,8.060376885532806
Q3YAW3,6.182872369119043,6.260635804624506,6.134053845457024,6.566364527483002,6.3244770075036705,6.2936807108374495
G3XCJ9,8.016068988828332,7.82456230756672,7.944909163466297,7.675605945030608,7.9448695688073645,7.881203194739865
B0V1K8,7.112380235660427,7.027503405383369,6.952716330018994,7.208392758235756,7.10936262419712,7.082071070699134
P70080,7.290162751915659,7.665580284668289,7.290141310327009,7.794294952245037,7.388181678692628,7.485672195569724
Q56839,7.2024938437831345,7.3526173150292875,7.2734942960495195,7.413320579417164,6.994071264978207,7.247199459851463
A0A067XRK9,5.851003061179798,5.699628894304099,5.782142386463551,5.730150352330057,5.851007805929251,5.782786500041351
F6JRN6,7.659209392460013,7.576930780308522,7.789590523489768,7.6811039255188565,8.048040417499793,7.7509750078553905
Q13574,7.478319813588827,7.301759566534321,7.199748621348184,7.427680037128972,7.211218349279427,7.323745277575947
Q9LBX4,7.194802121823978,7.696332986628765,7.402144703819491,7.527645165737347,7.13010163975365,7.390205323552647
Q9HZQ8,7.404926198696192,7.483315277171266,7.752606143954007,7.293178833332812,7.7525734954091305,7.537319989712681
Q96HD9,7.411598367406782,7.6075831565706045,7.614858345982941,7.609634823241426,7.564510791205303,7.561637096881411
Q95V75,8.086534311311624,8.20070700079834,8.131658183610341,8.015685479052229,8.113260879139371,8.109569170782382
H0FT96,7.4157344040577895,7.565938354799905,7.420298085227332,7.691735895426034,7.47596751752837,7.513934851407886
Q82P90,5.839946947376773,5.874905329012686,5.772722931810575,6.199651735220885,5.772656168773964,5.8919766224389765
Q97V23,7.6342002728758365,6.990877369018744,7.634203033159194,7.247806376261576,7.634555641205206,7.428328538504111
P80193,7.270047670809815,7.726838742557319,7.379756303270265,7.51440191428824,7.411900463649511,7.46058901891503
G2Q665,5.294260106346774,4.991933600335581,5.07709986540543,5.04413724682314,5.084717268064097,5.098429617395004
Q006P9,7.504724836327737,7.3592216432864275,7.45063157697188,7.57755202387691,7.547321872906018,7.487890390673795
C5BN23,6.913467806758335,7.0866278950195065,7.027049529328869,6.983676724726071,7.027206311558708,7.007605653478298
O22141,7.269702615057994,7.591994763054665,7.378350586937733,7.878983415346184,7.378334982192924,7.499473272517901
B1NLD3,6.657908080957613,6.990524688374371,6.985418288562624,6.845858795874544,6.807657686950969,6.8574735081440235
Q96Z02,6.881643992681568,6.9601493002268215,7.214387780141073,6.638213001811238,6.8231172273154925,6.903502260435237
P00336,7.578000050797577,7.611026378401458,7.643228008900349,7.870296773237265,7.626856322801238,7.665881506827577
Q8H1D8,6.524903485238166,6.341763735235489,6.332076254039445,6.219134284775087,6.524843156071541,6.388544183071946
F1QCV2,7.449161840102065,7.708618252554069,7.4499074724527015,7.652386150418589,7.44993391706378,7.542001526518241
A6P663,7.467471994685929,7.409682832561032,7.331725831300164,7.411545244730571,7.314878271331168,7.3870608349217735
Q51508,7.59648750211276,7.719084441776706,7.873979758831085,7.819986292969914,7.873885206186428,7.776684640375379
A6YGF1,6.329540079095727,6.339691895846058,6.2840006883478265,6.736823534987613,6.463640110792373,6.430739261813921
P97325,6.457409529329826,6.632110033500767,6.894173824185116,6.630740358535361,6.390831029925991,6.601052955095412
Q6S3E3,6.115963936594015,6.113324707086376,6.084742053082795,6.214214615702061,6.115855241546671,6.128820110802384
Q08891,7.192871757868787,7.4711102935688425,7.5255714789438946,7.32614166348837,7.527034356988323,7.408545910171644
O07177,7.398339076518741,7.3710760582911385,7.4134083614826425,7.0623903445818055,7.413666373695262,7.331776042913918
A0A0C6EUC4,6.6401359651850385,6.684685810824103,6.480128724470388,6.5833145508176285,6.480130395174203,6.573679089294272
B2YGX9,5.877742926254754,5.863992249014256,6.354013647098396,6.02847850716582,5.8432880497316075,5.993503075852967
B5IEU6,7.700075407726236,7.112569030011895,6.951971340675529,7.5279498202444906,6.884061267976051,7.23532537332684
P12293,6.847419266670759,6.838758708173656,6.908701726228002,6.693903627730223,6.574790594442756,6.77271478464908
K9Y6Y9,7.021848352836693,6.972587459339012,7.014251821662864,7.131305958455544,7.015378326199437,7.03107438369871
C4PKK9,5.116395464383418,5.25979090385563,5.116434045695666,5.621973154716201,5.332533858101411,5.289425485350465
Q9W3Z3,7.6730776688771805,8.005778034002203,7.809279717575218,7.86164854732356,7.914850525438956,7.852926898643423
Q8P3J4,6.690103071399803,7.0715472858415485,7.624044546507546,7.143697069316155,6.69008301879727,7.043894998372464
P70390,7.340347109306609,7.32495450419995,7.333100334067168,7.430411283878022,7.38134690945088,7.362032028180525
Q9X0G9,7.617816600287166,7.503117127922352,7.714825506833178,7.5324233208631775,7.473233812101781,7.568283273601532
P38137,7.830627053698114,7.904801336716962,7.872867335298928,7.827364381625384,7.747375980044059,7.83660721747669
Q9SZ92,7.802915434504425,7.7379834173586595,7.775700061946304,7.762771967112617,7.718785614368551,7.759631299058111
Q5LW89,7.6383056706116665,7.490441848772439,7.573034975756695,7.501555760334194,7.607064121245852,7.562080475344169
Q8CI15,7.36655060783634,7.224399177714173,7.1158759406431145,7.142625458884212,7.363889601234853,7.242668157262538
B5SU85,7.812450452096159,7.780887462240477,7.543947359945099,7.815062707473618,7.910073111124954,7.7724842185760625
Q941T9,7.475208719706186,7.4240811278020455,7.47418167783449,7.584269532548864,7.444627614226154,7.480473734423548
I3QNS8,5.95296559688124,5.884652863278328,5.714281826029699,5.894023109468721,5.927057986786678,5.874596276488933
A0A0B5GQL6,7.116301978370453,6.852279436742321,7.1563460806203985,7.081446411926011,6.9107410749440525,7.023422996520648
A4Q8H0,6.7149066149990455,6.655746051401085,7.098833503959701,6.977518707898742,6.529477680086864,6.795296511669088
P16243,7.423499427151127,7.416999383162684,7.449424006855292,7.594879963209521,7.558019266388385,7.488564409353401
P07864,7.755658733211555,7.716620518591579,7.810993704824491,7.706285424413357,7.792040733530887,7.7563198229143735
I3EBM6,8.030447834210484,8.013638077767032,8.209846088784724,7.932428499059237,8.031647594104271,8.04360161878515
P69478,6.787580928920993,6.792831049039897,6.820745722495805,6.889645804375923,6.787582628868911,6.815677226740306
A0A168GPR3,7.016154007394118,7.232291586461224,7.140360902566026,7.463331868250845,7.295325960718607,7.2294928650781625
Q6YNE9,5.357156143082447,5.185458563243369,5.085176029899898,5.266335007840499,5.290015557084807,5.236828260230204
P33665,6.208416566165916,6.202483043941387,5.80208922848243,5.952782709139817,6.1424636486596,6.0616470392778306
O59650,7.828416244415716,7.748063841832607,7.797040676754376,7.965664098127159,7.694266225542401,7.806690217334453
Q8NEB5,6.930782783538507,7.082415296638769,6.930702335205938,7.136314738330493,6.854385396410688,6.986920110024879
Q6GHH5,7.501833087591821,7.300000146518164,7.300000182323894,7.300000201498428,7.300000182214109,7.3403667600292835
Q75NT4,8.157134413561458,8.315652450004224,8.446421294198686,8.179680765267765,8.506223353584135,8.321022455323254
Q70XJ9,5.721420231562924,5.5259284853809145,5.753784960192467,5.832480142566429,5.721445561890832,5.711011876318713
A0R043,6.948820456275046,7.134982732091074,6.83227719016412,7.3517866448551015,6.85625708468514,7.0248248216140965
P0AF18,7.72480034918312,7.90643764309304,7.862657144441476,8.100548474383055,7.8669830360271344,7.892285329425564
Q9CA40,7.8731067781434065,7.565473228292817,7.945261181758502,7.285019438056533,7.743300190244521,7.682432163299156
Q581U6,7.712522408222398,7.76344915365072,7.712535666581998,8.019651235325252,7.9520701289762625,7.832045718551326
P0AE01,7.897934545037431,7.84500115832467,7.867059718694437,7.845433862767305,7.989833918584819,7.889052640681731
Q8RSQ2,7.707574219965183,7.711982990684771,7.707579144861274,7.7234801067386005,7.707325315017732,7.711588355453513
A7RDD3,5.121920361356933,5.034067786620524,5.071830225846307,5.347156925457059,5.1786325685104035,5.150721573558245
O14939,6.370297786959955,6.520214031788454,6.272045563228017,6.914687034387125,6.582317185482897,6.5319123203692895
D3GDK4,5.6002296661842195,5.602498308973895,5.53782981791049,5.753468746992719,5.746520802314742,5.648109468475213
Q5SIC2,7.5104324004632526,7.2421515107531835,7.903263926278081,7.53458682467381,7.900180251458483,7.618122982725362
Q5SL04,7.018467373147239,7.251696311405504,7.431698611963253,7.227173737484881,7.523301490014275,7.29046750480303
A0A2Y0HLE8,4.803177630397082,4.575842625980546,4.69604014354473,5.628873410685481,4.696009572039937,4.879988676529555
E3TBJ3,6.404840399361564,6.385455174753226,6.316211232247155,6.352792617600606,6.411744160151093,6.374208716822729
Q75WV3,7.355891158316832,7.50482639912402,7.343047132026823,7.5407460039035925,7.331896861616278,7.415281510997509
P16662,7.417185395913402,7.416153197195502,7.413965736701338,7.405508914709374,7.416892231360999,7.413941095176123
Q0CFW4,5.196343330050765,5.095755307484629,5.397950618958684,5.597654949523397,5.5505756459007705,5.367655970383649
A0A0H3U0Y7,7.38440548483909,7.241434876124632,7.605240743634911,7.455851761005777,6.719254791592446,7.281237531439372
Q08GL0,6.1129662439461825,6.107385280881514,6.0405947658542,6.192702308718209,6.064358224405878,6.103601364761197
Q53I75,6.519230531483187,7.025163743047666,6.391245341606467,6.969664369992994,6.896765956523203,6.760413988530703
P20582,7.387314710308618,7.5827987273078366,7.394719247493794,7.626852675616788,7.335975791203223,7.465532230386051
C4TJD2,7.447210112008105,7.934132994535818,7.4472050302697514,7.55854823515531,7.447202197446536,7.566859713883105
P43510,5.489631437774285,5.311127456892918,5.455034789358158,5.431369718040513,5.513764026025972,5.44018548561837
Q9LAG2,7.7271064141196515,8.023732451617859,7.671830829355279,7.644625935486393,7.740075730592557,7.761474272234348
A0A291LTQ0,6.533137019037762,6.098762639485806,6.376294468494039,6.215563249728049,5.87752725998455,6.220256927346041
Q58653,6.996442209167711,6.9496982538174175,7.063244127153117,7.315112170157126,6.782658609700566,7.021431073999187
A4F2S6,7.5547173566138515,7.655245306697364,7.599962289880692,7.788523051179867,7.654840197569452,7.650657640388246
Q9FFW8,8.024718818856456,7.987054085600338,7.895102273774955,8.028247340099053,8.024818469926675,7.991988197651496
P74576,7.920973536738763,8.128709053759101,7.92101295167995,7.796131781986243,7.920959317429922,7.937557328318796
Q883P5,6.185964706234881,6.121773570761568,6.205490652818618,6.451720538428977,6.19927621525499,6.232845136699806
P97364,7.780700601674915,7.74322033918501,7.654806178991799,7.6808051031919415,7.787732575985258,7.729452959805785
G5DAC7,5.652791853692142,5.672666851623953,5.579529746931841,5.74224992048389,5.570480741456995,5.6435438228377635
B2KJ46,7.096630094401466,7.327537680289816,7.215763084107124,7.648820453432916,6.776333506128297,7.213016963671924
E7FHX4,7.326504164991697,7.064298277661245,7.370870369010189,7.1295845446541115,7.36633250222166,7.25151797170778
Q6NQI8,7.4906495602210414,7.466996586518322,7.503347031984302,7.339244773011106,7.483351537483278,7.45671789784361
Q51739,8.529722551319686,8.164257569494568,8.529803439350914,7.915983299155486,8.43813013837394,8.315579399538919
O29852,7.548667996385326,7.481453075956726,7.4310518371041905,7.691601555581103,7.483993094472906,7.52735351190005
Q5SIM4,6.867247875671479,7.263398327302853,7.273030195711506,6.905561882890161,7.074036739215178,7.076655004158236
Q9HY13,7.149634051593393,7.370468020795674,7.404977676917711,7.516066446853585,7.33010937235389,7.354251113702851
P53909,7.605813426355256,7.365578239056043,7.451928259576212,7.582958286700329,7.476695749075499,7.496594792152668
Q9HU72,7.686988505929575,7.756660690911027,7.942242455475133,7.599565609473107,7.9793459451047495,7.792960641378718
Q7YT16,5.746285268526967,5.65604635771266,5.7441929356564065,5.983949720679018,5.657066791203337,5.757508214755678
P73133,8.429341960891698,8.598292958211774,8.296844858177696,8.03854864434642,8.429354992427442,8.358476682811006
Q94IE9,7.520670723740713,7.438920726859773,7.380817911057945,7.584944280985615,7.38083221308941,7.461237171146692
P06512,7.451264341672304,7.399201194403735,7.489256687730987,7.2197508818487135,7.472257737141522,7.406346168559452
P00750,7.709772199530082,7.706819627252969,7.709784061800885,7.682987688571298,7.6727831710472065,7.696429349640487
P16497,7.790390218533374,7.2922792422956695,7.657820183295304,7.439961116947302,7.86642381871946,7.609374915958222
P68187,7.854756812625169,7.809972765025952,7.844379608849354,7.7935839857245774,7.7732515928837405,7.815188953021758
I3QHK7,8.25034042977951,8.477782586382377,8.562802082905929,8.604354845863444,8.244129279607678,8.427881844907787
Q4J9K9,7.208505947299823,7.122653637671921,6.8999307993173025,7.20850232116537,7.047202475976866,7.097359036286257
Q80WS1,7.7371759130417495,7.643298885327265,7.7025826089189,7.546278098870822,7.743024953806454,7.674472091993039
A0A0M3KL46,7.210159666326572,7.367598988610419,7.139690748970692,7.365061108557505,7.139732131086478,7.2444485287103335
Q3YJM9,7.828741567937666,7.707909588916807,7.746568021679028,7.920248813760441,7.665306283348385,7.773754855128464
C9K501,6.151909215596417,6.149130694570919,6.143038925947396,6.180763386670604,6.088011077303336,6.142570660017735
A0A2Z5VGN0,6.483163033852113,6.903499569914151,6.962545868326426,6.543228157903167,6.728314837640558,6.724150293527283
Q9XI62,6.882317384092401,6.56549191844246,6.693821843143467,6.1673947900689905,6.882239716924236,6.638253130534311
P48318,8.043872204067886,8.014451252234728,8.042979624095318,7.484147963070407,8.128046211804609,7.942699451054589
B0VH76,7.874433086077676,8.073611395511131,8.100048453471521,7.921561412972332,7.959801627077354,7.9858911950220035
O25743,9.268639842530279,8.235937246925094,8.460539172326577,7.793404053507539,8.5821223604115,8.468128535140199
Q2VA41,7.068699324492376,7.262777231459473,6.976855635110716,7.315079450977883,7.093082158854145,7.1432987601789195
B9LW38,8.06209969735515,7.962109255519719,8.062140397102606,8.03740913013709,7.830415619060648,7.990834819835044
Q5FT75,6.948048659659397,7.104730118600001,7.025943471195207,6.891093699750887,7.08931902839608,7.011826995520314
Q8H979,3.741823845200354,3.5705614444513896,3.4787465445426013,4.324359454097312,3.583491121596784,3.739796481977688
Q8RHX7,8.321208554227365,8.106446664921014,8.178904718267638,8.0071009921112,8.145202221441329,8.151772630193708
Q8VPF2,7.626478130965531,7.955491258059307,8.022301344934109,7.945318729440144,8.022457086218395,7.914409309923498
A0A142G555,6.3340534342931445,6.607662461828953,6.181278930108787,6.714291955678338,6.268330230718676,6.421123402525581
D8IS59,7.121312008680722,7.217910404355998,7.1904706812411865,7.459259321942655,7.2333245612234345,7.244455395488799
P50250,7.442489594259964,8.0689318676336,7.599968010244497,7.897078067261838,7.442481358586435,7.690189779597267
B1MCE2,7.441713626821788,7.263450091583261,7.371544867874871,7.536670303638282,7.423447913997677,7.407365360783176
P18548,7.369331993378476,7.707158626551491,7.48387996138374,7.757950127757505,7.4335632150531685,7.550376784824875
Q9YI16,8.284157297284263,8.266891041611776,8.502680666296683,8.10254296357018,8.288199614708695,8.28889431669432
U6BYK3,8.388430885959854,8.191320204205335,8.190399987946854,8.135072843082586,8.33994397177937,8.249033578594801
Q9WZR6,7.585595123000777,7.512171192915863,7.585652556275236,7.039130443061778,7.7950121873276235,7.503512300516254
C8WGQ3,7.829069239533942,7.9733318200256615,8.07246730085076,8.029746256758502,7.829131403290513,7.9467492040918755
A0R6D9,6.968987401063971,7.121478080128957,6.9276905339817105,7.26946226542046,6.9531981285498174,7.048163281828982
A5U6Y7,8.056626708182364,7.908114714659247,8.071013991915425,7.698347575043145,8.138655948375881,7.974551787635212
Q6E7F1,7.095851070507059,7.39801888753673,7.528709236058149,7.541537114610671,7.225169523998888,7.357857166542298
T1WUT6,6.688225457106951,6.598650478542906,6.105696100059298,6.849533577340404,6.452246370253544,6.538870396660622
Q11205,6.428375945873706,6.326146591126866,6.3739220909021155,6.531736679819591,6.372926524144566,6.406621566373369
A0A3S7PMB5,7.956370354839305,8.0683688335367,8.234586745389818,7.609230892721936,7.973892137797266,7.968489792857005
Q3M5Z3,8.576947934936612,8.53594552795033,8.548063679172596,8.275032172515845,8.617340189126011,8.51066590074028
Q5BCF8,5.728034297900478,6.262705282151561,5.926294843221356,5.965084855905953,5.896336344080912,5.955691124652052
A0A0H2ZQ64,7.228953940620219,7.169008801882503,7.331652166056854,7.261004925629618,7.286802963477383,7.255484559533315
P0ABR9,7.570990865948601,7.571539691201287,7.571329177098203,7.620841779133373,7.4311771394508765,7.553175730566467
B3VPB3,5.366972980383935,5.005008520733498,4.974386126038383,5.060762603658783,5.116156930441933,5.104657432251306
A0A060IGN1,7.889482085424462,7.667232407724192,7.790635825024425,7.707446704811689,7.8894763871838745,7.788854682033728
Q9I234,7.602913924100873,7.754664964596309,7.602232876046829,7.793033675056695,7.581785146167965,7.666926117193734
A0A482EWM9,7.946059669392967,7.523523804046778,7.760760905544001,6.901812443543821,7.1495710872862706,7.4563455819627675
Q304Q5,7.471728782195022,7.4794391786090815,7.500000000000002,7.459076803738704,7.471734451660902,7.476395843240742
Q5SK28,7.124476544580639,7.25126177372114,7.329955492733046,7.41013681625705,7.296000154059421,7.2823661562702595
Q9AT27,4.8148451744698475,5.1001827387690035,5.054815591224614,5.0904626101891175,4.9536441912163935,5.002790061173796
C0C0X3,7.332878232067168,7.243254413114238,6.945239042071156,7.390836906230725,7.2673441240056835,7.235910543497793
H7CE71,8.078530953246709,8.005066982846687,8.079689745553564,7.865315820119966,8.080444407559002,8.021809581865186
Q8H133,7.5692039650285485,7.818793610580016,7.372319691683527,7.389076196068509,7.569101669224482,7.543699026517016
Q96YK1,8.358568062902414,8.478383486894202,8.80581536979946,8.121129699029769,8.69052622278313,8.490884568281796
P50293,7.347541462356038,7.427376250942175,7.334783443540076,7.446637643342947,7.327891450832993,7.376846050202846
Q9VIP7,7.629762549395737,7.472694699295283,7.629792850908221,7.3764551054618215,7.6109877339005925,7.543938587792331
Q9JHG1,7.358979081746676,7.302295929002578,7.397983813281575,7.1540664118175386,7.3589757246853615,7.314460192106745
A0A160PRJ4,7.3560021104071085,7.73813905327223,7.538533392451977,7.7734945880141515,7.088414433973897,7.498916715623873
A0A2Z6IAJ2,7.107744799107115,7.474911155519267,7.009714783522132,7.199160558971788,7.107606554597881,7.179827570343636
Q84HQ2,6.754361144639351,6.852224695445342,6.754352418301938,6.8131769918046645,6.754337826018966,6.785690615242052
P25323,7.552846388240524,7.527298425463819,7.552845801843893,7.534144070671851,7.657415376942764,7.564910012632571
U5D896,7.761645339267336,7.612918206444867,7.7837652596381455,7.515870105460353,7.9305712936562776,7.720954040893396
A0A1W1WDM4,7.359691910508112,7.265659535189085,7.373332057702532,7.088289249424987,7.440592915600007,7.305513133684945
F8WSQ3,5.704544548231097,6.1829351973134425,6.003125647291293,6.625485424662987,5.882027313181621,6.079623626136088
P35511,8.640148397494912,8.593879180238558,8.500802236446246,8.44567172944548,8.64017874495561,8.564136057716162
P06611,7.636385381879991,7.517527282148085,7.3647615731507345,7.439579290310591,7.432902808981328,7.478231267294146
A0A0H2UNY1,7.70381314034063,7.734534422150337,7.7680917259955,7.688190120155236,7.703815281527513,7.719688938033843
O57878,7.711388545246619,7.735089964250004,7.831932861244501,7.647943090733766,7.713368251658711,7.727944542626719
Q869N2,7.204783944166044,7.3206504935271886,7.466084002679329,7.4227289728230454,7.367547205474397,7.356358923734
M9NE76,6.596569503708594,6.556322297761621,6.775855428908396,6.880999210291392,6.775783951984476,6.717106078530895
Q868H8,7.421130587372679,7.113846260440257,6.939257096932005,7.753982044056679,7.192601177012354,7.284163433162794
P9WQA3,7.916743487387223,7.839470393245188,7.747225178409374,7.8794863020947075,7.883506190649944,7.853286310357288
Q8FZW3,6.540872756805761,6.4340775523330995,7.283807001694108,6.5875069657349625,6.42908906209518,6.6550706677326215
Q5UNS1,7.564905971202538,7.693991023533505,7.75797136653847,7.584346116667315,7.545986284272073,7.629440152442781
W5ZSQ6,7.717905742404881,7.574441867900979,7.858051187276737,7.317318801121705,7.766847647646128,7.646913049270085
Q9V0Q0,7.752383687188556,7.530336277930093,7.8172438819847825,7.668000986803073,7.453101719690153,7.644213310719332
Q5SKG3,7.219109933710269,7.2273951043201565,7.438715557696726,6.939525823348985,7.424068674151217,7.24976301864547
P09467,7.938356939646546,7.912415015065955,7.732993240026267,7.744175511557319,7.754031020988668,7.816394345456951
Q81X74,7.833610354262601,7.895100880298446,7.93557973194554,7.8780040579389095,7.751863506548707,7.85883170619884
Q1XAT7,7.91204155411228,7.896866420053437,7.947737674280627,7.840247242476418,7.899597107699111,7.899297999724375
Q3ZBH0,7.599817505109781,7.539387896884265,7.710759150139596,7.588302683081572,7.6570366060293535,7.619060768248913
Q9WWW6,7.583318232884532,7.531198850887171,7.583373875946705,7.507609553822841,7.583337543591105,7.5577676114264705
U3TH11,6.277112916436176,6.38700124201578,5.8222578013445725,6.773948222858559,5.822277470167012,6.21651953056442
D4GYE0,7.847614047809636,8.027205602965497,7.702382360824242,8.010336807798451,7.958522069236515,7.909212177726869
Q9RF52,8.492394794319045,8.301710137143806,8.453322632857638,8.00964060722895,8.05386357573001,8.262186349455892
Q9M1W4,6.858989853104935,7.004190337416964,7.01022776680689,7.556871972621754,6.829277629282901,7.051911511846688
A3DJL8,6.831390434870047,7.123215232388959,6.530362001363214,7.2007766698880316,6.354776696157581,6.808104206933566
P20142,3.6730380268916183,3.658049243643338,3.8493362676334746,3.762120800100852,3.67353966307381,3.723216800268619
K4LMW2,7.183917611348552,7.458068737992166,7.121942930094934,7.351713664200228,7.183918036455025,7.259912196018182
A0R211,7.995812128751524,7.894849244825788,7.995776977879968,7.796763069592908,7.995768849265379,7.935794054063114
O23801,6.58935549706502,6.535432687043188,6.485772261694353,6.548117672509052,6.698808997503567,6.571497423163036
F5Z5S7,8.259171419536822,8.380674542518356,7.948617237710907,8.327617256056065,8.09893494523392,8.203003080211214
Q5W9U0,4.740251953448352,4.591340601847908,4.696896588789011,5.086843641575377,4.584678991688401,4.74000235546981
Q9ZWQ9,6.725305988896108,6.899333437049595,6.956052408596914,6.899897974296091,6.725266155918455,6.841171192951433
Q56316,8.192800078877346,7.905476343349553,8.037265673044702,7.739792072767103,8.09988719239574,7.995044272086889
Q15382,7.733559429344438,7.507268194824966,7.733536102722364,7.384774822163656,7.571613940461956,7.586150497903477
A0A0H3JPH0,7.973468168678654,8.018421383411557,7.973498969015818,7.847754854261531,7.976149140815391,7.957858503236591
A3DD67,6.192510938170311,6.006610679333816,5.869092236927848,6.158505574600314,6.192416408188882,6.083827167444234
Q96XT2,7.703697083692963,7.81368441208313,8.143480279508003,7.652275325929462,8.26948824882182,7.916525070007076
Q980K6,6.4866413754782215,6.478319970347128,7.047676519331317,6.9239477714066435,6.8675239691229315,6.760821921137247
Q7YT63,8.247477108876566,8.086056938559375,7.860665780673629,7.73281452939382,8.055470882221952,7.996497047945068
A4IPX2,8.142739657424475,7.956203120538658,8.18392915262408,7.949747641772177,8.174955785002105,8.0815150714723
R9VY83,6.6265578626117,6.430856422798168,6.598872660937623,6.569301991184958,6.674010713645437,6.579919930235578
D4QF15,6.264126321656031,6.237519060814081,6.327444000582173,6.544885163622704,6.2642292018304335,6.327640749701084
Q6F4D7,7.465791696107555,7.437092380181773,7.59731345391265,7.451274861808312,7.512459538790337,7.492786386160125
Q8IIB7,7.610383421713942,7.600534262397147,7.595192319319289,7.4401282285057855,7.615594085353709,7.572366463457973
Q64285,7.411950037205784,7.50794347280114,7.411776343685798,7.434865147000455,7.46172456086046,7.445651912310727
Q5JFM9,7.595110904147555,7.606394137696803,7.595263814687067,7.965864445504185,7.599490068211291,7.672424674049379
Q9XT99,7.520503676718256,7.452850612938945,7.537806088405422,7.510571381146937,7.513525466266568,7.507051445095226
A0A0H2UQY4,8.44759196571402,8.342426906397018,8.43130151831682,8.006927815492611,8.423747332653237,8.33039910771474
Q5NII9,7.435889183868471,7.558013572616897,7.506791386028849,7.880444121813617,7.435712425419555,7.563370137949478
Q7S3U4,6.626819957869299,6.6633401501486444,6.707931229127852,6.782281106554647,6.630725268816954,6.682219542503479
Q8U0Q0,6.534211624952184,6.338217360267814,6.271666416222862,6.566333285311956,6.214785244472071,6.385042786245378
Q9Y119,7.5576415217790425,7.651360527823647,7.853291414506126,7.718521876085852,7.557639033793525,7.667690874797638
Q8RB32,8.086871705398531,7.2554527566976965,7.633099365960591,7.542315949541243,7.505536660134378,7.604655287546488
Q7YRG5,7.40368281925724,7.451762769479871,7.403120923620693,7.488853295533238,7.329582242565833,7.415400410091375
O05268,7.336324393063588,7.231909693988854,7.445974035308566,7.323916291999072,7.253578933294985,7.318340669531014
H9C9P0,7.17443417839833,7.168987661504479,7.174416830249918,7.128757110517241,7.174466326329785,7.1642124213999505
Q86ZV0,8.586280395162925,8.308493867540054,8.586687494513868,7.727137092656891,8.320304333247886,8.305780636624325
Q9UKR0,7.878957288122195,7.768287095456125,7.891139841132476,7.716567349022899,7.854089835871952,7.821808281921129
P74334,7.752574879405591,7.824099078298693,7.968476450359294,7.638519357425061,8.028740373405977,7.842482027778923
I1TIJ2,6.1447918255743055,5.716298803024927,6.144802033966538,5.818355498129674,5.809472401085634,5.926744112356215
Q9RBS3,7.598773222758472,7.598367134092062,7.73186353964,7.61783181935208,7.619207482204402,7.633208639609404
A0A1S6LQU3,7.73589263557155,7.712299439204656,7.7358753398941955,7.661932605396117,7.796269160523408,7.7284538361179855
A9QVV8,6.520611659392761,6.599125915602613,6.586347976487758,6.8643663055448,6.7356868407589525,6.661227739557377
B2KPR3,7.71041571998345,7.73458002823318,7.594991204357306,7.594137035142258,7.706032282753275,7.668031254093894
P19113,7.804796498010214,7.859120046301585,7.796855819512743,7.671238795329847,7.888897936024934,7.804181819035864
O86428,8.19318781338161,7.870345537482286,8.193209415768882,7.895862352541035,8.324748662409707,8.095470756316704
Q58761,7.590616349095923,7.489497214868018,7.365603158915428,7.309380553714497,7.558946666448597,7.462808788608493
Q2WGB4,6.437192673163079,6.134032096785138,6.055353507258421,6.118295416112913,6.3218902906326395,6.213352796790437
Q50EK3,7.458145965463189,7.3798739068834776,7.420747705232965,7.446519362330888,7.474038321457331,7.43586505227357
A0A023MIF8,6.424931892312348,5.6728052326179945,6.370513038739427,5.853402208607023,6.1276482670226695,6.089860127859893
T1SP91,6.1302527455992974,5.452089676011254,7.189956263185906,5.974609330677862,6.149787424604174,6.179339088015698
P61615,7.030467568098329,7.203029483976056,7.097512096064872,7.339831319018732,7.234427780321242,7.181053649495846
Q84F26,7.4853094745011495,7.835343421372557,7.513692537757202,7.679673795265198,7.485358970123847,7.59987563980399
P53759,7.588851128796574,7.476648301387374,7.800751974511999,7.492279025472072,7.56186009988309,7.584078106010222
A0FIP8,7.444559984987514,7.388319744319611,7.438722601383343,7.442380991299459,7.413714469759202,7.425539558349826
Q0GE18,4.7338620817033155,4.590422953515434,4.808153392163656,5.543878886357405,4.688244866353715,4.872912436018706
Q2G8F3,8.04842457305547,8.110231053556973,8.048352983211071,7.753817693758573,8.048328675172495,8.001830995750916
Q8BGL3,7.48971762605369,7.445716516646088,7.5141678618971435,7.471408867429543,7.489686352998939,7.48213944500508
A0A0N9LQI1,5.461617798629921,5.298296063027585,5.359839810337941,4.979793888378597,5.409028551760697,5.301715222426948
Q9HQQ9,8.254889064875453,8.306348931243004,8.254885435401368,8.042783333352146,8.018640933997707,8.175509539773937
Q8GR90,6.569053778564476,6.315269330702385,6.718476628789224,6.448776317226132,6.052408298406992,6.420796870737843
O74634,7.9019846948605545,7.855698728739577,8.04661186039028,7.607537411932047,7.975824994304748,7.877531538045441
U5NDT8,7.555004166177216,7.566391867592958,7.54051029184127,7.407700994533066,7.612146843273591,7.5363508326836195
E0D7I2,6.395209460709697,6.3392730690134655,6.6471414740223365,6.597646213718516,6.594260325743626,6.514706108641528
Q89VT8,7.559472163670754,7.685988716249637,7.535882284520031,7.78680300722228,7.805694303009943,7.67476809493453
H9BZ70,5.3971138766761575,5.366394333571241,5.419786537456278,5.217591192502655,5.4204879649088875,5.364274781023044
Q02890,7.742618751334418,7.64627334854364,7.7075625702735895,7.506508140687298,7.653175002793979,7.651227562726585
G9JKF3,7.831032243859775,7.750823258712879,7.940581978180514,7.459212572615186,7.847875240427054,7.765905058759083
C4KKZ9,7.917990539914558,7.747404995107664,7.424379430339469,7.513789039088018,7.82409827781097,7.685532456452135
Q8WNR3,6.008506368108214,6.282963400892992,6.14815425276647,6.500870451364633,6.06574939357591,6.201248773341645
Q539C0,6.149460727230755,6.702831855240908,6.777047925308716,6.307096343659664,6.5110806066642715,6.489503491620863
O59089,8.065486329447701,8.0325819275328,8.06021771866567,7.831347995639946,8.02636407783932,8.003199609825087
Q5EG61,7.281944901064838,7.226924549014147,7.350911951445639,7.365237886112201,7.339499952384004,7.312903848004166
Q12051,7.386839701787386,7.487886250736779,7.516192714625723,7.589254126290434,7.523794588980738,7.500793476484212
G2IKV5,7.919419629969282,8.29262082322661,8.214978568790944,8.644210386313944,8.27139342106333,8.268524565872822
Q6BCL7,5.633083808952305,5.6193514490747365,5.522126820679201,5.487107356269706,5.733588039234991,5.599051494842188
B6ZCD8,8.511781330041659,8.01711460202231,8.229307044500528,7.81555072634448,8.339935101041451,8.182737760790085
A0A2K3E3Z9,7.248406963201782,7.583931889792633,7.2484692079884185,7.527348286261019,7.50093252736879,7.421817774922529
F4JKB6,7.449429329490023,7.5181493104993935,7.80747235587198,7.458803555824278,7.6780670905217105,7.582384328441476
P36667,6.970672467012836,7.162640663217146,6.970626398730578,7.379105210362643,7.195168004145214,7.135642548693683
A0A125SUY5,6.770373636303036,6.616775196125263,6.761152280606491,6.91116788211764,6.774231428064223,6.766740084643331
P11569,7.072904764142982,7.375305040945195,6.976201821846595,7.453393894248065,7.0729275809283845,7.190146620422245
P83218,6.0460292695963735,6.125137227445024,6.136456192111862,5.562062977362438,5.8798124932346445,5.9498996319500685
Q9FXY7,7.4284642837436365,7.534059066604912,7.464628355051059,7.2990257721840885,7.468462659763729,7.438928027469484
B7JBP8,6.847971256032853,7.089809491049403,7.1702236437667315,7.4929141630035,6.847980088066836,7.089779728383864
A5LHX0,5.959668141234713,6.224784768541466,5.92607580978307,6.620027645933704,5.925996293998185,6.131310531898228
P81428,7.722100026169367,7.776576578020268,7.811038618645519,7.588248399907777,7.699648214119265,7.719522367372439
Q4KGW9,8.206208038433925,8.244387850782388,8.165342760531871,7.775235218753197,8.40460558584403,8.159155890869084
Q9LFU9,7.300359338385357,7.410645256545372,7.577557015482484,7.465392995164931,7.174174529258156,7.385625826967259
C0SJS3,7.491086288752476,7.441498562199484,7.491105493863637,7.490146162332748,7.419867791108419,7.4667408596513525
A1C3J9,6.6231132038108305,6.321959584223676,6.2092180370465915,6.191045274256931,6.461042100459489,6.361275639959503
P27305,7.728992753273235,7.608271244919735,7.276072390792023,7.4983156793002355,7.769176101371263,7.576165633931299
Q91V26,7.330319252090021,7.132086718711257,7.06724664409323,7.127707279474918,7.076347306984658,7.146741440270818
D3Y5L6,8.627136438885053,8.580256714736237,8.49701632352909,8.487034793297175,8.627166378722624,8.563722129834037
Q7B8C5,7.03333304739091,6.799999546246752,7.033333065333744,7.033332969073018,6.999999490124494,6.979999623633783
Q8U3L0,6.954565512854501,7.518507436776705,7.579902715755166,7.1280239838870685,7.146447178398922,7.2654893655344726
A0A4D6BS73,6.033437403814591,5.959227522672254,6.08353094756667,5.938032345281763,6.0335101938174205,6.00954768263054
P49459,7.533970478094299,7.499999999999998,7.534650518801279,7.465840297144282,7.533894133779861,7.513671085563944
A8WBX8,7.44027583380091,7.55773792930568,7.5819121339877675,7.803861850426874,7.734463286322485,7.623650206768742
P63086,7.499999963783089,7.412494823072853,7.477893225946813,7.499999912041188,7.395557729721716,7.4571891309131315
Q9FHA4,6.027005708080901,6.446042297707011,6.507023825842479,5.8146377704611805,6.5071894482516655,6.260379810068647
G9D322,7.801690593050444,7.7679530536318895,7.922113781608319,7.767576132141697,8.013220576836385,7.8545108274537485
Q5LS56,7.768436889283185,7.338403466325439,7.737553509860424,7.1728261230345005,7.637435220207044,7.530931041742119
Q9SPP9,5.858687598792303,5.549354842661868,5.79136282398799,5.774062690240615,5.586630876844517,5.712019766505458
P32359,6.618431709813873,6.43853095989479,6.719172069862878,6.462254560062033,6.430336087689573,6.53374507746463
D0QYM5,7.344988800707537,7.351593424246395,7.2679373768167785,7.001441174877138,7.389424488449376,7.271077053019445
Q13557,7.771200460815656,7.636049154833087,7.668026438756603,7.620128398906017,7.778943749173176,7.694869640496907
Q6PLI2,7.772296189524792,7.8088736600880395,7.834746483433989,7.82712145401959,7.7924144902308825,7.807090455459459
Q4AE75,5.682128430507244,5.574406859285207,5.917086343712057,5.730270104660388,5.78453983307518,5.737686314248015
Q86UY6,7.769543690282143,7.62169657496717,7.686212880413632,7.3559846680176095,7.671827397061039,7.6210530421483185
Q41510,7.759153129887849,7.6857618006940225,7.616578261149313,7.821381560653944,7.791567608283569,7.73488847213374
Q9BRR6,6.2927745812480325,6.3773884842512665,6.294795689512363,7.103250087890813,6.406804165741094,6.495002601728714
K4Q1U9,7.29443587184603,7.339913874070409,7.519274046715619,7.0792464965001525,7.504810416177216,7.347536141061885
Q6XMH7,7.0980789880892985,7.2763030454629245,7.153117124252664,7.611007481883288,7.074199722344083,7.242541272406451
Q9NR20,7.384982858913143,7.366680677818215,7.354866798670412,7.446330239494501,7.51239780750937,7.413051676481127
P03956,7.624200013925202,7.771315933404211,7.624222121351753,7.479187758969955,7.752253869330548,7.6502359393963335
P54495,8.210191352430558,8.460960752128438,8.173926041359993,7.9880512312742225,8.448325154537415,8.256290906346125
Q90W31,7.483576789238546,7.32104231388527,7.3963026578061974,7.277407229524905,7.470636454230385,7.389793088937061
Q9TW03,7.318129951254184,7.192936858583349,7.327587175773419,7.2659169539371105,7.407171525154499,7.302348492940513
H1ZV38,7.462566498896812,7.263225689496172,7.897032714919982,7.6089120905867595,7.494321310060797,7.545211660792104
Q9UHI8,7.628767421376506,7.623660276337725,7.623233472190362,7.354421135491579,7.628808859935826,7.571778233066399
P0AFI0,6.836537312930812,6.693220335952853,6.836449902045055,6.882446963202336,6.536613502689315,6.757053603364075
A0QX60,8.374904153249249,8.226554616323652,8.350027235222766,7.591331524004305,8.352400611099753,8.179043627979945
D3JV03,7.59390967650063,7.639594621275568,7.492896108952656,7.697230556332157,7.49288143189496,7.583302478991193
P72579,8.489323247967048,8.344825200239075,8.399531518704617,8.3208940359325,8.484040022861056,8.407722805140859
Q04179,7.953107150421721,7.823319772252515,8.011841535138538,7.861566819110568,7.76169220317909,7.8823054960204875
Q6XMT1,7.440574329971226,7.287783955053119,7.347379809591302,7.381059171971543,7.347379220161765,7.360835297349792
D2QDA5,7.43720158786623,7.577369006435603,7.437198189595584,7.533084235659852,7.416605317705996,7.4802916674526525
Q97VS7,4.243205595638353,3.364420186420898,3.105604220272017,4.149351066809166,3.8486457825135023,3.742245370330788
P16692,7.065698152158801,7.6307016692920895,7.687548047977885,7.352816665612977,7.687516909741721,7.484856288956695
A0A411PNH6,7.213030579056349,7.193125802963483,7.238816919041775,7.177036550311539,7.200496172784801,7.2045012048315895
Q4CQE2,7.538717361763896,7.513374174077048,7.618708648695173,7.644076041328975,7.531995817787817,7.569374408730582
P10860,7.44045972525006,7.473984471576799,7.440471426203193,7.541294870546738,7.4490695334960915,7.4690560054145765
A0A088T0J9,5.10315645041806,4.940180784583078,5.030627914680518,5.045838992997614,5.030779933643633,5.030116815264581
E0X988,6.335326029550514,6.7445316804246005,6.425747949775121,6.84814580701263,6.475960821356114,6.565942457623796
O82549,6.119190586214038,6.194248394200586,6.039455391601364,6.238180679826647,6.149680638424885,6.148151138053505
Q8RHM6,7.548121210903033,7.9850342302569715,8.039501592290499,7.7422039127829025,7.541227098184141,7.771217608883509
A9BPK4,7.619418339571135,7.726458786496635,7.7048186460428605,7.749125549736059,7.672715125112346,7.694507289391806
F9VPH0,5.112650721130266,5.693622697751033,5.643382802468746,5.976114194452744,5.112655026290713,5.507685088418701
A0A075Q354,5.701661250174642,5.824181479584966,5.704508024708269,6.0591421457600285,5.6642068662201135,5.790739953289604
H9CWQ0,5.799190803590003,5.383494961341709,5.964930144989948,5.592052661390345,5.690458944902417,5.686025503242885
P53449,7.186838780671721,7.303161051074755,7.567714217811501,7.4046164415537445,7.186823094976124,7.32983071721757
D6MZJ6,7.428401174933743,7.205529381293458,7.158113400889013,7.138112443136317,7.4142340662717405,7.2688780933048545
Q1J0W0,7.449234344408963,7.343208772434994,7.335762530989658,7.156900985525945,7.211401770207873,7.299301680713486
I3WTS0,8.469139898989873,8.396347874717724,8.513706929508098,8.040552701163332,8.5501347310721,8.393976427090225
Q9VSL5,7.460486307696804,7.576887907879721,7.472944864124861,7.622855597782514,7.588616010641604,7.5443581376251005
P19157,7.403177265423618,7.450664541790818,7.403169654936288,7.376549980613273,7.389320184703511,7.404576325493503
P00352,8.765528781505813,8.987864207859968,8.632171222768,8.802591628045933,8.748658652704634,8.78736289857687
P13988,7.724038680304753,7.765447078843425,7.710713848360702,7.825065430995601,7.790303580975468,7.763113723895989
Q59119,8.012643297341382,7.920327280485787,8.092421547662191,7.752552955220796,8.083869296679747,7.972362875477981
Q12535,5.115262626373467,4.444374450981744,5.11241730399887,5.0173242755871765,4.259759865702861,4.789827704528824
P00729,6.489838514034978,6.1772752571088505,6.489848453264016,6.0064705133313465,6.579402787577025,6.3485671050632435
C9WCQ1,6.478451745273295,5.797231348447089,6.485309465582575,5.921142814666169,6.235766572947761,6.183580389383378
Q94C06,4.917474782553462,5.024058284338366,4.887545305904614,5.231520918268473,5.083830004895034,5.028885859191989
B9VTP5,7.98857455883266,7.9645714000742505,7.98860782852188,7.789466349330944,7.949350271977071,7.936114081747361
Q6DNI8,7.562078713591535,7.5968849519156425,7.701071233792467,7.567664728823526,7.805942645293365,7.646728454683307
F1CYZ5,8.061478420839165,8.118753759082477,8.160554113743371,7.955987763528704,8.454315369925485,8.150217885423839
Q06HA3,5.221214180352847,5.960957021162875,5.759614230484937,5.987880760395148,5.641800120224413,5.714293262524044
C7AQY2,5.638172988426677,5.864439483564748,5.984240019986796,5.83926061911423,5.84318942590872,5.833860507400234
P9WIQ1,7.4343043873450005,7.489185641303671,7.350804571626548,7.662964704898168,7.463794618341548,7.4802107847029875
Q9Z4N5,5.62295308642437,5.79762678495652,5.985517026286446,6.207452179279434,5.622816097888767,5.847273034967107
Q9XCW3,7.639543872763616,7.6256834139998455,7.681962328122525,7.450990049486025,7.582972905365656,7.596230513947534
P17988,7.549417442905334,7.477153648418014,7.545254218251352,7.531396794287086,7.523242622669365,7.525292945306231
Q07010,7.570878706399937,7.758246076296168,7.633962197190549,7.6007205937732145,7.575723351540689,7.627906185040112
P31941,6.8050055784438905,6.980708054037274,6.805189340894075,7.240698489282118,6.805004102242651,6.927321112980001
Q9QYT7,7.060601032236715,6.93168695234188,6.7816704750645815,7.08320530373544,6.6371653230826695,6.898865817292257
W8QMJ2,7.080862873848894,7.056494684603356,6.972656982678833,7.176249060796362,7.108111271468065,7.078874974679103
A3QSS7,8.24849936754855,8.091004770912074,8.128649516176473,7.814447639331853,7.998408482013153,8.056201955196421
Q8YG38,6.78390578793886,7.035239711299859,6.926911987112526,7.256208005883651,7.128314279630118,7.026115954373003
Q7JNQ9,6.424463885658817,6.908139755511851,6.436355877366776,6.576053395268716,6.5855996793692775,6.586122518635088
Q7Y0K5,7.618887257499038,7.844478829860451,7.811407923613178,7.071372568760027,7.820475617687277,7.633324439483994
Q970N3,6.66171667185498,6.748013210364596,6.661690881495922,6.896265833861647,6.456285946919081,6.684794508899245
A0A4D6BQ82,6.047379017275504,5.958502303196585,6.043290588791904,5.988962057058602,5.95285439185938,5.998197671636396
I0AZ41,4.798514612829937,4.7076956209039595,4.708251618324019,4.986166388471113,4.673974172777539,4.774920482661313
A0A0H2ZNP2,7.511955742884204,7.392086779068969,7.512040220092779,7.4367323475011355,7.511999431009301,7.472962904111277
Q8X176,5.486463660739111,4.924702026247684,5.726207656463519,4.780083869120856,5.8851329933483765,5.360518041183909
V9PD44,5.5294473217315,5.706638679348922,5.548640746781129,5.489004476665929,5.800442837702933,5.614834812446082
B9X0I2,4.748365988086635,5.077185581347254,5.284366914973514,5.258652794143796,5.877539312654161,5.2492221182410725
O08709,7.2496434934374925,7.107576688508411,7.376995004363004,7.440816258762387,7.2139194182208195,7.277790172658423
O54161,5.839240739790049,5.905471524951281,6.0819212668036595,6.028257730007079,5.552840611434761,5.881546374597366
A0A140N5X9,8.176380083937794,7.916378549966012,8.038178429835876,7.877206067486167,7.895775863687781,7.980783798982726
Q8A711,7.91033905726322,8.057930574017435,7.7760554598024,7.914579921829889,7.9102966352374136,7.913840329630072
P0A746,7.567578676677003,7.6308045707942975,7.560892996760072,7.920811848016219,7.350836054450798,7.606184829339678
Q58085,8.220726490910797,7.93757436745799,8.139571009297315,7.773634485307768,8.234812564604445,8.061263783515663
I1W007,6.085336409856329,6.314741188212764,6.085308483384281,6.331563962606713,6.2772509966365675,6.218840208139331
Q93107,7.279462849245266,7.415448501975161,7.408471523244726,7.50606309745377,7.408171075852307,7.403523409554246
D6EQU8,7.954448247361696,7.9652335148214215,7.880492890960193,7.264302137627481,8.15634786593013,7.844164931340184
P16930,7.331599236359131,7.396833710126539,7.322167498598494,7.812132271795213,7.331705183026684,7.438887579981213
P94552,5.91738562302095,5.958202189334669,5.917459182103748,6.3473972590391625,5.896927152121978,6.007474281124102
Q86AD9,7.616205352540814,7.526431390393748,7.60823846110288,7.712368472854482,7.755556380078431,7.64376001139407
D5GRP3,7.06797926694135,6.3971725101992245,6.912352915806692,6.303808145284517,6.986625122180314,6.7335875920824195
M9VU49,7.735432590272905,7.506276611506696,7.56797980076346,7.562230247475954,7.616107214808065,7.597605292965416
Q8TZW1,7.428027318119222,7.62342708087332,7.505872006619508,7.598610340348182,7.683579958331273,7.567903340858301
B4XC07,5.927192358668279,5.922568641190342,6.264037600863575,5.5213953208937845,6.156865556536501,5.958411895630496
P36419,7.010013164101668,7.159031309627803,7.222862383224255,7.0370440990391145,7.210357465658296,7.127861684330227
D4GWT7,8.004318019049304,7.807385320080443,8.004385955956252,8.145584686636921,8.076928940529513,8.007720584450485
Q9UWY6,6.957438640240527,6.82982318313408,6.401345502657918,6.687285793267036,6.401237777768607,6.655426179413634
Q5JHY2,7.482444242863122,7.387228657087726,7.449340927214404,7.349483930325484,7.496843494944498,7.433068250487047
E0SDR9,8.499999675680632,8.499999330726627,8.499999533009406,6.66052364341125,8.499999619010145,8.132104360367613
Q9K498,7.6511631026449285,7.719646375834729,7.600554530834423,7.559195127937537,7.633980555601312,7.632907938570585
Q8NLB6,7.5420714280656584,7.564406975507584,7.617576206929539,7.635606953587458,7.542074448120531,7.580347202442153
Q03Z32,8.156108132759474,8.394048028210056,7.603659937205451,7.844191285453915,8.406507759691968,8.080903028664173
L7Y2Z6,6.5343486794083505,6.318451576610402,6.250336667046283,6.350556056515121,6.471086822861902,6.384955960488412
Q9UV68,6.588734393215783,6.663166142395532,6.918614362841783,6.145327680668373,6.1231781242650305,6.487804140677301
Q93HX6,7.0646574910348745,7.089333043887195,7.0624098820678505,7.463812864888036,6.894901478386186,7.115022952052828
C1KGU6,7.567517602101835,7.590637191242274,7.567505606847123,7.595876653245344,7.598193832081343,7.583946177103584
C0HK05,7.966020381609443,7.580670726167559,7.9106696246272605,7.064652742667421,7.646798940952913,7.633762483204919
P9WQB5,7.760928454352021,7.496893370147929,7.856160809659701,7.84224781253036,7.644687862677945,7.720183661873591
K9UV87,8.160027259022815,8.54190934832035,7.996230269798652,8.663897114563213,8.028978413280564,8.278208480997119
Q05509,8.177857733515719,7.766676610998767,8.205228114989861,7.519981500889267,7.722204140103657,7.878389620099453
P0A9M0,8.15305864997053,8.223598753323715,8.018653980174138,7.875620475926058,8.15522216877931,8.08523080563475
B2BBY6,9.431644005302491,9.539632134098065,9.338180514707487,8.924727437202913,9.5055888458203,9.347954587426251
B1P195,6.4088979032170945,6.176093758160979,6.408926183047457,5.992120033652277,6.335761855025216,6.264359946620605
D2D3B2,7.450652538064496,7.66657294020041,7.8090650653187845,7.865460073694146,7.8491500090463715,7.72818012526484
Q9F0Q6,7.40291475127265,7.503899851922505,7.3774526766576045,7.547705521872936,7.5522799494868735,7.476850550242514
Q09735,7.927942000242566,8.066685178914506,7.9286789849798875,7.983418328354561,8.075075455929843,7.996359989684272
Q8L208,7.231147357065222,7.231528178698243,7.161304573487675,7.179188708073113,7.091079930015709,7.178849749467991
P0ABQ4,7.001785620053562,7.085091277310655,7.097719654840267,7.270409486509255,7.001794878870951,7.0913601835169375
A0A1C7AAM8,7.276294449603768,7.0635212655866395,7.223791972027191,7.23442187757777,7.276274903750628,7.214860893709199
Q92MM4,7.414309658707156,7.557905400925832,7.416400847181707,7.631404016380467,7.473943092686756,7.498792603176383
Q45NB5,7.532607084066179,7.551951431360495,7.538114774573473,7.573349818353884,7.532608395746924,7.54572630082019
Q46948,7.531854206231052,7.666818084628619,8.005377502258998,7.680571532252287,7.5320974954778,7.683343764169751
Q5H7P5,4.8816446731409,5.037714080220398,4.940596713630143,5.709026134539363,4.881665194138985,5.090129359133958
D8QTR2,6.860231872358232,7.010456371641026,6.86021160484308,7.263054139099645,6.860247954341567,6.97084038845671
Q9LKJ1,7.935266828095528,7.8979877672406955,8.008860375904716,7.708416063839268,8.010471446147175,7.912200496245475
M9PLY0,3.5530896028537757,3.9272146602131746,3.899028756103411,4.387062238311882,3.6806565042775174,3.889410352351952
P00518,7.587262305695768,7.515574426986351,7.58726228065522,7.521805817991911,7.596890265644289,7.561759019394708
Q9H832,7.504218777190438,7.479901081032405,7.426843171536399,7.541238575823151,7.51581671070641,7.493603663257761
Q9KJG6,7.361734299502319,7.1985846163057285,7.3617806480301,7.262674532888576,7.056197780040279,7.2481943753534
P53965,7.406977280655671,7.803053598687532,7.4550781886114965,7.736863897501069,7.440585762670992,7.568511745625353
Q9URQ3,7.737462756464854,7.683717580317277,7.888656323855676,7.492110360655693,7.484691371655176,7.657327678589735
Q5D8X4,7.481214708952665,7.372710108840977,7.481229115604178,7.220024813802785,7.397502404108817,7.390536230261884
Q9UJA2,8.225172834495911,8.053066680744214,8.10736249563907,7.905431933700099,8.11035643224717,8.080278075365293
A4LA85,7.134329026784296,7.28415161046597,7.436309050110313,7.371937660286467,7.445220107116022,7.334389490952614
Q9KZP3,7.7787802895937785,7.635652516506761,7.723675789796944,7.820626459414304,7.723838787840151,7.736514768630388
O15111,7.5200206719518725,7.4224262557015654,7.52004980734928,7.417033304769923,7.520039612107598,7.479913930376048
Q94KE3,7.265469786288572,7.4463297919505544,7.701639150527772,7.46889547764077,7.701537144743191,7.516774270230172
Q7PCC4,6.290889319562854,5.356971588148251,6.0470670921848,6.2505848812445715,6.047174724685184,5.998537521165132
Q58HF4,5.56250885254601,5.446196452949142,5.301526511878848,5.560073809420173,5.4345849273146465,5.460978110821763
P27356,6.9269590085694395,7.22431163088876,7.409100933205671,7.087076389881542,6.878365344899632,7.105162661489009
P39077,7.790649739445106,7.770529299093084,7.790624853292342,7.756435723579888,7.85146539048172,7.791941001178428
A0A1R7T3A4,7.654800929407927,7.6809801781682525,7.485911597979839,7.653872176646031,7.65479946605477,7.626072869651364
P23103,7.604580978367664,7.7347054383581275,7.722579204836198,7.716510828442371,7.98784837965332,7.753244965931536
Q67Y55,7.568927593120646,7.681607762477533,7.963157194612065,7.197467217976542,7.698067053393122,7.621845364315982
Q80ZG2,7.601974361201676,7.463106942210192,7.469831165731371,7.359921554309914,7.508179958176651,7.480602796325961
Q0R3W5,6.142371064358456,6.172231808865388,6.142272141799387,6.235693854964699,6.040199850374184,6.146553744072422
H8F9Y0,6.600169828303881,6.464324197403947,6.591448379321255,6.68731543969387,6.600160557161106,6.5886836803768105
P46395,8.948854954419451,8.854194151211006,8.614990057745889,8.01454638367538,8.948730156618522,8.67626314073405
P72587,7.939241028545701,7.8033972092181,7.939293051839736,7.70883227677519,7.939254178485576,7.86600354897286
Q9NVH6,7.179746539461388,7.225008498078053,7.179789409520249,7.281930672759646,7.179775347145149,7.209250093392898
A9ZPJ6,7.297139219993314,7.38866866617657,7.327401009695217,7.088710809716099,7.23907961375914,7.268199863868067
Q8L7K9,7.195487335562121,7.112603087338196,7.148972535053933,7.267354828539741,7.32561104102401,7.2100057655036
Q8GSN1,7.506812181766629,7.576761134078843,7.497598877249237,7.611381815093044,7.497581473959368,7.538027096429424
B9VU66,8.631044541352283,8.605861795046795,8.512291083963733,8.469456270333731,8.631080428603772,8.569946823860063
A0A076N8Z0,7.607894836614557,7.256177322045036,7.607957219724442,6.858210608698679,7.207819195732964,7.307611836563136
Q1XBU5,7.270654306367607,7.195223048251432,7.270777942867316,7.306203889109536,7.12560908146761,7.2336936536127
A1A5H8,7.333007633479535,7.323569190112655,7.332990773340407,7.439982268384751,7.298352065397047,7.3455803861428794
A8C781,7.947744887870366,7.687579417350662,7.957339320939371,7.598016985443839,7.469511414161481,7.732038405153143
M9VUE0,7.002877334460353,6.992654190368659,6.949143391294212,6.933563410002462,6.957527727025398,6.967153210630218
P30431,7.740795358113943,7.662402706227685,7.736259482257719,7.464814636732685,7.719060553171257,7.664666547300658
P24481,8.703929375856752,8.602356158788506,8.500978319948242,8.475253287540603,8.703933783140979,8.597290185055016
I3PML9,6.0416356833396705,5.426274839460643,5.824333960226827,4.822504616731253,5.894927086831034,5.601935237317885
P78356,7.41260029253276,7.2509407268042025,7.412525854096924,7.42387361177449,7.412570487083199,7.382502194458316
Q93AL9,7.0883544802509375,7.1687297076514005,7.199157901889788,7.588676585297362,7.259878877512567,7.260959510520412
O54857,7.5330761612182195,7.432594189686193,7.523462353684432,7.699166482351732,7.5234615278548125,7.542352142959078
Q9AJM0,8.106992287373624,8.215558986731157,8.505429992031745,8.303735089278918,8.437494273863866,8.313842125855862
H9BIH8,7.106109035287633,7.118021456435895,7.106004686202698,7.307497595657699,7.107001394626492,7.148926833642084
A0A127F6U7,8.09610793021542,7.961721752830213,8.159579139937602,7.717822876758135,8.191556006818171,8.025357541311909
P18394,7.520841266289752,7.562540087395868,7.70947712053014,7.695794130987068,7.676385121119594,7.633007545264485
Q67ZJ4,7.451799237577654,7.588349363052022,7.596459900151204,7.596395677719127,7.8104847600796905,7.60869778771594
P34210,6.969566820006593,7.16982556145476,7.087306882430737,6.987189260276006,7.120512677766658,7.066880240386951
O02623,7.449203469189207,7.453027859734557,7.491646795401861,7.566033449996254,7.5843418962720355,7.508850694118783
Q88AH6,7.776009738518116,7.755156103412836,7.776001514469113,7.801780213678559,7.731046734826074,7.76799886098094
P11928,7.400000000000002,7.400000000000001,7.400000000000001,7.380076008181852,7.399999999999999,7.396015201636371
Q97YI7,7.272916104485429,6.787206100581682,6.909790690979048,6.7816997970424575,6.977264611976544,6.945775461013031
Q8RMD1,7.913777410916555,7.889540478445065,7.9126909720837455,7.77494880154537,7.912711038854822,7.880733740369111
M4I787,7.383946748703979,7.679146516414746,7.752158982330326,7.578179265560992,7.788382477070323,7.636362798016073
P47897,7.6478237577763215,7.655815297270405,7.591278003915319,7.683686197408875,7.647819398572536,7.645284530988691
Q9Y5Y6,7.582401084575548,7.684538126882434,7.582473725929054,7.43868508904971,7.635682898700601,7.58475618502747
Q80A58,6.556139333541876,6.7886606182233535,6.554002295131994,6.994281123456367,6.898081541464139,6.7582329823635465
G4U3G8,7.504263193285785,6.875989801923123,6.967505250004547,7.3830835235631165,7.50430514531257,7.2470293828178285
Q8VWN6,6.885608887099775,6.557643724105831,7.013231371195949,6.831625795646031,6.9736396314061135,6.85234988189074
A0A158RFS7,7.513127945734467,7.6594804946793085,7.587220953015717,7.718641680782815,7.6560260357821965,7.6268994219989015
D5L1S4,7.04244107502656,7.119629527346798,7.056576974701002,7.073201162280064,7.0261270610060045,7.063595160072086
A0EJ12,6.794023142976035,6.423302577562501,6.79410195094915,7.185085880561368,6.794044194485439,6.798111549306898
E4QP00,7.593980135262894,7.647834326337558,7.561031967409018,7.7005769355838884,7.605392231487429,7.6217631192161575
D8L2Y2,6.7843555242825095,6.898810411043852,6.611363727154912,6.360733413517178,6.953955805495971,6.7218437762988845
Q9Y749,8.005598682618496,7.783309414361251,7.870237191429762,7.103063325920181,7.604095109069112,7.6732607446797605
Q12629,6.47290354607322,6.600424404763693,6.472881867705439,6.682299212691034,6.4314812059733635,6.53199804744135
Q5W503,7.200000000000001,7.118551681407527,7.348449325581136,7.500756391489008,7.348321030550667,7.303215685805668
P25774,6.246939227373997,6.213199412762366,6.182729797579608,6.532616751602924,5.981571490528667,6.231411335969513
O60235,7.72060611992517,7.793973159128625,7.890887270699648,7.652207934824785,7.959597190502262,7.803454335016099
A8C927,7.5869336904581886,7.483775254550215,7.801451136562641,7.291499897626595,7.693764317900374,7.571484859419603
E3SVR9,7.774582636497114,7.991039340762997,8.056896601284556,7.76734762565604,7.855176677123382,7.8890085762648186
P55135,7.585439784832519,7.615341577487335,7.480615772301309,7.490654649152789,7.585458650776397,7.5515020869100695
Q8GMY0,6.796192659880956,6.741109975727362,6.796409902534667,6.594666318468965,6.807324375920779,6.747140646506546
D0EPY0,7.240410764925288,7.336248550770474,7.239887639906537,7.590062421925463,7.418536560704639,7.36502918764648
C7FF05,6.59527204532827,6.568187161419786,6.595088528210003,6.064573832153887,6.474456960504045,6.459515705523198
P00374,7.585926785235137,7.692291258741615,7.692839616754836,7.507423912503971,7.692853958812697,7.63426710640965
P08253,7.705576894192695,7.734038731693395,7.705596551953216,7.479558626944146,7.717593100382279,7.668472781033147
Q8RAK6,8.367491168982374,7.859927791529212,8.673628599568138,8.116691711073747,8.676743710607049,8.338896596352104
P06622,6.935792517136878,7.671023249171826,7.083092794718959,7.187568810677939,7.041867698494837,7.183869014040087
Q9FPF0,6.934706887320508,6.891890454758646,6.823307891634332,6.8250331879885815,6.871334733037107,6.869254630947834
Q96551,7.783065844298636,7.740191326526359,7.822687744305081,7.733605809352879,7.783071287133846,7.77252440232336
O43252,7.645878653496553,7.699376671091271,7.552110817386276,7.9302482748477585,7.7649375074017515,7.7185103848447225
Q8REE6,8.023973391021203,7.579347408026705,7.472634876865996,7.330367292570173,7.457966859931975,7.57285796568321
O00089,4.47524470899803,4.899655481730886,4.4752825514643275,4.7483114253856025,4.453749911311687,4.610448815778106
Q5V5N6,8.402297273860805,8.061250339977203,8.447170501682471,8.085915771139074,8.453450707439888,8.290016918819887
C7B608,7.452827259597631,7.359848142505984,7.329361754804021,7.403591270498776,7.307100053331234,7.370545696147529
A9KT32,6.708886362510799,6.575097112522355,6.4989039634434445,6.597964820877238,6.576931828830596,6.591556817636887
Q9AR04,7.420246053052179,7.439994092183928,7.512982013077191,7.323941246822001,7.5027262262328875,7.439977926273637
Q10468,6.538137788138373,6.481610244069863,6.52473012316846,6.922565260216589,6.62654425828334,6.6187175347753255
Q9I0K4,7.831902817113089,7.945946173170587,7.908527736767854,7.788015547404702,7.712658642328495,7.837410183356946
B1VZT1,6.7160162621283765,7.134567338308096,6.716147932165314,7.487808781232717,6.7709622234715585,6.965100507461211
A0A088BHP3,7.2690725440296795,7.377852729798682,7.400218220330419,7.503921857678949,7.399235733853583,7.390060217138263
B1VBB0,6.1246313224733075,6.378035564126429,6.776445011593107,6.880480470529846,6.2489026485449966,6.481699003453538
Q9H3R1,6.9186025291024755,6.7611291247068515,6.939521117281106,7.070182910403963,6.939508102034798,6.925788756705839
Q9WZ19,7.747201451028427,7.843324005089126,7.6769788951591575,7.912665420986739,7.892573669274304,7.814548688307552
A0A0K2S4R5,5.779892041786798,6.476814461354881,6.071720992995738,6.10128016447343,5.871814843920418,6.060304500906253
O34425,7.978030846377379,7.99703720353695,8.01643016663887,7.9711659966968975,8.056827643366534,8.003898371323325
C5MR71,7.647155399762047,7.305468861508043,7.30510596186138,7.096635585204565,7.571048922937476,7.385082946254703
P11964,7.402739396549987,7.66433884916842,7.5162177703614494,7.882766210046364,8.087037082546512,7.710619861734545
B3XZQ2,6.568993055050556,6.696595961274005,6.569111477938072,6.612612933677729,6.568583603723704,6.6031794063328135
A0A0S1NK17,8.395323479693603,8.286801807948043,8.313024964366976,7.812956917079254,8.290359049755047,8.219693243768585
Q6E0B2,7.5513671162946885,7.508996013389031,7.551690316151032,7.536697846904943,7.543201805893132,7.538390619726565
Q88S87,7.229415808473022,7.279189438630815,7.810855680028842,7.20914300770147,7.7964624523545885,7.465013277437748
O26004,8.110069926398415,7.882994624118385,8.077437917022221,7.869224899944256,8.159867177412183,8.019918908979092
Q8K469,7.400000000000001,7.3999999999999995,7.400000000000001,7.379494178609419,7.3999999999999995,7.3958988357218844
Q7WVA6,7.8532703517666205,7.865919830435848,7.8654201233121555,7.627216766718277,7.923732932041728,7.827112000854926
Q12383,7.633415224075421,7.590756787837656,7.557405402355345,7.673463325302292,7.665450466330984,7.62409824118034
M1R338,7.54776674955319,7.428239621698368,7.3889201723833775,7.382462260202726,7.504429666898012,7.450363694147134
A0A024FS29,5.2859307937449405,5.734540151965387,5.536457994491188,6.081247319731135,5.283250866706185,5.584285425327766
D1JH91,7.590065891455397,7.346734550956862,7.61412933073432,7.3746760767803545,7.742830795058026,7.533687328996992
P54751,6.4254684519740035,6.3401182939058005,6.491395061530312,6.538272399831509,6.354254846436412,6.429901810735608
Q99497,7.569789597646455,7.674402468093691,7.580438621396192,7.6152991119729965,7.622649292992294,7.612515818420325
A0A059ZV61,6.559423193409335,6.697734723497542,6.636606810865331,6.969570924603987,6.583991394180354,6.689465409311309
E3VXL5,7.820111098136125,7.423481042403859,7.674489809836005,7.726470791369271,7.619443839850459,7.652799316319144
Q9JJS6,7.675677744570954,7.792983841457649,7.675805936131183,7.665287085619891,7.718445716392951,7.705640064834526
O00469,7.185722817939172,7.022569067343364,7.334144486039136,6.897459125438502,7.018687282056775,7.091716555763389
I3DX19,7.758579622906615,7.872713265261749,7.760042902979065,7.857182047868602,7.759991812646018,7.801701930332411
Q3IG38,7.57584093432157,7.585720989410063,7.575790913589936,7.7878135742653845,7.576094994573943,7.620252281232179
O54051,7.208840314472161,7.434402617792963,7.208880237774738,7.55279186584909,7.458461674961983,7.372675342170187
Q13057,7.641659098420205,7.638930499164546,7.641738509742354,7.555442207916947,7.675606324480476,7.630675327944905
A0PM49,7.547624704996272,7.5236341240020295,7.247805343028024,7.631649573294982,7.547595679693472,7.499661885002956
O48944,7.806443330562257,7.661484653225944,7.722406428876292,7.728476494840464,7.769282417899895,7.73761866508097
G3LUK8,7.031788086347758,7.461719388185044,7.741870301614436,7.195435094560621,7.74185487605414,7.4345335493524
P40817,7.853950798696021,7.794555190922056,7.854943566972732,7.8429102630983705,7.87567224895737,7.84440641372931
O52185,7.926209740843561,8.015868651396111,7.770843072162233,7.773828094794505,8.022038966314712,7.9017577051022245
Q0CDD9,5.561966655651629,5.875626167143366,6.120752143727085,5.81308365365233,6.0844380674714404,5.89117333752917
Q55020,7.3348701434200505,7.066349434459894,7.263399675996593,6.664579167739068,7.334850670238196,7.13280981837076
P83788,8.178953904179343,7.440685129293089,7.9519474840075155,6.901737270131942,8.24791599900023,7.744247957322424
B9ZZZ6,7.017762688373853,7.79769669002384,7.398056589868247,7.86144848430831,7.015158325243903,7.418024555563631
P18266,7.2699803979924855,7.303079747305303,7.256954383360675,7.432966110256122,7.319403932717939,7.316476914326505
Q7Z4W1,7.214508537564836,7.262939955844185,7.2281964524868485,7.63811209999647,7.327102650144085,7.334171939207285
Q08649,7.794461131812915,7.630094497468197,7.723359537104174,7.517132018073921,7.748694745137242,7.6827483859192895
O58802,7.873773514217236,7.536270597295145,7.737968728071887,7.759076941462466,7.737926451254032,7.729003246460154
A0A1B1NX89,6.054322628635649,6.395090600854836,5.949337771416938,6.523105577922836,6.233020471349589,6.2309754100359696
Q8GTJ2,5.223503549959918,5.302089034053555,5.0820782251006635,5.754149192707625,5.420870561899971,5.356538112744347
P09147,8.378664360525319,8.236347095803344,8.368982799239342,8.04810857486656,8.384724605982209,8.283365487283355
G0HQ35,8.164777107339445,8.126593144053494,8.164823473280462,8.058623056982809,7.89911418419695,8.082786193170634
A0A0A1DZ36,7.286220994288948,7.202933021206984,7.040539050117305,6.798723820578278,7.3356479390830165,7.132812965054906
Q5DRK1,7.0114567938688355,7.01099049282313,7.011503753542696,7.0695187766833785,7.063133237245063,7.033320610832621
D5WTR8,7.81031907820994,7.983231207583651,7.8103017340490615,7.8081494980771255,7.8104536926217465,7.844491042108305
D7RJ66,8.421210349941969,8.387846444241006,8.718695885835645,7.887446988839482,8.358931888363273,8.354826311444276
C7F8M0,7.212744616369542,7.273687267574903,7.113598155574583,7.330889737527809,7.176608056270618,7.221505566663491
D5JWB3,7.343582873557176,8.028940827374518,7.56807383723811,7.608096031555782,7.428106870583972,7.595360088061912
O30438,7.801572600648669,7.979224502374256,7.809961022827946,7.796791233079092,7.821063018661032,7.841722475518199
B5MGF8,6.552297854343901,6.94254956013458,7.201240806785728,6.8216651121742,6.552273033482557,6.814005273384194
C7NVN0,8.710434772594924,8.315778852949077,8.710435887010266,8.029661049640234,8.373624697794845,8.42798705199787
Q8CHM7,6.867809801978484,6.815590461850235,6.8677939270956125,6.91746199554806,6.799153323566045,6.853561902007686
D9IL10,7.796877914729944,7.93565914235831,7.8999591705407095,7.963652302259573,7.836817077389258,7.886593121455559
C3PTS8,7.110382288051598,7.188500681282792,7.13664641786247,7.254834705608603,7.196510287123982,7.177374875985889
Q9NWW6,7.565800476533071,7.358221472636638,7.365853526799343,7.456727601204445,7.565763829586542,7.462473381352008
Q68KL3,6.790877224511358,6.984585463177811,6.819535047762042,6.7297200047980095,6.891990897766116,6.843341727603066
A3MV85,7.787255066135134,7.770807355405182,7.80098522739983,7.692963716007232,7.631200411538087,7.736642355297093
Q9SS45,8.727223376934793,8.585128536252823,8.494859544566587,8.441911368589338,8.727226881046743,8.595269941478056
E7FI44,7.170611624571784,7.537886741204761,7.618559645206351,7.485562712967871,7.234200643474964,7.409364273485146
Q58980,7.061287276946595,7.437722640559798,7.110086485622812,7.46797896268512,7.399935149397497,7.295402103042365
O34788,7.498897460004424,7.076026406688185,7.472458264220721,7.337941085403108,7.420320277452496,7.361128698753786
P95748,7.504797146777623,7.559467534383136,7.593940626941832,7.475446887247816,7.492565702370442,7.52524357954417
O55123,7.674252463163865,7.575776262172392,7.6742376885450865,7.356782981751906,7.789678837139568,7.614145646554563
A0A075EDT8,5.858115132305402,5.897210286428288,5.858079140850975,6.197608739130069,5.839381421059656,5.930078943954878
B9VSZ3,6.625127708100952,6.750514089927398,6.6250684348886955,6.6182595988914645,6.625184807319649,6.648830927825633
A0A145YEM9,8.592292438496498,8.786585038879096,8.725669686967509,8.121528245388825,8.578730913069375,8.560961264560259
P09107,6.716018381761458,6.806937077423622,6.536134863901168,6.902004508254907,6.6319481277235415,6.71860859181294
P00800,7.018329979888715,7.103715619383296,7.461594172473864,6.611646670051107,6.953833206077222,7.029823929574841
P43341,8.024753544257134,7.839820624008978,8.024729397425398,7.901339769059008,8.024715513234382,7.963071769596981
P09237,7.450104459494752,7.737638733713079,7.450102373550975,7.508541397780586,7.7249260100018535,7.57426259490825
Q8U0N7,8.028735813354762,7.781378785558815,8.13961411255099,7.609236686867696,8.028827477399286,7.917558575146311
F9W8I6,7.427340514163378,7.720261851893186,7.469569504750784,7.557481980750706,7.812782724098427,7.597487315131296
A2GH85,7.548045070679941,7.620839859392421,7.575989641053453,7.11816160692452,7.351653156141399,7.442937866838347
O54050,7.298314217421819,7.652218168182064,7.306400255423843,7.830430629952447,7.4605858353610754,7.509589821268248
A8D2K7,7.335830831373197,7.256706078235584,7.335793425654002,7.657525642889453,7.3359190245208845,7.384355000534624
P11444,7.580149546707619,7.315338339030558,7.416010791745503,7.459390739825745,7.486624796224115,7.451502842706708
P23293,7.137122236092857,7.229514544983873,7.152265188130334,7.321974625449567,7.19936358133243,7.2080480351978125
Q4QC75,7.410798373497209,7.582689152578439,7.456782297552368,7.4493815917974455,7.665604412029438,7.51305116549098
Q16774,7.468476044103673,7.5976615574918585,7.663194882282385,7.569243350626136,7.663780995786056,7.592471366058023
P22320,7.517253842981472,7.2459428923135105,7.65361853644883,7.454647901968279,7.481026425696524,7.4704979198817245
Q7TNT2,7.041247286890731,6.968154013931198,7.1518772123219065,6.943733438253116,7.050104758160606,7.031023341911511
O27726,7.742411601106066,7.63828238750703,7.85650012743945,7.7439694818843945,7.742391728670183,7.744711065321425
E2QJB8,8.110778908520654,7.9758725983435195,8.110833437058215,7.433167271117965,8.037674299107126,7.933665302829494
Q9LZJ3,6.767141577279708,6.8239800171107925,6.832080026033626,6.921949705369876,6.622728154859073,6.793575896130615
P14384,7.737429738046297,7.816109718124561,8.075346464084562,7.477543966696093,7.995917656390547,7.820469508668412
A4YDR9,7.749368222561733,7.668095313197822,7.701400535573265,7.687841414866153,7.752461740746206,7.711833445389035
A0A1E1GL61,5.488487267138524,5.812710367787082,5.523599902924074,5.681163325181082,5.82718579673299,5.66662933195275
F4NCC2,7.809342057998245,7.446359750797182,7.8093512672184655,7.465236132823177,7.701316221776724,7.646321086122758
D0VP31,8.67010027432926,8.885260271998913,8.590807712835563,8.392327931519661,8.67011302718247,8.641721843573174
Q8GTM3,6.892902433067053,7.193505312566561,7.46976515999313,6.869743083945248,7.676022800697969,7.220387758053993
Q53EJ1,7.989558321061036,7.939103191987256,7.923780630768625,7.526200507967808,8.064963786492173,7.888721287655379
I3RJK8,8.10187706758338,7.903753129952647,7.960957513199108,8.023135044724464,8.028064100242235,8.003557371140367
P95231,7.738905295517593,7.737830947982322,7.805985092842781,7.633941960383276,7.636619816350911,7.710656622615376
Q03520,8.012081758261019,8.148255861795253,8.110897265317139,7.586858681635366,8.02719914486311,7.977058542374377
Q5H7M8,5.176952076556821,5.043659964556431,5.1800833365194014,5.332320129637098,5.32734558394703,5.212072218243356
B9VXW6,7.526987782990522,7.36591881244246,7.52695345029967,7.579158723907687,7.607558741416129,7.521315502211294
Q9ZVL6,6.79740413012223,6.967844809460556,6.804211480052854,7.4480629746824025,6.797363417390797,6.962977362341768
Q84HF5,8.075584742492467,7.9640509194899805,7.895545495937587,7.8688287381332565,7.895525347960437,7.939907048802747
A0A142UTH4,7.7736132975659755,7.816527954343732,7.5279723851298295,7.828929195540582,7.664467110283323,7.7223019885726885
E4W4G9,5.9650036696864825,6.036192207479215,6.088120943192217,6.238243236349139,5.538157610726952,5.973143533486801
A6YJX1,5.2824131002625005,5.528128589014298,5.8639301675248054,5.609741465118361,5.282578759017723,5.513358416187538
P17118,4.16462514960573,3.2256383299826257,2.969446043328718,4.193866071607655,3.742985849547015,3.6593122888143483
Q9NDH8,6.724453269595231,6.890432099392387,6.860382599426795,7.718377877230987,6.860990091563113,7.010927187441702
Q7UXY8,7.667557545798424,7.687433986065231,7.8159840740492745,7.524295749030518,7.713119209398908,7.681678112868471
Q3LS76,4.998119796086667,5.536127218186208,5.181018393438907,6.2064645640825455,5.187764122274589,5.4218988188137835
Q6QHI7,7.962986954425654,7.837379044129581,7.788002148117634,7.730118250563589,7.7448588719528395,7.81266905383786
Q9EV86,7.9987660819434865,8.216420482597231,8.210801566077839,8.040051140631824,8.19562564373285,8.132332982996648
C6FX34,7.328875997417902,6.985903838487732,6.804439474395851,6.713406154585246,7.328778990140913,7.032280891005529
Q1GZD1,7.5014965140422145,7.643824404978797,7.704363719118964,7.580578979530129,7.524966480889666,7.591046019711955
Q88B90,7.63982643035951,7.520606655934434,7.460325992255065,7.570963987101561,7.49063326950795,7.536471267031703
Q9APM5,8.00366402011671,8.718823928826321,8.065619492702268,8.436111224808544,8.003522811707453,8.24554829563226
G5D7B5,3.685907552710857,3.8411327527326558,3.8437750142020892,4.0034662610224325,3.3928341370668367,3.7534231435469736
A0A2Y9CJ10,6.766387654457562,7.063841380522073,7.404501901518725,7.115698000946953,7.296516402128382,7.1293890679147385
F2X5L9,7.361352222349906,7.8912743305686375,7.842341617511035,7.811470288213516,7.842443292880229,7.749776350304664
Q7UDT4,7.935449579680977,7.85869257437718,7.938667735783909,7.762239197165259,7.935473044418729,7.88610442628521
Q06069,7.967714168623383,7.640947100422161,7.826085557937658,7.489865041712862,7.826005111402669,7.750123396019745
A7LBQ5,7.688240548547077,7.71321187494164,7.852853312472335,7.6993220155685504,7.686336119855965,7.727992774277114
A0A384ZRB9,8.202559997606166,8.343526808650488,8.532583297733321,8.036085344138893,8.371168811344099,8.297184851894594
A9YDD9,6.654215256073825,6.403424660472883,6.55786533946682,6.457045872463275,6.301290626111477,6.474768350917657
C4LUW9,7.571265120875739,7.5880250290001605,7.470927752197762,7.400196259974035,7.359189295910652,7.47792069159167
Q83WC3,7.7123814302592235,7.881958104777041,7.989408559049722,7.876539915907035,7.591643809140109,7.810386363826626
K7T9D9,4.9978585567964195,5.044744338892964,5.083864083679997,4.987778624324699,5.068596756763861,5.036568472091588
P15316,7.610731622056379,7.283053529296583,7.194723864744602,6.726840039351096,7.24174251232807,7.211418313555346
O29588,7.6891055466387455,7.5661540736351744,7.689113523476333,7.33796523956867,7.655582403967662,7.587584157457317
Q9C8Y9,6.157306461813096,5.6777062979686725,6.1573990823150915,5.731267663260579,6.001826071230124,5.945101115317512
C4LWC7,7.324373378238732,7.412225035037151,7.363875351448293,7.3957281803872155,7.2332618410336895,7.3458927572290165
E5FGC5,6.5037669972305805,6.986803420889494,6.503725275113091,6.355094604216067,6.755222664927318,6.62092259247531
B7XBZ9,7.102055622239547,7.237487622154425,7.112673129470958,7.426363745458751,7.112658990883326,7.198247822041402
B6D7P1,6.679238373330914,7.023718975435501,7.018606497300049,7.167231623817213,7.0186967162521405,6.981498437227162
P25576,7.459364742819467,7.7088367917229945,7.459397833891239,7.525517722453342,7.459423373610336,7.522508092899476
Q8WZD7,4.471882580505883,4.963612153456342,4.953135576008016,4.736512696934099,4.447766926400415,4.714581986660951
O24721,8.195213116995069,7.918069507183556,8.19515191390179,7.9174685441813235,8.168812429234645,8.078943102299277
Q57849,7.611315128887873,7.412809175932348,7.567485699880916,7.26908257232932,7.632529148068301,7.498644345019753
A0A1S6WME7,7.584215204950617,7.078736822324518,7.584250312563169,6.789176230272451,7.726333311450483,7.352542376312248
Q9UQM7,7.913861918954959,7.632260038735548,7.89026701570796,7.7907132003078345,7.9164205300252535,7.828704540746311
D4GP33,8.445435794080261,8.236188553978145,8.44540308635806,8.257591280561373,8.138558820159338,8.304635507027436
D4Q9Z5,6.773003824595085,6.850226735419613,6.981150676221247,6.578977671641613,6.762941039235666,6.789259989422645
Q8RJQ9,8.281988805537676,8.052966662463971,7.86076080156719,7.642570000939365,7.860825254907073,7.939822305083055
B2NID7,6.712656013463354,6.833711742335785,6.696369858704643,6.862751245666126,6.696273104795126,6.760352392993006
F2YCN5,6.624081919311936,6.647836556407952,6.926127909218558,6.806264939650189,6.8430811678460834,6.7694784984869445
Q84H88,7.564629700382607,7.7881354224278185,7.808959605617787,7.655812393287,7.781513926912087,7.719810209725461
Q5JD38,6.969681151300313,6.655478127295882,6.434060481181386,6.699814335185497,6.806714563840942,6.7131497317608035
Q831B2,7.142598047760976,6.968926605637577,7.024026832001531,6.69359984880742,7.1392726843677625,6.993684803715054
Q8J0K8,5.474399321613628,5.562844760543056,5.50041501707777,5.983875641536325,5.802463001591942,5.664799548472544
Q973H4,5.912720588174103,6.271032977959236,6.390715360870074,6.476515279111587,6.3906429655823125,6.2883254343394634
P52888,7.489436471854441,7.613099905056853,7.193821657354454,7.451310379426619,7.489368924931039,7.447407467724682
A0A0A7H6F4,6.895352648066266,7.077861197242847,7.045191992264646,7.251883568450611,6.88348604072379,7.030755089349633
Q6T1F6,7.586770395614707,7.707878148428153,7.686190548798213,7.676293773559941,7.58676270016466,7.648779113313135
P25891,6.248711153094592,6.6741211409285155,6.987637279386023,6.943971450453714,6.706465157772563,6.712181236327081
Q6PMI1,7.498935973799717,7.4792549732571985,7.456835294520166,7.542931313121829,7.5212178041339435,7.499835071766571
Q2HNY9,7.7274225811463895,7.7197385732438555,7.9826612352824275,8.04586428447116,7.5471135670643115,7.804560048241629
P78417,7.467430499441671,7.35912342068211,7.360131811336761,7.369059390263947,7.467391458496056,7.4046273160441105
I3ZTQ5,6.6150101797565135,6.491048450452495,6.770798805831848,6.731033275208022,6.461742097396231,6.613926561729022
P29729,8.386327645042293,8.10977427756395,8.451750294375467,7.879725781641924,8.386244531698754,8.242764506064479
Q8TZJ1,6.062123500594893,6.83223401879653,6.282174544556365,6.797836069998276,6.492400748475238,6.493353776484261
P56073,7.939798649496681,7.851709739961191,8.130383563217576,7.698039634719313,7.995626648394348,7.923111647157822
P10442,8.513310121803467,8.350618829113051,8.755718273638612,8.168049309907778,8.372722540818522,8.432083815056286
B0B0H7,7.146250392570543,6.938356494969294,6.801846192474773,5.749761468356845,6.801751111223352,6.687593131918962
Q9GV46,6.685955108880531,6.800145312488737,6.6859263873178545,6.8156023041510405,6.232930579501626,6.644111938467958
Q9F918,7.2983844930296815,6.908006876332562,7.329524810958939,7.123286435760311,7.3065517499562285,7.193150873207545
Q949J1,8.065126107748098,7.87782715556815,7.862574160804176,7.877270839522642,8.039927972605211,7.944545247249655
Q46A52,7.443996117186452,7.74503455559118,7.4120564259858766,7.582606987832301,7.610581493159561,7.558855115951073
C5J3R6,6.6251408583476605,6.816487821227833,6.71176883791192,6.8091774835358745,6.644330592983432,6.721381118801344
Q8AAK9,5.95051459100567,6.313532866663778,6.159748310948634,6.559184616474653,6.122678126510631,6.221131702320674
B3EWG9,5.949508003548439,6.476511826774752,6.4443120855773,6.273795608414955,6.459931863496604,6.32081187756241
H9JSH4,8.153794533653013,8.217657195530183,8.153781955274344,8.00219952328482,8.216485796095089,8.14878380076749
B3VPB2,5.364112228975557,5.003743301397955,4.9705616819663145,5.122204643533579,5.108574149871203,5.113839201148922
G4I5P8,8.170142738436123,8.126714859760646,8.18815980143313,7.932375424209796,8.053454573874996,8.094169479542938
A6XP72,7.262185140127572,7.131701970050797,7.05605250917687,7.444958705906429,7.281166887317167,7.235213042515767
Q04828,7.3999041021345855,7.4958531531225665,7.442561231291996,7.465792599366529,7.442575078694576,7.44933723292205
P81054,7.296842940303689,6.973605813922177,7.004875886593566,5.613679078064498,7.293461286320253,6.836493001040836
Q9REV4,7.578495872644025,7.728315813946031,7.777428796181503,7.797314838913558,7.378363749298176,7.651983814196659
H8WG11,6.437894343070929,6.98475137235139,6.465019134232638,6.6394709455963,6.768123247907401,6.659051808631732
Q988H5,8.012513459948966,8.155875177646386,8.012560102705942,7.869456219408127,8.21334087328245,8.052749166598375
Q8KT80,7.7320009005545876,7.649698080797212,7.73356489224826,7.813119406747145,7.736935429355522,7.733063741940545
Q8IEG9,7.804843409561287,7.517810932825371,7.804861768025381,7.70141993710178,7.762198306000525,7.7182268707028685
Q9SV43,7.598437280470239,7.927042667835458,7.4513063726563455,7.4155160857948434,7.598473168224681,7.598155114996312
Q2FUB2,7.641181041047648,7.7955851878040745,7.457562821330481,7.48535820655322,7.716090449075651,7.619155541162215
Q52032,7.366902090599309,7.873216627997752,7.849921744366612,7.7727544848554,7.84998746499915,7.742556482563645
D5LIR7,7.4173500777513635,7.34988588239187,7.309513919991561,7.509781619872233,7.305806675094197,7.378467635020245
A0A0G4JRN2,6.107510715725002,6.096159857606728,6.184183765116123,6.430511307606486,6.202789147713561,6.20423095875358
Q02759,7.715039029421654,6.902234674361361,7.430826940757568,6.848182494680583,7.715049341123643,7.322266496068963
A0A1R1AUM9,7.392329717665398,7.571998749910967,7.4918756941212,7.595443742532394,7.54010982529299,7.518351545904589
Q980A5,7.765221544432841,7.578952738590393,7.744565368520379,7.583338907688071,7.409909217905994,7.616397555427537
C7EDT0,7.298940606915413,7.637169604586464,7.195182638058121,7.622308900710222,7.298801714518696,7.410480692957783
O28025,7.35475389138441,7.546501090296254,7.582093861072668,7.516778866153745,7.5379586611092515,7.507617274003266
P94523,7.037978108769314,7.237188864442469,7.038495166092558,7.2940921946596715,6.9872699421157725,7.119004855215957
P16068,7.394004608827176,7.504811320688566,7.394047863935094,7.454195618984098,7.421213571553266,7.4336545967976395
Q9LCQ7,7.71326124521675,7.207401735547847,7.281364914086991,6.544478439831332,6.787977451656807,7.106896757267945
Q1XIQ9,8.02922603064642,7.971046588747285,7.963958549832356,7.8251421575549545,8.008204935741347,7.959515652504473
A0A1B3TNR9,7.7986348906255385,7.6514958584229005,7.798621701513373,7.738698188338553,7.592923742580734,7.71607487629622
Q9XB60,7.19401478706063,7.481105307172356,7.4867815833634355,7.648621125567835,7.351151877538592,7.43233493614057
C4TP07,7.179114405696346,7.319959695157075,7.106914616616409,7.756654000458508,7.317060194326433,7.335940582450954
P0DI77,7.999998800561022,7.12041224553576,7.999998944352079,7.999997551109938,7.192729828729984,7.662627474057757
Q2V0W1,6.647628269921922,6.475086044644156,6.405517960487307,6.482510469156918,6.405521498676022,6.483252848577264
Q9YA34,7.113545559899087,7.212581354320573,7.10088919974952,7.413235629023193,7.552861969575599,7.278622742513595
L0D9B6,7.473713128991199,7.609389037126135,7.648346243387766,7.5696566679648605,7.683052697425072,7.5968315549790075
A0A1Y9TFD9,7.710768806701912,7.400856090293046,7.6235912366207454,7.400457624405632,7.610875372895464,7.549309826183359
P77215,7.666178716474394,7.380978622568591,7.612114258466048,7.625693171531191,7.4331573875166175,7.543624431311367
Q76M73,7.888307230523548,7.713132703717709,7.745232213090392,7.77075139966398,7.917135921523858,7.806911893703898
P22318,7.150664680751023,6.995487713242683,7.009394663785585,7.2730513440342195,7.009395316479386,7.087598743658579
A5A699,8.999996236907805,8.99999412093835,8.999997913440483,8.999993895651249,8.999995386006477,8.999995510588873
L0BXX7,8.64751169924593,8.587734902999747,8.49431181192707,8.455457737589802,8.647502970613768,8.566503824475262
Q4AEG8,4.475104236289973,4.898680879085302,4.475141529974495,4.748256662258229,4.452642452340337,4.609965151989667
P06197,7.459611774223844,7.482800781139648,7.459584210743557,7.5222394356057105,7.459611208823863,7.476769482107325
Q9L9Q2,6.878428022809086,6.6568056907264745,6.766629659380323,6.665658110128987,6.766659406593144,6.7468361779276025
Q3V6C9,5.449229639862625,6.2485537253662375,5.803161649193004,6.126675284497511,5.752605630564028,5.876045185896681
Q947C4,7.401130995229626,7.291443201560433,7.160898082869749,7.21783246829708,7.5110491102928485,7.316470771649946
C9E9M9,5.008146767685254,5.1196025891543275,5.099875171619506,4.861672765926772,5.3384557485462985,5.085550608586432
P77847,6.384518631437008,6.117276638891355,6.31385342527237,6.551475324099777,6.384430841006671,6.350310972141436
A0A024RXP8,5.044342926164523,5.199999494360313,5.199999470347219,5.199999690918018,5.199999596497018,5.168868235657419
A0A3T0YV60,6.261642461149695,6.44860880325134,6.221550047792637,6.183050284211925,6.475915170401798,6.318153353361478
P43478,7.535720150142605,7.346161641168392,7.535710493696217,7.025686097285728,7.5734057403263,7.403336824523848
Q00IB3,7.92281035091293,7.805185276317828,7.854349479548468,7.8496050123624155,7.7406358637820425,7.834517196584736
Q5CD72,8.193550679615564,8.109130106405596,8.012170976927566,7.730249123890166,7.989256727402307,8.00687152284824
A0A1V0ELS9,7.929944987984984,7.319498567122428,7.929901735881142,7.426239079022863,7.735262677015005,7.668169409405285
F7Y223,7.586646399510924,7.823931868382331,7.655830455741548,7.970886222338494,7.769372944952839,7.761333578185228
A0A1C9EFW4,5.221696862715338,5.499211060536579,5.759336205421107,6.420761367845327,5.145439967199942,5.6092890927436585
A0S5Z5,7.726260515718995,7.648516677985449,7.74523001948712,7.684721177049684,7.669460309112094,7.694837739870668
A0A0H3HE78,7.450469222271202,7.360251894212299,7.36867380546324,7.512998279457686,7.3531843462637285,7.409115509533632
A0A0A0WA73,6.767356186825518,6.781816692211863,6.70838231619446,6.512719431702737,6.8392707927517975,6.721909083937275
A0A1S6LQW6,7.786757752052302,7.798729560919095,7.8193369895046425,7.743781562261928,7.862724182092715,7.802266009366136
E7CYQ0,8.001231302173094,7.278061036757112,8.001320811537555,7.28267473950007,7.9418701199610116,7.701031601985768
P57681,6.834889946248755,6.8232804347448415,6.946087125235304,6.63579794112391,6.946111843268073,6.837233458124176
P0CW58,7.619707662830578,7.487006720182281,7.595061858034869,7.866487966983436,7.5868109558018295,7.631015032766598
O81852,8.389083488527865,7.573671540703071,7.736793794899043,7.694872000354012,8.25295302907525,7.929474770711847
O49235,7.641287629196022,7.573464894486679,7.647531547657549,7.665738108414799,7.584981834066522,7.622600802764315
S5M3K7,6.8077704519705,6.98955202090493,7.0431522062086875,7.305053986844949,7.6509762438207085,7.159300981949956
Q8ZKE6,8.243432593698115,8.168081975634907,8.168741603098017,8.032076308000843,8.209405802164214,8.164347656519219
A7UHH1,7.624875177460514,7.746673291018104,7.696770684205489,7.59165587522774,7.491774155049749,7.630349836592319
Q58923,7.047473868340593,7.218013885841934,7.021352261117387,7.195912339970325,7.266630750145339,7.149876621083115
A5U4N0,7.362250400751845,7.711206878539569,7.7032144484900344,7.506207900144055,7.91446246236637,7.639468418058375
P94127,7.3579401935084405,7.630580123128124,7.507805789623251,7.045461215759459,7.258953678835587,7.360148200170973
Q8U1H5,6.457782857416431,6.338227359437422,6.642109657616681,6.5976759753132725,6.744641847611749,6.556087539479111
Q96DG6,7.25373390238095,7.20173832667834,7.658247945553457,7.421717484154075,7.65821805507996,7.438731142769356
Q1W622,7.668477202352395,7.241191334663453,6.740234382821502,7.087932344125234,7.475652209424176,7.242697494677353
O31616,8.036743417813542,7.794771315562728,7.960225459433336,7.942629877858133,7.978209415287476,7.942515897191042
P32752,7.7009058236269885,7.615393836975911,7.711820915195217,7.524980514362978,7.41730573603367,7.594081365238952
A0A0C5CE51,5.419300813910669,5.879719241085299,5.674922079391901,6.210475223903097,5.446306761628729,5.7261448239839385
Q6QDP1,7.869201029027088,7.591577278848067,7.815836439931979,7.3494751724424585,7.854689588152984,7.696155901680515
A0A0F7N1T1,6.361063748738758,6.329038711529513,6.708002538870425,6.024125725519147,6.361142565928626,6.356674658117294
A0A109P1X1,6.978397895598634,7.00245165618755,7.014646956194623,7.239959644419329,7.015708927963439,7.050233016072715
P10478,6.280264347907452,6.145463097219376,6.272304246722249,6.503761700237023,6.139395316376445,6.268237741692509
A0A1Q2U2F1,6.566609499790841,5.7075210073652585,6.5085226451392195,5.957066050606956,6.308326521201555,6.2096091448207655
P55329,5.6425257032810725,5.795297376663244,5.870646504538788,5.5229671925688715,5.496473524446982,5.665582060299792
P9WFF7,8.136230642048739,8.044558682268343,8.259475457560997,7.8612826624821,8.167808781938406,8.093871245259717
Q84JH5,7.550066652774244,7.570857363690814,7.641492508389151,7.592181997554314,7.4298522000762075,7.556890144496945
Q10469,6.859595031911244,6.662550071545907,6.8206321974753354,6.588044834658169,6.847201268712365,6.755604680860605
D4GS48,7.956293918219121,8.225070745998185,7.95631466766647,8.114333304718903,7.71117341052979,7.992637209426493
Q02108,7.487089862338313,7.484224396387081,7.4348647982756395,7.463694589522875,7.553902046282126,7.484755138561207
Q18AQ6,7.2716623303989305,7.328029003928337,7.273876680507498,7.684693261386477,7.277745598071417,7.367201374858533
Q8H2B4,6.978955312934652,7.049500657916003,6.977646499523937,7.245966001498052,6.97762174898632,7.045938044171793
Q48154,7.8570478330920634,7.727419426458881,7.898879401049229,7.574892464027561,7.931301807790019,7.797908186483551
P63359,7.600589593295545,7.756602071010911,7.581553567323389,7.581392404017043,7.61498507906767,7.627024542942912
P22352,8.505201296647172,7.3752052043765675,8.594141431342509,7.581450565032953,8.61831158947144,8.134862017374129
Q9Y7D1,7.856406292929195,7.979023662116023,7.85621082144109,7.680814761835622,7.631899430592806,7.800870993782946
E8T502,6.740547217592062,6.768409461283181,6.647957779766065,6.808069030812917,6.994307958296492,6.791858289550143
Q6VCW3,7.536835895496199,7.589851122930662,7.392041973846486,7.57681544313836,7.4234790821701555,7.503804703516371
A0A024JUE5,7.786858819666242,7.683038723776283,7.652556334773912,7.5271053955832095,7.65250612645185,7.660413080050299
L0N807,7.680915330477946,7.5129810872515765,7.678167277972639,7.594428625605278,7.664916780155279,7.626281820292543
P17811,7.40340114019692,7.385628298991478,7.4227343832027515,7.183270731817399,7.4227548889036425,7.363557888622438
D4GST8,8.138717963269466,8.103741249506694,8.138643301668331,8.138979812127985,8.138681706883819,8.131752806691258
E7FHY4,5.6209233930870885,5.58249905432484,5.487618555656976,5.973741296129826,5.654484714741809,5.663853402788108
Q8NT48,7.354375045742736,7.348139248553707,7.354362949048402,7.306090005537772,7.354326001917192,7.3434586501599615
Q7X9B3,6.989298659411193,6.875828435247197,6.903533871438659,6.853771721679595,6.903551608500204,6.905196859255371
U5YTM6,6.76876127468676,6.772133926762838,6.80033168889509,6.844080095200488,6.800302295444008,6.797121856197836
Q9KWY4,7.304346592020513,7.1744674727512265,6.95470963657776,6.947478333857999,7.077301715867817,7.091660750215064
Q57751,7.692416538658115,7.665595499405321,7.850781462298869,8.037905231097238,7.487497600509746,7.746839266393858
O29428,7.739098894493067,7.721022663165689,7.793226605442397,7.53593462777313,7.701772412485507,7.698211040671959
Q2KTH1,8.71861348951014,8.626498396389751,8.517044656729361,8.305130222795063,8.7186311732171,8.577183587728282
P21130,5.923949485377671,5.974019826589885,5.9796894190346865,6.063847804955175,5.923956003283456,5.9730925078481745
Q8L7R2,8.225694048382286,7.804003067895928,7.866956388508555,7.842458461532884,8.22487746099535,7.992797885463001
Q8W4T9,7.53701469910775,7.507375923735487,7.488746701104754,7.502626667597239,7.526591683655064,7.512471135040059
O08841,7.380827101957074,7.635080841118152,7.739908183969556,7.103529311612693,7.380899455317855,7.448048978795066
Q932V0,8.262653633637662,8.100998442499465,8.512390004057215,7.886117340825461,8.40894463783955,8.234220811771872
A9LIN4,7.50282230711988,7.410441509330269,7.461527865341987,7.457817087231867,7.52033998968085,7.470589751740971
Q59931,7.88494389566419,8.036487469560788,7.977908965328127,8.376430288041666,7.909551096553576,8.03706434302967
Q8X1D1,3.4343185075258287,3.7933843163351937,3.8536219218067185,4.872675251146197,3.844275593247407,3.959655118012269
Q9WYD1,7.6255907953608695,7.260465680359607,7.236314046320894,7.480644423193131,7.137726978554541,7.348148384757809
Q3HW35,7.973585459548912,7.834819769028844,7.99530436869258,7.82826306339077,7.973546265556914,7.921103785243604
V5QZ74,7.500600807314439,7.442262916956433,7.547834000543498,7.388327501563481,7.486830905988878,7.473171226473346
P56216,7.951711020531371,7.777157673083957,7.816617527779383,7.898456980992298,8.060148386872125,7.900818317851827
D0QF43,6.116435603796118,5.6149104123469105,5.912378257323037,4.910737049735458,6.115966361842399,5.734085537008784
Q9ZQ94,7.579493790669088,7.572451675606557,7.273590535899159,7.629610476822194,7.375420934974983,7.486113482794397
Q7S3R5,5.074905156830665,5.152333082021833,5.162869175098021,5.105008808281041,5.2729996120882445,5.153623166863961
Q0GU43,7.5032142498265895,7.5596448112654775,7.355067673323317,7.772265055002739,7.386035821644384,7.515245522212501
C4TJD4,7.799966507385931,7.776885776138392,7.952809176451201,7.574328419538602,7.957608722706337,7.812319720444092
Q4LEU0,7.475518594984085,7.3677768510493085,7.532349877002537,7.326351217824193,7.532360042661456,7.446871316704316
A2V7M5,7.795538390880809,7.610067736179932,7.655627933921721,7.681249504786813,7.655605649909975,7.6796178431358495
W5RWH8,6.935029097620648,6.8015054989919586,7.358105493448505,7.150318780083271,6.957439901057287,7.040479754240335
A0A7G4NVP2,7.9936943478001306,7.590955570456775,7.718249239512127,7.653219625736672,7.627590706163494,7.716741897933839
P21890,7.644340328067905,7.576689357426364,7.57094612731888,7.535259034504586,7.718275012618398,7.609101971987227
C3VMY4,5.100713697504866,4.966161690941014,4.549523094155856,5.055954541451824,5.1288513434718634,4.960240873505084
Q8RDL1,5.536805123382408,5.871160033761505,5.9514326482499875,6.281174284605433,5.608955820926261,5.8499055821851185
A0A0H3JER5,7.54118904290858,7.47575858317784,7.60374244241486,7.5948764832626106,7.360076192405591,7.5151285488338955
Q9XBQ8,7.771844702436726,8.057238856119122,8.018099477079435,7.7180181686536296,7.853859705320181,7.883812181921819
P43133,7.137582657741772,6.93872618141038,6.852457363669775,6.638167485596144,7.260138487619964,6.965414435207606
Q3KN75,7.077451573681055,7.150446200116976,7.145913257110815,6.798045653507692,7.146008278482299,7.0635729925797675
I6Y4D2,7.10159296962986,7.411008056967954,7.76920265276172,7.272483640643849,7.971443284230471,7.505146120846772
Q72JC9,7.721136647648919,8.147890130050158,8.540883092591844,7.981035596969342,8.187503645440625,8.11568982254018
G0T3B3,7.285330661520483,7.250552894891216,7.106885431953169,7.03034960799138,7.285330860349976,7.191689891341244
J9XGP8,8.647876383450713,8.776339662409049,8.812506252181649,8.618015954776384,8.854283333080605,8.74180431717968
A0A0U4MRI4,8.195671757403098,8.29780189751458,8.216147650295046,8.036638216820903,8.290534503396094,8.207358805085944
Q8DVS2,7.21862995234238,6.514543892841953,7.218601401591768,6.753188680548021,7.017337403313854,6.944460266127595
A7DWA8,6.803906599865249,6.805442341997173,6.56984085065107,6.890334081548703,6.7151428152133255,6.756933337855104
Q8C2W3,7.3999999999999995,7.400000000000001,7.4,7.4447587964274735,7.3999999999999995,7.408951759285495
Q7X0P2,7.280668839801225,7.166151708248594,7.299125364236453,6.986862887834335,6.833715099815804,7.113304779987283
Q9X024,7.273446337433381,7.274958930880288,7.21061189112998,7.7549202975003215,7.126472665996965,7.328082024588187
Q65EY9,7.2051988607898165,7.4810233349145445,7.540315564373861,7.4392052866551985,7.540451691098968,7.441238947566478
Q706F9,6.334222678012611,6.26124135527228,6.513507435099165,6.036714008896649,6.7832668369209745,6.385790462840336
Q7XAU6,6.744834829069569,6.4937242966915845,6.558719920951233,6.333962884133107,6.292362852518084,6.4847209566727155
A8D930,7.429751810559294,7.4395078447221525,7.429739454844277,7.609159974033515,7.408176651318807,7.463267147095609
P12047,7.809162880737796,7.7554211030427265,7.671180735471365,7.809391208132888,7.843449954336564,7.777721176344268
Q9YGB5,7.057315145884963,7.169943614983196,7.006491658698898,7.3853001570628445,6.96536796429222,7.116883708184423
Q0E4W0,7.384916969313236,7.263904346790393,7.403785821205451,7.430041066685264,7.394387890138629,7.375407218826595
Q50LH1,7.77399480954228,7.812798441383341,7.803439078760378,7.669974858115594,7.802341794404401,7.772509796441199
B3EY95,8.377209585575196,8.427547353300051,8.42439892561876,7.955825708783044,8.606161038562231,8.358228522367856
G3YE52,7.347334022162713,7.355871297562491,7.233334141777461,7.5386694109153956,7.464347867958026,7.387911348075218
Q97U29,7.310109767700595,7.276941945234283,7.071661168577,7.028684372449224,7.420198250547603,7.221519100901742
Q6L2X5,5.811805587049608,5.773768857644571,5.705689146432024,5.966186451182426,5.842213819477321,5.819932772357189
Q5NTH0,6.985730633581738,6.987161875493822,6.980690717585768,7.2361793534585654,6.980644082514186,7.034081332526817
Q9X1S1,7.482444064885559,7.168372953555111,7.0086211096925695,7.757085139497505,7.0748086144556845,7.298266376417286
B8ZV93,8.673653861773774,8.65215199063801,8.67361724656052,8.542543941709605,8.655067785916293,8.63940696531964
Q195N6,7.678329817175146,7.567157166439131,7.471133633159989,7.771343193012411,7.756318149216801,7.648856391800696
Q8MZS4,5.130379176980739,5.881362471686997,4.918611502895341,5.57213233116377,4.898030869561732,5.280103270457716
D8VDY4,6.737968303169049,6.5402322535360415,6.626003076576379,6.679713342189321,6.579598654796883,6.632703126053535
G2QH47,6.075144482753439,6.281572806366362,6.075155931031186,6.043921474256602,6.075091862197126,6.110177311320943
A8FAG9,7.815172500316925,7.612281993318258,7.438790721659983,7.278948369168995,7.352240926948895,7.4994869022826105
D0KN27,7.323320430004882,7.340659109805417,7.490227998838956,7.118255549813575,7.5041419345146405,7.355321004595494
F6IXY6,6.88954522791835,6.956338512225247,6.896731500056038,7.219900010299312,6.831370618463564,6.958777173792503
C6Y0D8,6.92678005618963,6.878689320024236,6.926701338025877,6.739536070861093,6.693139442511087,6.832969245522385
Q6ZXC0,7.5665375758221485,7.485328894314399,7.6435117807289545,7.518942416815313,7.584362247332086,7.5597365830025804
Q7WTR6,6.140756084476108,6.28782363060127,5.955033528800364,6.142436342960939,6.140818122710087,6.133373541909753
A4I2Z3,8.15556735335745,8.090728984886622,8.140539537600496,7.779499136517075,8.14055700490932,8.061378403454192
Q2YIQ6,7.7476965397390085,7.824340863720425,7.747452670158692,7.80772480055027,7.885761705838192,7.802595316001318
P9WM67,7.519300003030535,7.66098523890847,7.821247244854497,7.652748500999452,7.821235634381193,7.695103324434828
Q97U30,6.949093598277198,7.021760224794999,7.34966276388112,7.03895662470035,7.349644737944273,7.141823589919587
Q46920,7.1652089803480825,7.638241498577543,7.536589996604772,7.492969668795362,7.095974316646887,7.385796892194529
P66032,7.613242995064368,7.603232776660054,7.686595033713118,7.705496606501783,7.729572990234828,7.667628080434829
Q9HKS9,7.144787445173417,7.363925524695902,7.364002672046906,7.491681467673792,7.268753168089576,7.326630055535918
Q8EJM6,7.677957105055305,7.815198410148249,7.547911367905506,7.77335879346699,7.678974067010654,7.698679948717341
H2VFG5,7.355494708418108,7.437108703668885,7.355236262802793,7.735291859892037,7.355469317782028,7.44772017051277
P36205,7.188040703552724,7.369942753783424,7.31827011968094,7.589052734594771,7.116210824828,7.316303427287973
Q9SJQ0,7.298399816877835,7.6170190640936735,7.708024189374415,7.479716947046915,7.7079047515558585,7.562212953789739
Q6ZMB0,6.904673334598363,6.700019380365674,6.839216632523407,6.926096921162462,7.079616581373132,6.889924570004608
Q59185,8.10386273992302,7.8726071706069884,7.6943990259418396,7.77772921261073,7.815909897244431,7.852901609265402
Q7WYV4,7.771682005520397,7.94093882454284,8.055391384771372,7.432279956148211,7.930714101652633,7.82620125452709
Q9C4M3,8.209478798262248,7.78519034113624,8.209532475962009,7.983422049437434,7.941516365784563,8.0258280061165
P33677,6.642856766750155,6.845060109965755,6.818267203279984,7.379190168024913,6.793503985395413,6.895775646683243
Q9ZAE9,7.325154476666566,7.346345895115798,7.380612216002999,7.5112652073968995,7.408067010094125,7.394288961055277
Q9I676,8.244759926991739,8.55320561278938,8.663282423770747,8.299099604358926,8.794499593002188,8.510969432182595
A0A1D8GRD5,8.281492805139628,8.255463701217762,8.09247459394247,7.861458596008704,8.299433680237792,8.158064675309271
Q84FL5,8.514729890764233,8.657802743109672,8.514771252959754,8.390188399298504,8.532263216607934,8.52195110054802
B0SN40,8.273229691461786,8.200097523483556,8.183697879743365,8.087602250384908,8.273163966691333,8.203558262352988
Q46893,7.650150304878714,8.08077707117074,7.949129979023432,7.6138321257439525,7.833631891656587,7.825504274494685
Q9HHB0,5.187773341202423,6.020983391766152,5.985996334360873,6.3483058752889265,5.580751890759094,5.824762166675494
P37794,7.9487819155753465,8.203508279914871,8.076177606909972,8.120549140871855,8.216911135292145,8.113185615712839
Q93X60,5.482960452882599,5.759223600871736,5.700010320733394,5.547121039966065,5.482914241685795,5.594445931227918
A0A0H2ZQZ4,7.765106781599622,7.776621335179012,7.7651080436823765,7.61933331715948,7.8285558364487,7.750945062813838
O04385,7.563656010667328,7.634606808345432,7.755241947908694,7.638673826640637,7.619547560196954,7.642345230751809
P39464,6.9730965074034446,7.203040285744646,6.90937335506645,7.243712240131029,7.349585454009917,7.135761568471096
Q8KSC8,7.108202446940483,7.703074857103011,7.108178348391026,7.694476326595866,7.514230324543094,7.425632460714695
E5RQ20,7.882124457392506,8.055510302967699,7.882070978147399,7.939590073039955,7.882158024670083,7.928290767243529
A5H0J6,8.37817644032598,7.900166105148138,8.323208266366091,7.905674640966051,8.51368978039256,8.204183046639764
A6ZKY2,7.476258866364714,7.21682345038431,7.476259025424597,7.334044967896497,7.308185278432465,7.362314317700516
P68403,7.500000000000001,7.445547660884491,7.500000000000001,7.519524289679227,7.5,7.4930143901127435
P37136,7.299550255022206,7.522247087593128,7.335260742017781,7.396346437069486,7.46704291666588,7.404089487673696
B6SBM1,7.6758363741456,7.7700756238471,7.802014773745746,7.836561805560747,7.840898952705453,7.7850775060009285
Q9Y5R4,7.539534930408302,7.542422736041175,7.449809941098442,7.349574450982894,7.5253288631714454,7.481334184340452
Q8IBI4,7.501397641243331,7.64688402988155,7.493400112828976,7.5197811681829005,7.438678953875159,7.520028381202384
Q9SRT9,6.735576655232816,6.7993752209426,6.738109972165629,6.937670953757688,6.715852588913272,6.785317078202401
Q83XK5,7.171930408268132,7.1586527948316165,7.00921243362941,6.916156713703935,7.141811746991421,7.079552819484903
P13956,7.407042386605217,7.064230523129644,7.310503625424751,7.46101392212806,7.09042264231837,7.266642619921209
A0A3T0YV67,6.6160801526187525,6.642286876551226,6.432117400946862,6.442375933560235,6.616092989929431,6.549790670721302
B5DFD5,7.65497901283991,7.806647915210896,7.655008695203887,7.58707924932729,7.783360505459774,7.69741507560835
F7J663,6.293198558406612,6.513290979680006,6.48533326404182,6.464187901034893,6.6681042154400245,6.484822983720671
A0A345K402,5.729569332889971,4.542058691804245,5.6669345217739435,5.3498206203248255,4.492896543316126,5.156255942021822
Q72L69,7.238747793620931,7.535708642192946,7.563387131018992,7.624886512971248,7.555522373263222,7.503650490613467
Q9VZW0,7.2336301124753195,7.319519072370714,7.176402114094389,7.5365754715417275,7.212305112544499,7.29568637660533
A1XBT9,6.294575224530385,6.338038433203559,6.2945469896651645,6.772392990661088,6.399773511570677,6.419865429926174
O83023,7.262750873276914,7.325823824828422,7.262723368283543,7.728616781520587,7.236814821496307,7.363345933881154
C7ASJ5,6.6995295496643,6.558695110799906,6.20914197132704,6.363211419206994,6.664043548532527,6.498924319906154
Q53766,6.66033584002015,7.24230620763789,6.4856759618635955,6.620236269723082,6.5024433456451955,6.702199524977983
Q2PWU9,7.543814346054047,7.6591914222735475,7.543051713661256,7.599752542764245,7.601242174284818,7.589410439807582
P23316,7.6005871225140815,7.4011480718793585,7.49498447791498,7.402165570521547,7.520929013516002,7.483962851269193
Q8KBL0,7.208957775336979,7.25786907710128,7.016519281752319,6.794990546726022,7.284747683841395,7.1126168729516
O95453,7.295852555558262,7.465183158920042,7.338549626288877,7.437668843390358,7.379644614525552,7.383379759736618
A0A085HKM4,7.65665271771216,7.630463728369635,7.587107364636171,7.933544786604556,7.567828845120285,7.675119488488562
W8SKF6,5.886742234953611,6.02237019577124,5.955836080220087,6.534601424745289,5.955823361745089,6.0710746594870635
P47058,7.650477837962087,7.781567635325772,7.593106103364642,7.592411795178365,7.580053864262606,7.639523447218695
O23240,8.186283015713723,7.863881398616782,7.674261413032136,7.783782663036013,8.086955649966757,7.919032828073083
P28826,7.59850988584266,7.726372776965482,7.909954963027019,7.409685908416146,7.626613296287152,7.654227366107692
Q95JH4,7.341068632748989,7.423401372949552,7.379834946545513,7.456488464927337,7.383740850445728,7.396906853523424
Q08388,7.129040815867976,7.169776316684987,7.1105261652489915,7.193222653640544,7.032880575855941,7.127089305459688
Q07510,7.793898454341971,7.6581633873258745,7.693820982990475,7.711405662807621,7.7707228735878475,7.725602272210759
P42220,7.4748408318584305,7.4907661772316825,7.499869609410681,7.490541642965996,7.379072237906366,7.467018099874632
B1Q002,5.818198944699383,5.730434587849943,5.8934604510079565,6.452377920267118,5.893731679038122,5.957640716572504
Q9TTF5,7.056523465498874,6.873411759613678,6.542760245616092,7.177018631680015,7.044299778035081,6.938802776088748
Q8CWX6,7.912422452094184,7.619107622291784,7.561890348868218,7.815363716309127,7.631324055406413,7.708021638993946
Q8GME2,7.451329197868189,7.450448977044538,7.452284601695712,7.585311982666619,7.538244004201336,7.49552375269528
Q0PQY8,5.548695463787272,5.2346153705786085,5.270757095344627,5.012436035791747,5.488271183272138,5.310955029754879
A8R0Y0,6.2363316254792345,6.538290825833316,6.089447470331782,6.96552604120134,6.22461667736538,6.410842528042211
P63146,7.499999999999999,7.5,7.534953501056115,7.435503281290182,7.499999999999999,7.4940913564692595
C6JUF6,7.257720058524046,7.434610273287093,7.257787071767293,7.566372226743472,7.257829441882187,7.354863814440819
O16843,7.543220743568596,7.640251530244124,7.534854916896317,8.026780653409753,7.534946452849815,7.656010859393722
Q3IL66,6.782545463238722,7.106535157840931,6.457278425168057,7.240110902641121,7.132945555179932,6.9438831008137525
Q597B8,7.066551282911865,7.0454139572433,6.853332686556283,6.70807280621636,7.253624657117565,6.985399078009074
Q9RMM4,6.343052782499671,6.582403818618177,6.58560684746291,6.457730850264968,6.659988318250591,6.525756523419264
A0A0C7DVW3,7.110333772862727,6.983084805942535,7.206154238003956,6.93178435306344,7.133767654787153,7.073024964931963
E7FHY8,5.279752276887556,5.887522878577562,5.478974968716344,6.453265767000718,5.136100605191139,5.647123299274664
Q58439,7.416864809791591,7.324245423064073,7.2089129679338155,7.469531046918105,7.21228053114561,7.32636695577064
Q13496,7.497091869653478,7.486047047475591,7.412862829058621,7.395202353472426,7.529254019682851,7.464091623868593
A0A0K0M737,4.988311518712002,4.680292723880008,4.697875637469022,4.81228579816489,4.845746104352433,4.8049023565156705
B3TZD8,7.400000005269906,7.411257195311017,7.426013203495159,7.400000187160021,7.4000000106761386,7.407454120382448
F6KRI7,7.212981642587723,7.083017109925867,7.097342185667207,7.445525509875904,7.2130484523696206,7.2103829800852655
P73833,7.912208936148844,8.270142933034617,7.599865360149882,8.119645421345249,7.915725399070193,7.963517609949756
P22735,7.594825992345694,7.5406971489681105,7.439770119409375,7.696228674865601,7.6533020916271255,7.584964805443181
Q875I9,5.902099884387006,5.968612117657966,6.007336315757756,5.851556758767182,5.882857593233866,5.922492533960755
Q0P9D3,7.756430518113404,7.6473857296459835,7.729503687167162,7.712167600256499,7.814496627960664,7.7319968326287425
Q9KQJ0,7.557208106214651,7.752834124698115,7.613774963619572,7.855075813197552,7.713105637150086,7.698399728975995
Q9FPN3,7.5,7.417685015794189,7.401528351367198,7.392215190707985,7.401789883931172,7.422643688360108
C7EXL6,6.677182699836532,6.868261918271718,6.83950144460573,6.409759793374049,6.396617611997005,6.638264693617006
Q9ZQC6,7.082646192910025,7.010028990449378,7.182166550368789,7.0440575779145975,6.837427759315453,7.031265414191648
Q4J6M3,7.216624017651079,7.152535746479886,7.21666759642745,7.595052679511378,7.147232323821385,7.265622472778236
Q9S434,7.636297032731897,7.654610880098833,7.56840868020594,7.9257235642244455,7.636330233984209,7.684274078249065
Q93M81,7.203557363147455,7.425324769387479,7.501967616336986,7.362650516864304,7.205758316329217,7.339851716413088
P9WP79,8.030481676597066,7.985454513031418,7.781958646156587,7.452640247797664,7.816718854230819,7.813450787562711
C7GM47,7.440902680316408,7.649441318264264,7.482526439722783,7.450181202622364,7.514229726978598,7.507456273580883
Q5JNT6,6.139185121627074,6.45037763736795,5.970138112897854,6.488971059426944,6.403682970983091,6.290470980460583
Q56232,7.394039673718698,7.620227435436636,7.78620664503433,7.573903186435627,7.956397541797006,7.66615489648446
Q8NK02,4.948519836530707,4.986855889859206,5.1093884681153945,5.054830584728084,4.982126841373845,5.016344324121447
Q8K2C8,7.442347646287932,7.469848354864026,7.449540885881731,7.3170442091539325,7.492865024133244,7.434329224064173
Q8NF37,7.339154588192922,7.413060528298922,7.339269045137776,7.369344011732216,7.3141846346573045,7.355002561603828
Q2UII1,5.3408435608371105,6.1680364043552345,5.759477794536954,6.068287468259409,5.798398242499759,5.827008694097693
C4M4T4,7.5318195812809945,7.6214865969434555,7.726046639867206,7.6129137505255065,7.672515673479049,7.632956448419243
Q8W000,7.431646235613462,7.360876625423703,7.444872116047645,7.485159489983652,7.521949750060813,7.4489008434258555
Q7SCE9,5.598236117736059,5.680771782389399,5.523623156211173,5.59748895498489,5.1434297215522085,5.508709946574745
B0BNM1,7.253612822448411,7.207268865726024,7.191869260860956,7.305526709348146,7.253592656144513,7.2423740629056095
Q24JJ8,7.520758824031153,7.470790152858373,7.520720523771388,7.573115086109326,7.505280553278163,7.5181330280096805
Q8KBP5,7.745700901071632,7.730657002144281,7.584837631713134,7.428529305712553,7.642818463263556,7.62650866078103
P80561,7.390363116787696,7.186697262935372,7.390447206489985,7.062124829983622,7.363589037588197,7.278644290756975
A7U0E5,7.602140747374687,7.526498934897579,7.630294846728307,7.659258463829149,7.511356213953773,7.5859098413567
P94494,8.285575718635299,8.499574112845895,8.420336363615395,8.213513995361275,8.675236135856121,8.418847265262798
H9N839,6.943840109838463,7.189973828944664,6.869265005088936,7.407209493124845,7.528946371622968,7.187846961723975
O48945,7.802619880132122,7.686232784760877,7.716553147088948,7.789865305003837,7.778945521319354,7.7548433276610265
Q7MAW0,8.156088026609504,7.963614774128123,7.9783522056791725,7.929074596830058,8.156035330429848,8.036632986735341
A0A1E7YQH3,7.489807237282594,7.132132100796374,7.641333602100767,7.73842789276837,7.641341514735698,7.528608469536761
D0UHB3,5.957775354472952,6.37686140579242,6.167803647559533,6.1074188801757785,5.957860447178739,6.113543947035884
Q304Q4,7.429287147051744,7.430446786708656,7.4287705051789965,7.435528499502581,7.442838174809861,7.433374222650367
Q9UNP4,6.42244088433693,6.458439054264922,6.735114783259003,6.849381410795089,6.36185122314773,6.565445471160734
I3W8N1,6.2724841966620675,6.19232163897858,6.272486480416747,6.162888924004703,6.180652934718472,6.216166834956114
C3W4Q7,7.716583292235591,7.77282162060677,7.691572228804237,7.675224879771225,7.658912004482933,7.703022805180152
P21643,7.458461661229247,7.472490853967366,7.2182711864734035,7.446193380160581,7.448630460966284,7.408809508559377
Q65MY7,7.484515219575866,7.639750801950874,7.723992885073645,7.620539653173744,7.723834175927042,7.638526547140233
Q8R3B1,7.372833969853275,7.449129039070965,7.330298764183852,7.507216781432388,7.443260195876898,7.4205477500834744
B2BSJ7,7.7395777232488925,7.803370242182374,7.5974837903451595,7.744307189422562,7.811022702708837,7.739152329581566
Q93TJ5,7.562116540547129,7.768859507867871,7.914780824765156,7.693325868695992,7.690616745274979,7.725939897430226
Q96EK6,7.186920822893173,7.082098723254494,7.519641326496725,7.429857879676589,7.519629988855505,7.347629748235297
Q9C3Z9,5.396106406031773,5.737849747819163,5.047231577042365,5.734205733232163,5.289025829156289,5.440883858656351
C5NU54,7.107615997496843,7.420402115950194,7.205637128377903,7.521280370979801,7.132654215236668,7.277517965608283
Q8GZD8,7.992093566735577,7.903033267018842,7.990418234785612,8.014840286668166,8.115262159098924,8.003129502861425
O47881,8.009002809727543,7.949891851531343,7.897408869475913,7.9446874961484495,7.994496966441924,7.959097598665035
A0A098B5G4,7.200000232915421,7.200000304074241,7.200000180771452,7.200000553186194,7.200000274509107,7.2000003090912825
Q8NCG7,6.994948223115901,7.474838399642007,7.121946894330934,7.437476429856509,7.114727430106575,7.228787475410385
P06721,6.5314786352978444,7.568377080936337,6.049230610933838,7.132286304295106,6.531631188082671,6.76260076390916
B4XEK5,7.24371569474397,6.871687640001718,6.859846603906638,6.668679936888852,6.66089278466112,6.86096453204046
Q12640,7.706879772189996,7.73115687209045,7.521126913816397,7.892439300350173,7.5936563112409,7.689051833937583
Q6R4Q9,8.019659772926259,7.79992187887853,7.87430866110278,7.813659632195985,7.8563257405847855,7.872775137137668
Q5JBG6,7.048509004040862,7.329140491336297,7.4428283698544435,6.93993635841851,6.93964178197804,7.140011201125631
Q5SJC3,7.270701434442439,7.326457056872908,7.383499801003127,7.294857183169775,7.383476061002341,7.331798307298118
Q9SE50,5.888129872913407,5.565580783951509,5.888180667601489,5.706172928813795,5.811550873460992,5.771923025348238
O93647,6.419714415932174,6.352946434171065,6.566824312404189,6.385443486826714,6.297600787658136,6.4045058873984555
Q108P1,7.673257267566838,7.753757192120204,7.673265049305499,7.3176024580406125,7.8739343692184764,7.6583632672503255
Q57501,7.756163444789813,7.541631110978974,7.862161547392193,7.567137539154648,7.756067573771305,7.696632243217387
Q8IXK2,7.1230454363977636,7.0569664570025665,7.120567241969294,6.962908167918593,6.932671528847078,7.03923176642706
L0N6Q8,5.041648456638875,4.987991089596656,5.174150903814314,4.9351552182374325,5.139800391115855,5.055749211880626
J9QYL0,7.111680585810972,6.93685507078657,6.945381579985487,6.97939581339712,6.87625316320346,6.969913242636721
Q8J259,7.171917189006407,7.209941443134915,7.171983245590076,7.409454206896173,7.298036939918083,7.252266604909131
H2IFE7,7.8877835690848155,8.154049082317702,8.017956716493575,8.450261513647188,7.7501431128028795,8.052038798869232
B1HP60,7.758818599646411,7.589325726564299,7.758873864913228,7.659882221445448,7.664316165240061,7.686243315561889
O59828,8.41790704952202,8.196688394325506,8.132614259206372,7.957970464183466,8.485924047294116,8.238220842906296
P39476,7.357548807902409,7.3630302941389605,7.654826579054613,6.935098349802121,7.6580176294125675,7.393704332062134
A0A0K1E2F9,7.896648447402193,7.747670967534657,7.773708183658753,7.513977199473601,7.520949954554954,7.6905909505248315
P00736,7.7489616788454585,7.67245677853101,7.749013168548278,7.275126116482056,7.6203966580381755,7.613190880088996
O75795,7.416941278395203,7.414406391592328,7.414985298442071,7.356682574691242,7.415003534402936,7.4036038155047565
A0A0S2VC96,8.51595686522235,8.847277953826566,8.708707654733557,8.399379627824155,8.468387943811988,8.587942009083722
A0A1Q2SVY7,7.534195306145795,7.346618829578885,7.56934283200648,7.568344831473419,7.503467015102577,7.504393762861431
P51852,7.062111795855229,7.100365602125591,7.062188717389165,7.359352138999474,7.059594949886554,7.128722640851203
Q9RP48,6.523308704015687,6.568147309170215,6.583477810441725,6.736726601194424,6.588805921966187,6.6000932693576475
Q96YR7,7.009037896331064,7.202070016047975,7.243676885626878,7.171684643102395,7.196279806482731,7.164549849518208
Q5Y152,7.651349747092437,7.585510325537036,7.569399770648927,7.833814741987764,7.5172037424862035,7.631455665550473
P16116,7.161268819739836,6.931343080875399,6.8314503267448385,6.935446815753927,7.032565218880397,6.97841485239888
B1NF19,7.617993377113567,7.520920619974386,7.497819095704241,7.505786423070731,7.558098822461834,7.540123667664952
Q59632,7.650102928360842,7.699025027663754,7.663030858148452,7.884818354853097,7.677214178276992,7.714838269460627
A0A0K8P6T7,8.05703391366583,7.9992940645931725,7.931082817589675,7.433437308930255,8.122208683279046,7.908611357611596
M1R367,6.326300904541584,6.507394193329623,6.1895015657708745,6.678160777265228,6.259538645454852,6.3921792172724325
Q8MJ30,7.02321156756499,7.365473188557447,7.30929260833178,7.652965271749719,7.379610971341641,7.346110721509115
Q9SLA0,6.365700705062767,5.70051902259045,6.2976009679494345,5.843720671935111,6.088195453480349,6.059147364203623
Q87EL2,7.412176966132316,7.546075053785918,7.360446114489713,7.623456309311931,7.1529262928030635,7.419016147304587
O08796,7.4311791394023485,7.181015597837548,7.376191286504752,7.371211336908872,7.434588806018154,7.358837233334334
A0A4P8XUU6,7.553049759035801,7.3231021416960305,7.404466358297224,7.155202247637527,7.2552318970462695,7.33821048074257
O00085,5.330016876916355,5.029894450916564,4.951910975947706,5.237061716081522,5.1874421210607995,5.1472652281845885
Q9AEP4,7.680754876882574,7.628820043581171,7.583488217041979,7.405797834768368,7.612698824194274,7.582311959293674
P48643,7.783832218790452,7.781985215995983,7.800610749591206,7.669294509120335,7.787005118421868,7.764545562383968
Q9WZP2,6.938052836865462,7.203646117230174,6.73461510651972,6.940562782254435,6.795608498625412,6.92249706829904
C9WPK1,7.2105110365838465,7.193846242355097,7.274243034298681,7.115765153988552,7.310881154835631,7.221049324412361
O67644,7.4494219512183,7.502369662235268,7.87393893795661,7.5361708841792,7.3836781916606355,7.5491159254500015
Q5B5D5,6.420245281624926,6.803068370721828,6.07661449640792,6.224230678403802,6.507662243405181,6.406364214112732
D2T083,7.682154506410361,7.610389946295853,7.4491056593113,7.634832460744621,7.683847289914276,7.612065972535282
C1LT16,7.543804211374857,7.59400404468467,7.719455542796604,7.723906343035693,7.6116993595364315,7.638573900285651
S6CFJ1,7.698783347192516,8.376440826056555,8.3162601600303,7.891261493318244,8.259216184524952,8.108392402224514
E2GDF4,4.809898236868851,5.132946299112525,5.0417277706310255,5.052472814679644,5.126939633075771,5.032796950873563
A0A0P0DIY6,7.507025867052296,7.54327977589996,7.538463255582832,7.4526160705763,7.453564544596932,7.498989902741664
Q96EY8,7.731587674017942,7.779739044651765,7.656228099684359,7.68568875765682,7.815876367726412,7.73382398874746
Q58499,7.3179587289758405,7.386850294920634,7.456328249332598,7.678397226342888,7.428330545589856,7.453573009032364
H9ZGD1,6.386189272661426,6.477164889957112,6.294571233529565,6.395114671072143,6.697220516769343,6.4500521167979175
P54493,7.77527286927556,7.450354395169765,7.704314343411741,7.3202971440229225,7.555069223656068,7.561061595107212
G4XUJ7,7.826941548931071,7.703620924876462,7.685057722255705,7.66833943547188,7.781398983218098,7.733071722950643
Q4JC35,7.039086308852852,6.883898932644913,6.976464501603095,6.553368385258172,6.81149082876064,6.852861791423933
Q96G23,7.4624455451357825,7.463104279341448,7.455436662856991,7.40136881061966,7.459824573241539,7.448435974239084
A0A0H5BR52,6.5197936248196156,6.672153093925605,6.730986437927998,6.646407149190272,6.608203900164307,6.635508841205559
Q8TFE5,5.106572638368515,4.992957975072231,5.049508155544393,4.9171043966965415,5.106592512822671,5.034547135700871
Q9Z2D1,7.596416686547689,7.603455442191994,7.59642970765077,7.634724129611488,7.747277403701534,7.635660673940696
Q5A6L6,7.259772412141748,7.093315844169848,7.253100565649503,6.91794736636617,7.2529618634654,7.155419610358534
P52917,7.582171116045981,7.549890920531244,7.5654060852952485,7.518543102427639,7.499960108751176,7.543194266610257
Q9HA64,7.537719866994043,7.505271758111622,7.57298747074674,7.568735831420896,7.537693895789255,7.54448176461251
Q5BLZ6,6.315077173248135,6.44147375721598,6.046366723617519,6.611648739458077,6.3152086004535395,6.345954998798649
O95363,7.5606052227186655,7.536587747427918,7.547158978860731,7.826324148412017,7.561053152746681,7.606345850033203
Q82IZ1,7.505153615936445,7.511905184887462,7.476854967299285,7.513864023206074,7.321963443971201,7.465948247060093
A1RX09,7.451986308823341,7.347084906530356,7.086455535927936,7.258681390796055,7.086551146265088,7.246151857668555
Q9NYA1,7.364138223976569,7.133768329024691,7.103019342013313,7.204490474142129,7.361827402462415,7.233448754323824
Q709M0,7.549862318117233,7.504241340786038,7.49737140368805,7.499302828841183,7.607935702329728,7.531742718752447
B3VTK1,7.362397770468746,7.893505168151202,7.8449872520961605,7.834486082745262,7.8450701753588215,7.756089289764039
P09871,7.735355915023221,7.697458188508788,7.737442500193986,7.44474883776983,7.706163808981641,7.664233850095494
Q59825,5.652665158162084,5.221899003656481,4.189639145033749,6.171504423440068,5.031310497148804,5.253403645488238
B9A1J7,6.134256857253005,6.396792436931971,6.488303705098689,6.730626599024546,6.676191023992922,6.485234124460227
C0IRI2,5.627393763495649,5.694160160032038,5.639594871273655,5.720098278397631,5.610800461499049,5.658409506939605
P21396,7.48703377306174,7.842387763665906,7.621663259650948,7.613116064231738,7.542763586217588,7.621392889365585
Q10LH0,7.04244107502656,7.119629527346798,7.056576974701002,7.073201162280064,7.0261270610060045,7.063595160072086
Q27793,7.087091266811623,7.2646652684698365,7.159391002201615,7.429464574859275,7.549981582912023,7.298118739050875
P0ABJ9,7.454900828295371,7.574203681622533,7.695023742649937,7.755708039227776,7.5743293203902,7.610833122437164
B8E1U6,7.434417616943503,7.282183980587448,7.462690539497687,7.385961324429055,7.434340138241478,7.399918719939835
Q44492,7.036486445790547,7.09619576221826,7.003111639350494,7.019484229250505,7.003143787728676,7.031684372867696
O28778,7.019810670411692,7.083930674862648,6.837383487030228,6.778881681903344,6.838063440408122,6.911613990923206
Q5YYQ3,7.619137267035185,7.680293673944546,7.641835133865714,7.571926193278228,7.641798502729406,7.630998154170615
D7VBA0,7.8755161480151745,7.898950595731692,7.860541344600799,7.738745471447371,7.847762738937375,7.844303259746482
G0HQ31,8.029117441608733,7.851736747287591,8.02909625937115,7.990098192122396,7.780367810995473,7.936083290277068
E9QYP0,7.5000000723484606,7.500000188687345,7.500000110159518,7.500000165561359,7.500000092051644,7.500000125761666
U3U992,7.783368289084469,7.671900377178509,7.665541969653808,7.326237649022857,7.783367059811483,7.646083068950226
Q0SE24,5.742510477236548,5.827484313093674,6.301758281254603,6.857383178258993,6.390584723371801,6.223944194643124
Q8GR45,7.297536872664143,7.696284725150112,7.514518933667885,7.44639166804395,7.447069436075567,7.480360327120332
Q04609,7.902686673367598,7.529131194544802,7.7716548216388075,7.304638825318378,7.791024984443642,7.659827299862646
P96091,6.733052051942696,6.734082964100758,6.806919172245823,6.747667120586677,6.732962591005778,6.750936779976347
D2YZL5,4.993325704169676,5.142417597433325,4.848864555492911,5.385258046203626,4.9722719731461815,5.068427575289144
Q32L40,7.687501225024095,7.663290796822982,7.667144663013279,7.690741317651508,7.826494129596867,7.707034426421745
Q51548,7.962194100204795,7.901014735829487,7.99563794758848,7.9516860796257856,7.957666530894704,7.953639878828651
Q92LF6,7.4481563819492616,7.541808682799484,7.479675885240047,7.511198339047467,7.528308255176549,7.501829508842562
Q0CQ16,7.515690446883118,7.523444229023127,7.435265968434632,7.56231664567428,7.437670030117576,7.494877464026547
E8ZAP2,6.732398220419351,7.0524256866310235,7.280741107428908,7.1737084513486895,6.988398432663905,7.045534379698376
A0R4I6,7.7097047120731235,7.741213737840293,7.635825858882,7.909465868403574,7.742080211059818,7.747658077651761
Q00535,7.354285010210546,7.319903478886307,7.272517075833248,7.372829754622406,7.232335147205462,7.3103740933515935
D5DCL0,7.523486374280511,7.518860847295394,7.5234782688128155,7.60506404653366,7.534530434467669,7.54108399427801
Q55777,7.770271810173514,7.636264819092295,7.5073378606030765,7.734655970795185,7.723382174459044,7.674382527024622
A0A286S218,7.675374018117452,8.037530112702175,7.65939184958515,7.8335455060217605,7.760233350358327,7.793214967356974
B9K0V9,8.147347269121411,7.969105607219564,7.952924307791201,7.591315163473675,7.905167724358673,7.913172014392904
P48418,7.499999999999999,7.43829979533897,7.422113252667292,7.391237932206007,7.422374023542782,7.43480500075101
A9ZND1,5.997700574170458,6.259594910835524,6.450371336670783,6.303530483576488,6.264148504081253,6.255069161866901
Q84KI1,7.485803364897139,7.507477174338392,7.487845947996259,7.50317023187772,7.471320042716406,7.491123352365183
A0A0K2SQX3,6.15925576000832,6.2027844669175725,5.984255903320461,6.290740627629103,5.951113925254945,6.1176301366260795
Q1JUL0,6.265483895479568,6.262016418500038,6.058746354119014,6.156677474469791,5.997788224848046,6.148142473483292
Q6R7Z5,5.094424660036133,5.167117194532411,4.822640185918188,5.713741558885387,5.258400805333102,5.2112648809410445
D2RIQ3,7.433779810880359,7.395450821039972,7.434394058486663,7.463630960120815,7.437629947214696,7.432977119548501
P27680,7.72862459746884,7.786646338703911,7.629981245712628,7.600667498492432,7.728638612655223,7.694911658606607
Q88JP1,7.222104031629995,8.03821762726207,7.767182634456897,7.483110705967582,7.846790212751835,7.671481042413676
A5IKD0,5.541235873420864,5.6016225545088805,5.588018526365007,5.9973732984675765,5.298753621456597,5.605400774843785
P22319,7.162852330814736,7.688693606448765,7.5150048941527965,7.611568004633429,7.51494340161111,7.498612447532167
Q58134,6.958029875588764,7.361336148262304,7.477064915911128,7.563230714835268,7.307137211852037,7.333359773289899
Q13126,7.672467311728136,7.598186678436047,7.672537232102261,7.310168173437076,7.648133400778629,7.580298559296429
A4UU36,6.98134714651584,6.603336523460434,6.818108760925165,6.985742400966523,6.930624155081711,6.863831797389935
A0A191T887,7.395391976253844,7.432150958378328,7.494591688614607,7.389938410326104,7.239854638716875,7.390385534457951
E9NR87,6.960940999125189,7.040329361516116,6.988025461369494,7.356841895947724,6.988106831032309,7.066848909798166
Q9I4W3,7.957266177575795,7.862620767862831,7.847340223986105,7.932627957325253,7.892741793911985,7.898519384132394
F6L7F5,6.800393623934417,6.627776075840189,6.599627239411292,6.817238289055566,6.805116104475535,6.7300302665434
P54577,7.650798015686866,7.673421649735283,7.683689918484017,7.753376036855673,7.612821074147272,7.674821338981822
U3KZM8,7.248775400468408,7.306531749515112,7.352021911186881,7.378054247882885,7.354150264011769,7.327906714613012
Q9X6R4,7.3615497048306855,6.753021371627564,7.117307911252131,7.22511039649685,7.117243929473594,7.1148466627361655
P30986,6.384247453866077,6.123330494691257,6.470698646834722,6.289093991550137,6.470597166271263,6.34759355064269
Q9S5X0,7.780274159931991,7.766929347274009,8.060430167947178,7.683409524579954,7.805052314653181,7.819219102877263
V5RE14,7.483612123079389,7.350199274592598,7.188883858412737,7.199724236600487,7.188827307033617,7.2822493599437665
A0A2U9Q8M3,6.7082369727752695,6.313293845062394,6.136548688469287,6.339543336960752,6.60363843905331,6.420252256464202
A3MWL6,6.312336765694463,7.0013757814975,6.9596346205579085,6.580602837292928,6.342280006274266,6.6392460022634125
F6IQ86,4.199608379983242,4.310046272597646,4.1239784286345476,4.886568666701085,4.167036775744812,4.337447704732266
Q3L6N4,5.851030044225453,6.148041226893223,6.032372968836046,6.329849891173,6.102287750292782,6.0927163762841
P79208,7.602811695326345,7.6944004766653435,7.6167481543912405,7.276998485184985,7.7522877496561176,7.588649312244806
Q5GHF7,8.066612180133932,7.996008348472683,7.515414720494835,7.574855010836369,7.527290352914584,7.73603612257048
A0A059Q746,7.618006848807561,7.423796408613638,7.529567308555841,7.117019926756949,7.511237479687251,7.439925594484248
Q92819,7.134571525200876,7.145431379758792,7.12862240837175,7.149934280557825,7.134569927020146,7.138625904181877
Q4H2B4,7.171590899642162,6.934663819578287,7.196013638126885,7.042145792901,7.233850177113917,7.11565286547245
P99159,7.017752054610667,7.103667433031672,7.077001523493661,7.340934552722609,7.241152553991268,7.156101623569976
V9Q624,6.014071434870481,5.63747431716195,5.907740554656411,5.786960903422211,6.013667483195848,5.871982938661381
Q4J9M2,4.563000017351152,3.694900954776085,3.0139055077363275,4.389263411618508,4.1475752373160395,3.9617290257596225
E1APH5,7.166282789445349,7.026602463842283,6.544012903759244,6.6500729671318615,7.166262344963633,6.910646693828474
Q9LDH0,6.254111158170389,6.39293033334583,6.817475782872295,6.386058096920839,6.731552192277076,6.516425512717285
U6A566,7.252991445759886,7.698086000957221,7.178075714104663,7.577225940333239,7.566491228367573,7.4545740659045165
A0SWS3,5.796418356793351,6.228911645337215,6.178603969838931,6.423272282888873,5.948073041217139,6.1150558592151025
B5U8J7,7.628998232429742,7.647600832640756,7.527668286138697,7.488588024342842,7.527652402803365,7.564101555671082
E2G4I9,7.300914009840357,7.034596685839117,7.283043513193294,6.881523773225923,6.992027811011749,7.098421158622088
H6WET3,7.2,7.150245892844453,7.199999999999999,7.2040997472559,7.200000000000001,7.19086912802007
P31072,7.860890080713138,7.848394617375499,8.144206465476726,7.672302265497011,8.001378260671949,7.905434337946865
Q76FR8,7.508867710778167,7.414872689510323,7.499999999999999,7.282891648086079,7.480296975193325,7.437385804713578
A0A286XL02,7.638035192942233,7.522649091686039,7.4593856899676885,7.711067487979779,7.610778985257371,7.588383289566622
Q5U925,7.4872583540109074,7.602562730478777,7.487383750607356,7.742415683413903,7.555941330429815,7.575112369788153
B3LF83,6.853414001669154,6.753830993666079,6.845236833598467,6.864620942378659,6.845206858555846,6.832461925973641
A0A399G7U0,6.450867089971866,6.595918622197607,6.518265558901375,6.641035583985097,6.317273747942802,6.50467212059975
A0A061D1S0,7.3652790483385315,7.395401247386317,7.435960587827778,7.413244321019192,7.3651768877958474,7.395012418473533
Q9JII6,7.399999795611203,7.399999390709974,7.399999777469576,7.3999991882372855,7.399999525853694,7.399999535576347
A0A2U9GGW3,6.402085666998491,6.910691212514819,6.605370305194737,6.966755396377692,6.738104955873056,6.724601507391759
Q90WM1,7.672563236919434,7.3883960460884746,7.590702577050947,7.225883417003673,7.727102203058066,7.520929496024118
D6RU53,7.848289626859991,7.671219825421152,7.966995599135701,7.41470432297137,7.6817719313506405,7.716596261147771
Q8MVS0,7.2781771178227785,7.150929177588089,7.4400412632678,7.416190129283642,7.440275915136049,7.345122720619672
Q97W94,7.5403339442756545,7.747780068674059,7.63599498528271,7.692385420146995,7.527315935427233,7.62876207076133
Q7WZT5,7.509784513486573,7.651535061609778,7.096662902918538,7.60305579334227,7.391925721038324,7.450592798479097
N1Q9R6,7.163244817018629,7.276897439686964,7.163273387110764,7.815961783415903,7.1736304662881,7.318601578704073
Q3MUH8,6.403364989476377,6.714968508072787,7.096363032564152,6.270893380261891,7.096330151158498,6.716384012306742
O97071,7.485718961107678,7.558122650116156,7.5249719464882405,7.556467866243176,7.427886311789637,7.510633547148977
Q45NB2,7.583899607938531,7.552087439446784,7.529198199444498,7.611854338047405,7.583903634777098,7.572188643930863
P0A870,7.4160619178704446,7.441331092620892,7.519072489260832,7.533767906764105,7.48321840998803,7.478690363300861
Q147X3,7.249861088123533,7.317635190983897,7.262366697867972,7.555106128580805,7.57087554891851,7.391168930894944
Q3Y5A4,7.441920364661743,7.744362860280057,7.575821961946888,7.701240518296521,7.648793061870535,7.6224277534111495
P06634,7.486507382551545,7.601261886845582,7.494347684604678,7.603593696030653,7.565030591902559,7.5501482483870035
W8QRE4,6.517900714904806,6.585953358205494,6.528963814210639,6.916915724134727,6.517965540875399,6.613539830466213
Q63159,7.966056258039076,7.7224456167698925,7.814179629629493,7.574237817792401,7.540260280225409,7.723435920491255
A9YWH8,6.104624687845485,6.10518488915941,6.330649075889189,6.197784702873968,6.047832623935204,6.15721519594065
X0M5X0,5.80228641896318,5.8717374892028,6.060627221329638,5.8597087894368025,6.115523237260033,5.941976631238491
A4UA16,7.508913615386383,7.57031562348332,7.508887576988556,7.66153113276219,7.447312637383932,7.539392117200876
P16406,7.4874867945278,7.487326227383183,7.5972717611407194,7.307681444648878,7.5971968592245975,7.4953926173850345
C6FJG8,4.570870794900508,4.5388406823302825,4.352484725173869,4.9681162822035665,4.435928086864803,4.573248114294605
Q306W4,7.802548064976677,7.804974140455654,8.00551547208,7.986663477365804,7.587207934904891,7.837381817956604
Q96DE0,7.863000407975368,7.600205577552505,7.705432969051339,7.464593030160586,7.705259844999108,7.667698365947781
Q9LA16,7.671785566993813,7.546450278974628,7.489779826120482,7.4951824044079665,7.489845368185453,7.538608688936469
Q2HQR8,8.640570671474201,8.566994050100426,8.611358035228038,8.487405552132469,8.61461001165662,8.584187664118351
Q2U4P3,6.914334248742931,7.025563264218718,7.423486967224179,6.45635092469576,7.208696615226894,7.005686404021697
O59445,8.057361671383493,7.955550458849257,7.784021446390207,7.842212147353096,7.980754056793343,7.923979956153879
P14489,7.004823957855689,7.135799352844694,7.207145679469932,7.112658257105144,6.937421025202517,7.079569654495596
A6Y9U8,6.271828202802178,5.969414794090997,6.062041735708165,6.154434270668532,6.29569993919618,6.15068378849321
P44046,7.56256169586039,7.793679269397266,7.160320547371821,7.504220169817037,7.853102492346273,7.574776834958558
Q9LCC5,5.6429629292964965,5.930578362490428,5.848573083687782,6.26030621085885,5.993419974295083,5.935168112125728
A0A0K2E5X6,6.877096512023713,7.011043762061992,6.950592561457867,7.241375145280163,6.778302911324691,6.971682178429686
Q92R47,7.73763861829664,7.596116384510944,7.685430164859779,7.889452265422481,7.711131551656129,7.7239537969491945
Q9FK25,7.557037825671496,7.608161651601513,7.749673395454463,7.6347702025679505,7.619961944927115,7.633921004044507
Q6F3I3,7.36718297436142,7.388309079068743,7.271285612094477,7.288123993562792,7.283045161973446,7.319589364212176
B2DEV1,7.309237949651716,7.670849418482083,7.609949393302111,7.760098040878298,7.615714768566768,7.593169914176196
G0UZY5,7.620355894724958,7.347199369386682,7.4488131883145705,7.557400547972365,7.768078570357211,7.548369514151157
Q4DGV2,7.299585215952161,7.291688893400938,7.259265419948493,7.416482995796866,7.8426384954769555,7.421932204115083
G0SGU4,6.750178340979552,7.025362478304328,6.956989648949335,7.595717012480687,6.769074985545629,7.019464493251905
A5XB38,8.182449551148698,8.268639948146236,8.471349858550058,7.78922117779868,8.182339115687125,8.17879993026616
P55984,7.468440644251188,7.552591711756994,7.8032053176638545,7.5160154295619135,7.803199334285759,7.628690487503943
B6SBM2,7.950480204459476,8.247976675496268,8.060162637421131,7.916159095876828,8.27812403448425,8.09058052954759
Q6RHX7,5.797784800524765,5.6988542666323125,5.838005462147902,5.803565312747125,5.76272770806256,5.780187510022932
P08303,6.5756998299500244,6.922745257252691,6.784063096411649,7.166044849130666,6.319051078988149,6.753520822346635
A0A0E4B3N6,6.736086377940362,6.564957011886735,6.154520514207089,6.775392742969781,6.520157367384769,6.550222802877746
A0A0H3K9R1,7.500000064114191,7.500000090100783,7.500000098127951,7.500000103606589,7.5000002792018,7.500000127030264
Q1HER6,4.996693326230063,4.952130278861099,4.854720064087807,5.640333700868458,4.996631468608294,5.088101767731144
Q86D78,5.6458832070732585,5.463180662174765,5.883040896824204,5.776105548096298,5.645913561067434,5.682824775047193
A0A1G8DI07,7.3545942067727745,7.443388966536593,7.496555343885545,7.515893630907138,7.343816556381776,7.4308497408967655
Q70G56,6.958404222067701,7.292875324114562,7.042407299698346,7.360236823468782,6.958310666010512,7.1224468670719805
P23381,7.601295234169006,7.5031973148448605,7.518512231328811,7.688137497165413,7.500201845553066,7.5622688246122305
Q5ZXE1,7.613367688734589,7.619158967003383,7.513324841174928,7.911520346289206,7.594858495184869,7.650446067677395
Q8U3K2,8.206833743472858,7.9557973280094165,8.078930429398365,7.373966077120318,8.20691006898528,7.964487529397248
S8GJB1,6.842903123284249,6.683286642173799,6.841878525761872,6.358107305520378,6.843328050302846,6.713900729408628
Q9UUB1,7.620591786824704,7.740372361151119,7.644847849075728,7.911208559107323,7.620517952330107,7.7075077016977955
Q9DB60,7.221918225376799,7.241420013493373,7.320097155906032,7.310677977259693,7.221922545741118,7.263207183555403
Q6XMI1,7.76714501148752,7.734851854783642,7.6611698631748375,7.60808737301619,7.708972632997043,7.696045347091847
Q9X1V9,6.2470887758857705,6.202468404380554,6.38325733753525,6.515114675530818,6.124930563051959,6.29457195127687
Q9KPK8,7.67955604993042,7.720965639566911,7.696891924169196,7.651083566680316,7.696896563080166,7.689078748685402
Q9CAF2,7.3717763544958474,7.51151057920529,7.556514425113657,7.726214608283649,7.5565254077524235,7.544508274970172
A0A088BCU2,5.988307578246644,6.228207276736472,6.169242512688592,6.176318906140779,5.902384524573234,6.092892159677144
A0A3Q1MVP2,7.456760885166772,7.4480867694682455,7.442446181058405,7.411725837149745,7.442574199933385,7.44031877455531
A9BHI9,7.618036841533875,7.956787218253454,7.683168181185148,7.554789497556645,7.238016830844132,7.610159713874651
Q9SPV4,7.552273042867548,7.617906262287631,7.552309228706053,7.615459357469887,7.614410244540994,7.5904716271744235
P00698,5.527093083916316,5.2477155077469115,5.521810965716278,5.823803693416263,5.46323390550892,5.516731431260938
P80313,7.80393505842663,7.793552317325343,7.803904768994713,7.771426238203903,7.850611413815119,7.804685959353141
P04063,7.403097593859024,6.682926239573157,6.933590332434152,6.613331387787851,6.404387160647958,6.807466542860429
Q9K2N0,7.2,7.315656105587999,7.2,7.256207720971906,7.199999999999999,7.23437276531198
Q9S5E2,7.408432447525242,7.564896125231839,7.548863048636974,7.536088657957281,7.4134100485915635,7.494338065588581
A0A0A7HLG5,7.726418696288662,7.72316893032206,7.72163274308612,7.3608358524412605,7.726401920042707,7.651691628436161
Q5U924,7.415698830937972,7.688975264595865,7.524478189785576,7.635342534845079,7.356603200269114,7.5242196040867215
Q8ILW6,7.579236697957256,7.369695179793424,7.607895462932848,7.3392253662489795,7.538251091737032,7.486860759733908
P0A9N4,7.312182351421024,7.390431348670396,7.381902728076479,7.673016051223605,7.620100496592788,7.475526595196858
A3FQA5,8.469696416881519,8.599566767992018,8.658195157154841,8.238274993606073,8.832253293140058,8.559597325754902
M9VTY8,7.00008188792335,6.975650484610857,6.929503776054135,7.119443663998956,6.929517562082771,6.990839474934015
O66064,5.474328412676532,5.445578944549991,5.488317070177308,5.621425636546897,5.771968673750184,5.560323747540182
P9WNS5,7.071677110048126,7.351522344105875,7.2111359759232,7.2902267580964795,7.071700307883299,7.199252499211395
K7ZBX8,6.956210733200198,7.196004723867453,7.131381273210759,6.3563024720248515,6.956172084540991,6.91921425736885
Q05193,7.509134503846261,7.524628171251379,7.4883759604512115,7.529962553817803,7.507434893620874,7.511907216597505
C3VPJ1,6.1711718375636595,6.314819464757367,6.0307427425608875,6.139033493239573,6.093064219815783,6.149766351587454
Q02724,7.740830608860472,7.8655258235397705,7.729435761245358,7.52204617410867,7.740828399801455,7.719733353511145
Q2VPS0,7.133454241183876,7.1337758902312185,6.863580259825483,7.2807878986536005,6.8636618110824275,7.055052020195321
P17560,7.330741661275574,7.38162782507274,7.330832833949994,7.2397495470467845,7.020783975069627,7.260747168482943
O33838,6.251559022231111,5.966292179868029,6.0272065113287585,6.398284441841674,6.027161261817425,6.134100683417399
Q84NG3,7.5,7.451595345647998,7.434591389678944,7.414033831116021,7.4360386036840715,7.447251834025408
A0A1C9V3R4,5.349286297098559,5.570258841192584,5.349272078654276,6.291131865550653,5.4199014598617135,5.5959701084715565
A0A1J4YSL8,7.786187634034061,7.7482883078079015,7.889648270997673,7.586807102962705,7.916500585947782,7.785486380350025
A9XR52,5.807973486871338,6.347398128992862,5.601284468612981,6.40829325409466,5.854956897576712,6.003981247229712
Q9XZT6,7.775571985811927,7.750852415736952,7.885974641191571,7.6305953535070445,7.849275800626006,7.778454039374699
P12653,7.643031930137293,7.60629392381936,7.446866752472966,7.73293775211344,7.50303733219996,7.586433538148604
Q401R6,7.290253990747042,7.549375389405493,7.49743255652936,7.350753629800895,7.312224223284001,7.400007957953358
P9WJA1,7.464635914084871,7.423854570721766,7.50265693044682,7.424127801843513,7.464610857236708,7.455977214866735
Q53389,7.800233170492306,7.651122988266406,7.800204345602573,7.394620943775358,7.894267780177405,7.708089845662809
O87870,7.576123076965823,7.584900310021968,7.931084749996493,7.520971878962905,7.93096787062383,7.708809577314204
Q19R72,6.0715375653185095,5.998698518949499,6.05435624049929,6.316326317504595,5.99895243246871,6.087974214948121
Q9F234,6.651351936936623,6.810169081890036,6.408797170587851,6.5689688602886065,6.4892767978696675,6.585712769514558
O24319,5.374849993141612,5.513963525761947,5.374832655073408,5.327779817066573,5.598487962365729,5.437982790681853
A5A5J1,7.172082921871006,7.166627981029001,7.172152400945027,7.12589808693571,7.172137969812017,7.161779872118553
P29758,7.7173132594791145,6.982541678375561,7.590150293435799,7.698188730221594,7.642353569590172,7.526109506220449
Q10RB4,4.352269896673655,4.334169168313543,4.70774988754167,4.98719439424852,4.52501524281181,4.581279717917839
B8YAD0,7.856974238899577,7.899339505601619,7.913016623862264,8.110654193103336,7.843167892173196,7.924630490727999
Q96KN2,7.453705887215176,7.516611055022458,7.227023659473562,7.359316923575986,7.42225107419657,7.395781719896751
E9AMH6,5.887818375303628,5.9942494994639555,5.892173511439626,6.34412745494861,5.862620245296678,5.996197817290499
U3T1K4,7.98638395941953,8.047728442156423,8.045348101294042,7.824765154157879,8.07492858889178,7.99583084918393
A0A059VLI3,5.838286465371473,6.061545368772538,6.4239583999212835,6.5312120485100955,6.377665695048012,6.24653359552468
P39669,7.619438257796355,7.910072299538042,7.6969171182168425,7.922079484436469,7.6780488457155105,7.765311201140643
A4UU35,6.730799533428546,6.935514330060592,6.914855356436757,6.910340277729046,6.945492960075711,6.8874004915461295
P17169,7.573305518476895,7.638471563366379,7.569395319759588,7.802573388624197,7.758789111159677,7.668506980277347
Q6EB26,8.030871489522756,7.915187510019922,8.01479684273646,7.963014989445827,8.097887712286846,8.004351708802362
B2BZ80,7.023880499295041,7.0823735702980875,6.535108283590043,6.494378309351133,7.023813360335071,6.831910804573875
Q3SYC2,7.431775132517638,7.373826109744664,7.4643986774052165,7.573275739829708,7.464401249939581,7.461535381887361
Q8WPJ2,6.156469560165913,5.855359445279503,5.847625668575174,5.22644911587465,6.021322455001456,5.821445248979339
V5J3M5,6.607670830278168,6.645927986981674,6.633794638985164,6.458404842506162,6.61462603095466,6.592084865941166
A0A286S1Z7,7.145802316302816,7.289407634974575,7.135509945618232,7.506636184044055,7.1360103018851335,7.242673276564962
Q02745,6.429287841257641,6.441600312055772,6.490166431616668,6.41264811865331,6.361174607855687,6.426975462287816
P9WN65,7.992230342825169,7.951605553655321,8.059184824589517,7.799630866135902,8.059150984327804,7.972360514306743
C6FWG9,7.94405300043738,7.80854381678877,7.846888513956401,7.773011831516897,8.041618872298823,7.882823206999655
P05979,7.52711896223991,7.533713098474841,7.416820221301687,7.361124181502425,7.63379892091499,7.4945150768867705
Q92AS9,6.851233643025457,6.7694012864185735,6.851145251445054,7.0535535780382235,6.623386947769442,6.82974414133935
Q8YZ99,7.451529553163364,7.810558288750425,7.451529326078697,7.650301013170673,7.684737758052144,7.609731187843062
Q4ZFU2,5.355859122989013,5.937948304263705,5.71815392379509,6.08382307427099,5.355889892653378,5.690334863594435
P09601,7.430572605567218,7.506015273359529,7.391333469374781,7.679068032070478,7.447626488966036,7.490923173867609
Q973H2,5.765092353625485,5.7079667353572585,5.76854199719931,6.037716057195258,5.768508603659755,5.809565149407414
Q0ZS22,7.68239594755715,7.6779013099804985,7.513518059962591,7.569390637362523,7.68239150447438,7.625119491867428
P08432,7.791661481036146,7.673403588377082,7.7027010358817085,7.514559631680376,7.702742023973139,7.67701355218969
Q10714,6.043247479775826,5.9806103042882945,6.037140666095692,5.994390917188414,6.128754427125582,6.036828758894762
B7XC00,7.132029007106547,7.26562444096095,7.13853523424214,7.525912311266416,7.1385420032311515,7.240128599361441
Q8GBB2,7.281658150833351,7.486683149049281,7.497613214791134,7.139954350649038,7.497513933176324,7.380684559699826
P27213,7.60432052092146,7.562741855895422,7.492501990647525,7.604923467079735,7.480293035913418,7.548956174091512
G1JTZ7,7.135153653469398,7.219814815174425,7.0188337573266155,7.521344839317408,7.081515565318965,7.195332526121362
F1T2J9,7.422906370130735,7.498918461610394,7.491721908590593,7.858656372409024,7.444914784541864,7.5434235794565225
O93656,7.439509505791784,7.626202827225842,7.90430319323965,7.664007648616967,7.4421826631690715,7.615241167608663
A0A2U8ZSD8,6.790254552536186,6.621378604364507,6.790149569975924,6.554466024303206,6.438795663603206,6.639008882956605
Q257D4,7.257122723766088,7.337039528118691,7.313261608515841,7.434907695711281,7.378549929227698,7.34417629706792
P17987,7.692741220901546,7.667010830579483,7.67228125269323,7.692736519114466,7.827110678765591,7.710376100410862
Q9C6D2,8.001316940260642,7.863147462155928,7.872568519199463,7.705612248595529,7.90362594056071,7.869254222154455
A0A0C5H8Q7,5.401344318123394,5.232085402446506,5.3609978031371925,5.045685523025501,5.144148561884709,5.23685232172346
E5LLI1,7.352429693547765,7.380075674717083,7.519707773838379,7.357201292759375,7.519666905039403,7.4258162679804
Q8GI16,7.457695217012178,7.471922448747488,7.388625180867962,7.482751567357322,7.51563558518797,7.463325999834583
A0A167Z3Z6,7.837355800467273,7.574402437496863,7.977252476916501,7.460371721658456,7.691638952055838,7.708204277718987
P15807,7.766601871049851,7.696165216017894,7.552750578424622,7.799565182039325,7.766528907396224,7.716322350985583
P80315,7.824909726199623,7.801949436291157,7.840018732505085,7.7732198386101405,7.781331703532499,7.804285887427701
A6P7M9,6.436032450970084,6.04811624505004,6.145323770405715,6.20220001552839,6.115544740916755,6.189443444574197
O67625,7.953657297364969,8.075737568295036,7.843106310573499,8.091139746755198,7.979579821881984,7.988644148974137
D3G6S4,7.828359592558792,7.821088871324133,7.837714838855363,7.438323421235876,7.536705688326177,7.692438482460068
Q3ZPN4,7.0404690494079745,7.186973670741002,7.521095065200451,7.222861848974184,7.434715510172187,7.28122302889916
Q9ZV40,5.85858606585563,5.835081167255489,5.962576071003289,5.770697984398227,5.791587991630759,5.843705856028679
A3MSD2,7.415489172874752,6.732138363029859,7.484337855202365,6.9782361367530825,7.5437209548282755,7.230784496537668
Q8KTX1,6.658338549446371,6.550535890922847,6.658343284599775,6.7625223973812165,6.599331764383587,6.64581437734676
P12154,7.18442805183848,7.196658291008481,7.207276451429677,7.043451539762214,7.189831561741479,7.1643291791560655
K7ZLA5,7.4855155246234775,7.547445068989328,8.255274003498544,7.9024213851128,8.298035661368909,7.897738328718612
P11350,6.901484238711174,7.1496626795307865,7.043957895596329,7.355318677355053,7.754269670837991,7.240938632406267
Q5NLA9,7.6569769476559895,7.515542835678595,7.742970041615783,7.156630059566707,7.74290158288431,7.563004293480276
P97501,7.600323200262759,8.021374478793927,7.873559982028571,7.836267332297843,7.600361402763992,7.786377279229418
Q9H3S4,7.4400461829934965,7.26302326467009,7.440027616142578,7.31409644392256,7.440057895079841,7.379450280561713
A0A0U1ZF25,6.685883963167668,6.393299754914745,6.327758751461435,6.7495205130684495,6.507106969833935,6.532713990489246
F5H5G0,7.00000016142544,7.000000166541143,7.000000069078932,7.494660191904515,7.000000131868671,7.09893214416374
Q8K4X7,7.2853123105756055,7.266068270999318,7.529506357288511,7.511570474506527,7.319857261519402,7.382462934977873
P05042,7.829472756215849,7.868786477510943,8.027098228942487,7.922963653446259,7.85742162155998,7.9011485475351035
P34059,7.272145905640828,6.872839061726754,7.272279240308276,7.107917101520128,7.272329113708133,7.159502084580824
Q9L8L8,6.545247048135807,6.798290032465463,6.544783908683569,6.270535535576674,6.544676893328923,6.540706683638087
A0A1B1FIW0,7.48011601699975,7.441426504980368,7.438898020590292,7.454437946757761,7.498658153485819,7.462707328562797
A0A1A9GS29,7.691732048586245,7.683570792434475,7.547664026476895,7.4726712071376795,7.808211520890623,7.640769919105184
Q6WE15,7.190455447204172,7.626539731753073,7.540290202604496,7.441658722194555,7.258775680769604,7.41154395690518
Q48296,8.019632570452442,8.02570484856399,8.045233066878888,7.903095255663341,7.796681577708938,7.958069463853519
O24421,7.420719291577017,7.317608993193103,7.378977637720127,7.24373747899255,7.391132965613756,7.35043527341931
O57935,7.108071465011638,7.345688707644128,6.969146278323644,6.963447842316991,6.880184876127992,7.05330783388488
Q16820,7.614249809514726,7.669149469637523,7.7365059366020175,7.520441415992812,7.583650348159193,7.6247993959812534
Q9DDE3,7.500838223656379,7.501872690524282,7.482154633169457,7.443913970142553,7.445846470470991,7.474925197592732
P62368,7.481787200479821,7.571785402733703,7.398047061483938,7.443999089013425,7.481773105012329,7.475478371744643
Q97YG7,4.5815261680311385,3.9370477326525646,3.3274220862069024,4.94822833899309,4.30806071653109,4.220457008482957
P15531,7.664902000465751,7.759739317837314,7.5594977991649115,7.5955703231303335,7.628238991400697,7.641589686399802
P00598,7.985347362089087,7.525187556474555,7.9385530850092465,7.428531449609362,7.7813687018014575,7.731797630996742
D1CE96,6.966569871776586,6.892048001505526,6.9274827068587,7.078091789894309,6.81627348308453,6.93609317062393
V5ZEQ2,7.990625578153622,7.958247669647672,8.007114178915854,7.797468025002837,7.968816649311385,7.944454420206275
A4ISB9,7.574401885403781,7.731019329733353,7.57442777369505,7.730222653786244,7.703556512349494,7.6627256309935845
O24529,7.57840043587,7.607231943589436,7.543785797946922,7.653449544045061,7.543699793027547,7.585313502895794
D7GXF9,7.038373900339753,7.248800154786502,7.104733130888039,7.094300570369654,6.838069740363686,7.064855499349527
Q5DD64,7.195649557955084,6.855458114403464,7.029184853123763,6.8743395477174625,7.060724437375375,7.003071302115029
D7VEX3,4.890562452211239,4.788227901558588,4.673397973618061,5.180772962535249,4.747885926298557,4.8561694432443385
F8SUI8,6.970180105782014,7.001086915319368,7.180078938136303,7.2281005513099705,6.601856524425563,6.996260606994644
P50123,7.478776215727073,7.41389060036688,7.58153977260883,7.305764432695789,7.5814600776780035,7.472286219815315
Q89E97,8.285286265852005,8.16252856797728,8.285396019423544,8.041255199447109,8.147781494112932,8.184449509362574
D3Y5N8,7.73079906851436,7.671360205872634,7.672912654491055,7.078229882387545,7.672837210814117,7.565227804415942
A0A191W0D9,6.948378966392944,7.299020481713995,6.983549387881987,7.293097915262661,6.907286630764529,7.0862666764032225
Q86RB1,7.88703482944676,7.913988003676543,8.066213263477492,7.714769865663927,7.908873774126738,7.898175947278292
Q2HQR6,8.460701774277808,8.564360895882485,8.350026664119545,8.698413849477394,8.467852032444144,8.508271043240276
F4YTG7,6.1081686674936435,6.72447709286453,5.99627083535195,6.298012579465587,5.9734471388728,6.2200752628097025
B0JDP9,3.5559297019177003,3.575853191035697,3.72523083306828,4.242030976681536,3.62719423546375,3.745247787633393
C5H429,7.5,7.431200569381617,7.5,7.351826726760925,7.5,7.456605459228508
A0A1B4Z3V0,7.3019899678797975,7.427720731542477,7.345992231683391,7.579945940942342,7.341336465500472,7.399397067509696
A7L844,5.332020394550839,5.396804491243551,5.332118361693091,5.700405897265911,5.332090515957237,5.4186879321421255
Q72K29,6.000000619750295,7.134955806540883,6.000000395300839,6.933344488726415,6.000000438735742,6.413660349810835
P77690,7.684771969720621,7.646712157001491,7.515918051566686,8.017970088470472,7.645484353276935,7.7021713240072405
P20971,7.029133140294374,7.1623878615776375,7.0291198323434045,7.582123243606737,7.237533440639894,7.208059503692409
Q6XMH6,7.075406389247298,7.263507836714312,7.205222716019693,7.303402051304061,7.076747207385216,7.184857240134116
Q5XNQ9,5.353116509902451,5.173093322676096,4.960097249428358,5.184137618923397,5.0897081705878335,5.152030574303628
P95949,6.871751865550737,7.154528687153051,7.060515193291674,7.296282321398516,7.077586562640062,7.092132926006809
F6MZ55,8.16294122897475,7.732086975133805,8.011034096993566,8.323163168324378,7.9000020820748,8.02584551030026
Q9L4P8,8.293195836087385,8.61109968215154,8.272420943880652,8.47866878585079,8.293279232215545,8.389732896037184
I6YG32,7.3679722438068564,7.579698191489309,7.2945672831208785,7.559036629162772,7.294638107169309,7.419182490949825
Q9UH17,6.700605375083894,6.842467644604932,6.700867306733285,7.234574814948958,6.700622279407385,6.835827484155691
G9FTP5,5.668837218446687,5.594163983233058,5.7026870835496615,5.6181923865849965,5.604567693528947,5.63768967306867
O74725,7.643890720676208,7.61169059816811,7.501353173585536,7.898422104089265,7.572906477426919,7.645652614789208
P48775,7.540124542243209,7.539698997514368,7.377036783352328,7.421495084132867,7.536845140554682,7.483040109559491
B4XEK7,6.946869745297101,6.669194523742065,6.870957893479286,6.344586726822197,6.58960413327669,6.684242604523467
A5K3U9,7.8255176763870535,8.095808221633641,8.210921359301194,8.0888375208777,8.334120505809,8.111041056801715
Q43528,5.7577251719423765,5.730762414185637,5.703077690444997,5.797811956272216,5.867790775801831,5.771433601729411
C6FWH0,7.873477683252105,7.853334195740143,7.873919375818574,7.80250828452008,7.873968634781274,7.855441634822435
O46419,7.133730562623286,7.759927019179568,7.62361137072146,7.707924397450836,7.133745106383112,7.471787691271652
P41021,5.971009204943412,6.026283794062882,6.648504508876602,6.479924429190245,6.100601105008724,6.245264608416373
Q14DK4,7.604990232809422,7.747403752259353,7.918615769072736,7.4360123424425275,7.806810919931309,7.70276660330307
Q2I8V6,7.533159484398921,7.621989084353674,7.739074253359721,7.6111828259764565,7.48676166872773,7.5984334633633015
B6CWJ3,7.477340491283851,7.3017839493774535,7.404226623161953,7.3000023479386895,7.450704074038,7.386811497159989
Q585M6,7.606276394689544,7.1429372517856065,7.606253111542345,6.416051985785406,7.6063076059805566,7.275565269956691
M1WA41,7.511245868817905,7.44166494286036,7.5123851225005005,7.627737549924752,7.511888595291504,7.5209844158790045
P80524,8.075665388216875,7.826276278196254,7.932610431915147,7.610521690301641,8.075723738881,7.904159505502183
P24157,7.106086395227425,7.075096494552974,7.008166076299458,6.983168516934159,6.925530089909002,7.019609514584603
D0QU16,4.807329486786667,5.356489736541663,4.4919528581734705,5.884616068800138,4.807420761831153,5.069561782426619
B6ETP1,7.507835731265362,7.710305921736834,7.3803370511410975,7.6216539669328505,7.45245538666074,7.534517611547376
M9W6G9,7.309141684498034,7.47940457978281,7.484619646961694,7.520786017458864,7.344120251151439,7.427614435970568
Q25BW4,5.53792371092611,5.493634557797757,5.5943042978759046,5.743331446474227,5.6404714867861685,5.601933099972033
C1KKR1,7.958259285110799,8.260141038132764,8.359910949734003,8.0890994140085,8.337317386073392,8.200945614611893
R9UQG9,6.881911607282738,7.245205313272975,6.590353640643841,7.410117855128756,6.960779808748127,7.017673645015288
B6DQK4,6.677742294536993,7.022427499986765,7.017677873481574,7.166734921534998,7.017763728679977,6.980469263644062
Q72K04,6.472444086038183,6.715423817697218,6.7492115298685444,7.439696654903587,6.47243286630762,6.769841790963031
Q96UI5,4.531270056161068,5.116851404668053,4.667492254375284,4.75549823037795,4.472274397065493,4.708677268529569
G4RJQ1,7.203509358894753,7.325261486752663,7.443946167399462,7.263389650688457,6.956856111338367,7.2385925550147405
Q5UPJ7,7.540645246472458,7.351951532894723,7.557553375887274,7.53415440203926,7.43095678348442,7.483052268155627
Q4K423,6.631309827014696,7.232992319345681,6.660335186929082,6.951377786135993,6.502120597944396,6.795627143473969
E6U5H4,7.555894273484268,7.639676980390068,7.868152609177751,7.699223269284332,7.972591949631093,7.747107816393502
Q88L96,7.534913006403614,7.659703727328648,7.463650722301768,7.84402601679065,7.463653844205938,7.593189463406124
L7Z147,9.171034119748024,9.115720993364322,8.881298916853975,8.21822830916487,8.875307213896157,8.85231791060547
P86453,7.9296692678513585,7.645817061050863,7.969797343694944,7.111741374635014,7.847207357217799,7.700846480889996
A9TLP4,7.481949064005453,7.531376047491937,7.509078664475526,7.503534359105019,7.449428371744089,7.495073301364405
Q03774,7.516729324115652,7.8532729403717045,7.820427850977937,7.547140384232542,7.516190344351987,7.650752168809964
D8VPP5,5.966990983064361,5.759923887451391,5.906754252585411,5.862076488972101,5.922087277700106,5.883566577954674
Q95AJ2,7.962665999734296,7.997805492328917,7.787406760809787,7.83459110071106,7.824050538999663,7.881303978516745
A0A481MY41,5.287479387555319,5.413704369144008,5.259747709247831,5.812619343627548,5.288132884786303,5.4123367388722015
Q57703,7.128990009491224,7.4678826623717365,7.356345256416276,7.690906854298979,7.295590743329917,7.387943105181627
A0A3G9FT71,7.409058562737891,7.0772591466665835,6.945368959403907,6.558862116811281,6.637116500543253,6.925533057232583
Q8TSX5,7.761096960831727,7.848144297656884,7.673441532221599,7.761135978444697,7.685832656827873,7.745930285196556
Q9A9Z2,7.708889289284583,7.802327153275153,7.708916071589593,7.808034846100524,7.744282905784384,7.754490053206847
P09417,7.224269340745068,7.409013873462526,7.510305260170918,7.699382954343581,7.524303436395627,7.473454973023545
P9WJ61,7.722466577719426,7.693986217448272,7.722535266940476,7.677393547060706,7.770730794114004,7.717422480656576
Q9LBK2,7.9563020408190175,7.9805168214826745,7.8621298734652205,7.871915769512844,7.845847575840151,7.903342416223983
C5MR76,7.660111272928654,7.776462893377342,7.4593954102502,7.48162140771034,7.454735480578292,7.5664652929689655
A5F5Y6,7.500000002336749,7.500000066818115,7.500000012378422,7.500000275364726,7.500000003574305,7.500000072094464
P0A7E9,7.766001271624853,7.599708252319233,7.682480294867054,7.555218458677153,7.380061408943316,7.5966939372863225
Q07993,7.99054711628974,8.136548953018982,8.253900187451565,7.6233945692791165,7.9908688697876125,7.999051939165402
I7FDJ2,7.511881184352928,7.01131457633695,7.816272422419521,6.639794013184857,7.663374109372331,7.328527261133317
A0A133Q8U5,7.542188037840569,7.774704758618398,7.8237850995837865,7.692036190339871,7.77554744053978,7.721652305384481
Q4F6N6,5.801925868783784,6.081778353770803,5.8997089990932,6.5762872443839075,5.772232248020821,6.026386542810504
O58801,7.882942960022955,7.965717322498912,7.735487482195584,7.817671522467367,7.8829021993715545,7.856944297311275
Q6QHT8,7.007859609464038,7.217197804773508,7.157054314818194,6.275122759743076,7.0078392830322125,6.933014754366207
O00095,5.2825343249578305,5.381102184252319,5.452467132708145,5.696964039477885,5.811850164768217,5.524983569232878
Q2HQR9,8.612084356668852,8.58078163724715,8.5,8.407896964838237,8.603666980912354,8.540885987933319
D2DRC5,7.253199014371455,7.321034484228024,7.180467619298669,7.342138090511845,7.198749325673071,7.259117706816613
Q9M066,7.485339132129793,7.520111931660825,7.443408211652811,7.532729016028357,7.472817692993346,7.490881196893026
A0A3S6IVW5,7.28880153551724,6.828979649716896,7.209277272144966,6.829490086082207,7.069494897021999,7.045208688096662
Q8DPI4,8.177200021426021,8.016833972438814,8.182591961323412,7.435607917702087,8.177250735609299,7.997896921699926
Q9ZP04,5.4573369415460675,5.661892476472666,5.286911867167661,5.20617631354274,5.451472987502352,5.412758117246297
P73322,7.822343646921318,7.776557626111351,7.857707466779699,7.464491257793429,7.750854058882386,7.7343908112976365
P29717,4.865211731854802,4.856127338377424,4.537960027041593,5.045546308289182,4.801149277319253,4.821198936576451
D2IX45,6.3776887782167915,6.316404989758178,6.342237776578413,6.294178955527812,6.338423874090961,6.3337868748344315
Q5LRT0,8.123424006888358,8.037808051679159,8.104204790128799,8.152367077357136,8.054978713157169,8.094556527842125
P04718,7.958235423156201,7.980616560682665,7.866579256308679,7.871731296293486,7.798079403222292,7.895048387932664
Q868I5,7.69509419790257,7.494074993671524,7.4216274158478255,7.611461011127786,7.801249224587392,7.60470136862742
Q0JFI2,7.40887517739611,7.35482516226357,7.349812037163355,7.421798139243706,7.349779693006727,7.377018041814694
Q93L51,7.430976766183821,7.649263936684831,7.45821705685142,7.42035129082849,7.602824761131071,7.512326762335926
E7FHL9,8.388396057710484,8.62169753498086,8.607291347695975,8.021668725423766,8.552032364467953,8.438217206055807
Q9PTN3,7.675978699282897,7.64815795291054,7.584345958199337,7.158032075004224,7.674068464218804,7.54811662992316
P03433,6.640932205496893,6.598188210001651,6.641033305759773,6.810445382658199,6.580821390542738,6.65428409889185
O84919,7.450684036304899,7.453202909416469,7.4506777605884515,7.439995786631303,7.450673790275477,7.449046856643321
Q08J23,7.5606158081460935,7.533491351295504,7.580709312032437,7.536982292607162,7.556457115823783,7.5536511759809954
C9K2Z6,7.240331777703061,7.156873178282262,7.223758268005486,7.27242111466668,7.225626932029939,7.223802254137486
Q2KIG3,7.895952775144382,7.924453747766364,8.077722853191105,7.5160465773762875,8.07774400889252,7.898383992474132
Q70I53,7.952878426188779,7.803704360008038,7.952881333723682,7.752166373615085,7.786195825012799,7.849565263709676
Q8ILF7,7.711550191888517,7.618224681026373,7.7823009945965635,7.745035690208959,7.723947560246591,7.7162118235934
Q6PBS3,7.604520686523652,7.529779452315723,7.518606620068554,7.708066409109451,7.494602772604643,7.571115188124405
Q8L7S6,5.0142397731909485,5.323783571083367,5.179333296119438,5.577194430944363,4.6791098484395555,5.1547321839555345
A8QW53,7.263512099128607,7.558339802189325,7.592844518663678,7.698006384900998,7.709368057456491,7.564414172467821
A0A2I4KDZ0,7.4955938222692176,7.466527893683809,7.495472499390058,7.296897845634657,7.495526452019812,7.450003702599512
A7PQW3,5.300741630465891,5.026850511401043,5.059258862410009,5.154297567380783,5.302120703336027,5.16865385499875
C7FFK1,6.7441043593923435,6.642442477024603,6.7440791787297805,6.62202669024258,6.853057528929232,6.721142046863709
Q764C1,5.530935214436031,5.486281775157177,5.530789111596276,5.453799022825302,5.560506596471839,5.512462344097325
C0WZ89,7.326074348982757,7.071474834415274,6.896186684360897,7.176583301422846,7.474141482375915,7.188892130311537
Q9ADE8,6.919530535506351,7.355812589708289,7.050885936612965,7.368855598011102,6.993502973780961,7.137717526723934
O22683,7.456687151354164,7.160339424399956,7.587857193729775,7.402647854951745,7.443139305373168,7.410134185961762
Q9FIY1,8.144050266584607,7.966321628895562,8.206238114030436,7.422949931131361,8.013807871670522,7.950673562462498
P45395,8.455382428118321,8.291362029180798,8.314723027086268,8.081023854410155,8.455242929594585,8.319546853678025
Q5JJ72,7.207854433134654,7.044220414119418,7.26789405938164,7.191708721379104,6.898531402741929,7.122041806151349
Q2HQS3,8.483145807644476,8.647703815276165,8.38803809110068,8.516505729364257,8.482322635917152,8.503543215860546
Q5CAF4,6.3491953146816975,6.2508859243141295,6.1896828513897635,6.462714589786064,6.189393544426336,6.288374444919597
A3MWK6,7.896021505038344,8.194711866695323,8.266189724925756,7.954557723872843,8.210284022209702,8.104352968548394
A8HYF7,7.953141347280558,7.869332328990015,7.749197740467883,7.902799199419095,8.017908260265534,7.898475775284616
P41814,7.612019681383882,7.672991025761517,7.8570994490919235,7.529831820257554,7.613032873752064,7.656994970049388
Q9I4G8,6.629422339256934,7.054337655659689,6.825250592027086,6.638655609781867,6.872279993100374,6.80398923796519
Q0SH27,7.753429920314185,7.448771241257776,7.75787410796617,7.375103873833999,7.727166179893654,7.612469064653157
Q9M4V2,7.268517042353252,7.243187365745119,7.271602777182606,7.261710264612747,7.257507747757611,7.260505039530267
P39135,7.3620885943546215,7.642544404395681,7.781112958090821,7.705784159035941,7.4948066582913535,7.597267354833685
H6UWP3,5.05479468609807,5.036763172136864,4.544962138384127,5.13666287177647,4.893349583036019,4.933306490286311
Q95PK8,7.714766901930061,7.303572432975023,7.218109425206004,7.783848732062593,7.092214302375372,7.422502358909812
Q8U1H4,6.176769865226025,6.322254791581028,6.1077335684241625,6.512990028557222,6.172859360648719,6.258521522887432
Q58280,7.764413814902432,7.502288155808988,7.618049027944611,7.443056597001731,7.518177726086145,7.569197064348782
Q7YS62,7.820250326068059,7.725900167236087,7.899676469793241,7.614263353215814,7.723434427841277,7.756704948830897
P9WHV5,7.169673998316853,7.342581729866192,7.356626464149379,7.703658471313504,7.322753628718588,7.379058858472904
G4T023,6.962274993047441,7.1197242760255754,7.066634320332482,7.567176778723598,7.066594239531947,7.156480921532209
P10270,6.812473383744984,6.770568260116393,7.259011906937983,7.190781518899724,7.153970043190592,7.037361022577935
P00636,7.924835347153847,7.906386973193393,7.727721411068357,7.800919112259315,7.750563005263819,7.822085169787746
T1WWR8,6.604934792066949,6.556796392350151,6.067823003605708,6.8108393253058725,6.373139899235027,6.482706682512742
A2QR21,5.064547923916877,5.432399963760013,5.480334639384327,5.246020845505934,5.518168830997345,5.3482944407129
I3DTN4,7.632316800986894,7.926367340909514,7.653415886844439,7.953558843685318,7.678057039394124,7.768743182364058
Q5APF3,7.770641704151986,7.758803918241798,7.769960559387875,7.507814195621898,7.770715051239007,7.7155870857285125
Q9LE86,6.737600427142448,6.8738092042979835,6.881157521468351,6.988814360098783,6.735489163645167,6.843374135330547
Q6RH62,7.717976789446939,7.588778285326616,7.610767562025461,7.608701388299452,7.609780009405688,7.627200806900831
Q5IS34,6.185443030444533,6.1904914881343664,6.2347317722319495,6.4874828812728875,6.23926191699597,6.2674822178159415
P35520,8.29879031994502,8.271639495122738,8.028092428629936,7.816728419029843,8.319946397797116,8.147039412104931
Q16MV6,8.762043282563832,9.004495030081411,8.457131109332655,8.691077278818883,8.558222301109875,8.694593800381332
Q90WM0,7.1911308672995835,7.361282423137477,7.0970163934262915,7.2069205312980955,7.169223068757437,7.205114656783778
A0A099D4T8,7.6737628754753215,7.644983287162796,7.6370826612166915,7.653638040036906,7.596298922909786,7.6411531573603
Q5JFV8,7.841510664121358,7.911974660849709,7.930593553796745,7.502779916353483,8.024654984432903,7.842302755910839
A0A127JBT0,6.787514843824478,6.939549233728658,6.8772029923703455,6.401025286693238,6.413061780612526,6.683670827445849
Q4A6S8,8.159647487858681,7.841019352468032,8.159657651340364,7.49664808513539,8.159646296305779,7.963323774621649
P37303,7.810355880271605,7.757229745897025,7.770102500322367,7.9558439601241435,7.841361589617869,7.826978735246601
Q96FI4,7.2478148951261,7.189520798865125,7.247810520334383,7.373494409663393,7.439304442674411,7.299589013332683
Q47YG3,8.029246290699499,7.947428205161475,7.8939418011535585,7.027622326390564,8.029306476326449,7.785509019946309
P23677,7.534393264202779,7.788372302536385,7.6228965311256545,7.508775597567753,7.5485261600024565,7.600592771087006
P57665,8.00000004015728,8.000000148021568,8.00000008156224,7.99999993412687,8.110462045578165,8.022092449889225
G3XCK6,7.746350848674895,7.359981407997312,7.7462912351889575,7.301577564275914,7.533699591347666,7.537580129496949
J9VKS8,7.492110461782876,7.565786755178787,7.4921286546648656,7.404947578232491,7.492009957030235,7.489396681377852
A0A068LJN3,7.884951377433231,7.902338612431387,7.763874575585015,7.944949532190819,7.763843926745731,7.851991604877236
Q756Z6,8.333699316164134,8.393388508758584,8.509336830136647,8.06652343667547,8.333659852695794,8.327321588886125
Q95PK9,7.398675736676161,7.3269085772198155,7.332726565853149,7.828104644301398,7.212430637184454,7.419769232246995
C7DIA5,7.203980765754107,7.08263042286475,7.135417003826571,7.167318664670949,7.0836488137777875,7.134599134178832
A0A0A7AN31,7.449364868602013,7.293993317330824,7.260445903116786,7.230926486224296,7.5645959448429485,7.359865304023373
C9D7S2,7.63216003724323,7.709590549469689,8.00240795352052,7.38493239932123,7.631909350392,7.6722000579893335
Q841V6,6.131041708446224,6.100111612967512,5.894529548744731,5.777092009081919,6.079363539033441,5.996427683654765
P07741,7.681214294673003,7.657866355539518,7.606366140881966,7.6018246874855455,7.786364035561637,7.666727102828334
D0IZN8,6.890506386870977,7.011967464427489,7.013403489148124,7.159635560766512,6.921794620723679,6.999461504387357
V6BP73,7.063816360842025,6.191437535363234,6.902381028236281,6.041204731982858,6.986033536090938,6.636974638503067
F7J5X4,7.894491605989094,7.79018888592771,7.807051950336436,7.612078814050023,7.920205284878413,7.804803308236335
Q9HC16,6.660519536958129,6.814226290456844,6.660628071948185,7.232601796167644,6.6604016449249945,6.8056754680911595
Q9LFG7,6.933294683083178,6.974026742145611,6.836857001995107,7.20911134591032,6.897968683207568,6.9702516912683565
Q73KK9,7.705564204261872,7.42704481708545,7.80018587538786,7.09003795245371,7.781689972673059,7.5609045643723904
P00936,7.658931388431317,7.758842372704221,7.658926846222841,7.640665356958932,7.658949293061447,7.675263051475751
E7FI45,7.321002541595801,7.2854608273791195,7.50224525611335,7.8187907728676596,7.50224009633503,7.485947898858193
Q2WG72,7.20543109679418,7.238537763823263,7.205420995802884,7.150133194154936,7.205379890208802,7.2009805881568125
Q5GMP2,7.752060647615433,7.875312705951838,7.711214070479672,7.823195527828746,7.751490503677512,7.782654691110639
Q5I7J0,4.724355121057217,3.9265727941825803,4.72453059038187,4.5793303523248765,4.638249645971811,4.518607700783671
B7T912,7.687252825497283,7.726050829555603,7.855396508861139,7.67356738228146,7.940331346093757,7.776519778457849
A1X864,6.054203391068123,6.242842551676961,6.054023848134692,6.004463300557752,6.0541464038449,6.081935899056486
P00509,7.399999884094513,7.0623780120961985,7.399999883915332,7.399999164698233,7.399999875971784,7.332475364155212
Q65N98,7.072098643617488,7.093205284587809,7.072179280573397,7.185433714461271,7.339686203597019,7.152520625367397
G7H7Y1,7.892798945802262,7.804122766611941,7.856202782031168,7.7883256565940595,7.758114927709123,7.8199130157497105
C4LSN1,7.923537525728048,7.76166737239939,7.7837826126967835,7.445134307216583,7.923295923757499,7.767483548359661
A9AYF3,7.276993929687265,7.381249769681826,7.4577450150867115,7.447079887236949,7.381620960331132,7.388937912404776
Q0ZS20,7.5314171158084955,7.522019776521518,7.427125727492165,7.611721711131028,7.391554201629642,7.49676770651657
I3RFR5,6.916633768780264,7.290963518480033,7.715501188119436,7.229352449422939,7.2885967780957985,7.288209540579695
Q4F867,7.531352431337155,7.708143149946904,7.531351551842752,7.540736556881512,7.583266683097004,7.578970074621066
C1DMP8,5.945175899696318,5.877938760040874,6.01991508060391,6.440633285797382,6.019943558267516,6.0607213168812
P0C0X1,7.91301453607255,7.621382214416146,7.856592312006677,7.799265373630482,7.606804782514225,7.7594118437280155
O82647,6.675547126779005,6.739072204895591,6.6755678146431165,6.791949034031073,6.581128320374051,6.692652900144568
D4HRL0,5.1213587779721195,5.276762261056911,4.812879029870467,5.096663628365324,4.984781621357452,5.058489063724455
K4BS77,7.762813166240253,7.797815084493239,7.899183546379912,7.714470983233798,7.906139804510757,7.816084516971591
Q4U1A6,7.738321509263489,7.468070630952767,7.6916168738432065,7.693679396516533,7.691596039877386,7.656656890090676
P9WK21,8.02799386513224,7.841301827739112,7.9645839935056575,7.8101419734754725,7.791219831551999,7.887048298280897
A0A125T1T5,7.591306162504687,7.604712178961577,7.798826029234841,7.650866271360263,7.673343823054537,7.6638108930231805
P19921,7.556605534295188,7.238463893863672,7.422287577481961,7.507209286031999,7.422188520665838,7.429350962467732
Q41376,7.2303144513624975,7.129323555658675,6.946748590037617,7.379976717983129,7.230288566290814,7.183330376266547
Q46078,7.39184434247849,7.3992247437249725,7.4505893385452655,7.738351680621478,7.55768749064693,7.507539519203426
D6RU55,7.540792895936358,7.503392900794146,7.540876365642944,7.362421355721674,7.23214745189303,7.435926193997629
Q5DM89,7.826041460334057,7.81254988153404,8.049430682386237,7.563315843296638,8.049450261060104,7.8601576257222145
B3WD16,7.403082104897884,7.767066063064242,7.335044679274536,7.935082328839659,7.541140823237374,7.596283199862739
T1T1K2,7.42863532086342,7.46039700406772,7.499999999999999,7.6084934419594195,7.5,7.499505153378112
A7KME9,4.959582286101263,5.277744206362594,5.256245060015849,5.495120130197195,5.091203468402288,5.215979030215838
Q9KPJ7,7.710565258505255,7.840761392762648,7.594069540999732,7.610170997497483,7.711963264847737,7.693506090922571
O48741,7.425333826405742,7.601151155042608,7.521138173307632,7.657566135516129,7.468429399467035,7.534723737947829
P94293,4.528978824774076,4.989126809023672,4.723086397413634,5.280822252456356,4.528879847010904,4.810178826135728
C9DRU9,7.421092326685422,7.9865485884665235,7.420897529234301,7.781999170170309,7.421045891716912,7.606316701254694
G1UII1,8.188802729419482,8.26512481924279,8.340847232793617,8.105582825648879,8.260471562151595,8.232165833851273
C9V492,7.725553504762607,7.739613622463053,7.743266236567906,7.7998971948797955,8.078657961389334,7.8173977040125395
Q8R5M5,7.60381645469725,7.505150538948531,8.08755219001261,7.595742265703316,7.603843383644996,7.67922096660134
A0A060PQX5,7.315809258717462,7.457339933963599,7.269897705935239,7.5686927900500915,7.284265445633722,7.379201026860022
Q70GK8,6.989324973569883,6.846547475751701,6.933649318329318,6.754528965979518,7.038469086913455,6.912503964108775
P19254,5.943779553419543,6.146333175539697,6.156675552856224,6.248429981792548,5.889871559918943,6.077017964705391
A0A455KZK8,6.653106907155684,6.8756516962292595,6.738652209866932,6.824154627009602,6.6466444007227645,6.747641968196848
Q316W1,7.472250669815437,7.517023568732191,7.5126436908917995,7.371729791861473,7.988756831309607,7.572480910522101
A0A2I6U1R5,5.634799385671935,5.955804012217516,5.634795750693068,6.459593436237367,5.840874437508392,5.905173404465655
Q3HRV6,7.602293771865634,7.561194326508789,7.60220272444774,7.374110254736306,6.948682795310168,7.417696774573727
G3MDB2,6.35548015423281,7.056583451255123,7.0761482846679735,6.868124045009523,7.100812279020502,6.891429642837187
Q6Y656,7.605298723811021,7.585398540712117,7.461473542117618,7.474625784240671,7.605278093698849,7.546414936916055
B7ZF08,7.313508040544049,7.39587185206701,7.252881969377128,7.306074176632047,7.270760857242991,7.3078193791726465
B1NM15,7.173408208814036,7.187562767111174,7.184487017157421,7.236002487102453,7.161759342046295,7.188643964446276
Q9HIA3,7.860293933429914,7.845015957708276,7.748840898907935,7.743919778289683,7.748879576770636,7.7893900290212885
G3CRD1,8.336544960911583,8.08099971430158,8.142531981500033,8.020149083925784,8.168914948974745,8.149828137922745
P33247,6.834406384375191,6.8912350987350415,6.871227169128141,7.216649230222883,6.979201496073168,6.9585438757068845
Q9I8C5,7.3670999160760795,7.242551791176432,7.367085658159824,7.599793015317855,7.367369926287931,7.388780061403624
O15488,7.576077224782156,7.587592812761411,7.483826513325401,7.542600483140452,7.483786734897434,7.534776753781371
P50227,7.49412376172293,7.430502945245927,7.495590155390069,7.4563575215391165,7.483786673746752,7.472072211528959
Q9CQF9,6.965457578776428,7.141247198572953,6.921999802029764,6.9676147181001475,7.044331226075324,7.008130104710924
O30144,7.458989139786746,7.471050718413793,7.379143861738943,7.431163502266564,7.45992566488219,7.440054577417648
Q06749,7.283174385545712,7.448614596378604,7.178268965914397,6.926987307065912,7.394919079341761,7.246392866849277
O60701,8.025682791490244,7.987562978753213,7.842606770446358,7.741807977388839,7.868318830795399,7.893195869774812
A0A3M7JTD4,7.3081865316193015,6.814921481586025,7.776409178215427,5.956803703674102,7.497594947189652,7.070783168456901
A0A228BX09,6.301633803663835,6.489860502504139,6.869497260691232,6.809244058237652,6.301656964950166,6.554378518009405
P29141,7.292981234504561,7.423610163066347,7.670901367325376,7.555584629803455,7.586958760953689,7.5060072311306865
Q8EMP4,7.00894033424463,7.3783407713494205,7.02988929634854,7.383172006752489,7.0335009295958635,7.166768667658189
B3TNN8,6.99974400826416,7.38654374355051,7.060136117937605,7.714470972624656,7.059860270230671,7.244151022521521
Q3ZMA8,6.463342336846381,6.238972143887262,6.397813350118598,6.1714821341864985,6.428251328548467,6.339972258717441
P24186,7.591548363453198,7.911014754417326,7.6226566462200935,7.990682003558119,7.91740429596803,7.806661212723353
Q0PB96,7.488182022787326,7.342553530687862,7.175859593260218,7.403461912464872,7.243646313736244,7.330740674587304
Q8NMD2,7.129234958761446,7.324935950968611,7.38492909923637,7.530251905921713,6.995328699116349,7.272936122800897
P62058,7.57450506811135,7.62114546385772,7.574509271698506,7.61366289050886,7.632310138620717,7.603226566559431
Q9LJP4,6.636096022443433,6.581989598384282,6.487687355957881,6.870929107770533,6.488033946765448,6.612947206264314
P31658,7.626306137767434,7.6564910494301195,7.626225655781485,7.583110751394896,7.626287677422174,7.623684254359222
A0A1D0BQV8,5.665307346994644,6.584700413889753,5.541216734564846,6.248908034504388,5.5235980222187155,5.912746110434469
P15558,7.839813793030633,8.038925839495235,7.452888443942492,7.8082119056326444,8.130852472499896,7.85413849092018
D9TT09,6.917490488005556,6.86831319741618,6.798394126089567,6.971134464364611,6.798407772793025,6.870748009733788
P28248,7.84520754417767,7.837243387868047,7.790410968375335,7.666194615241551,7.822319754270319,7.792275253986584
C7C422,7.200000000000001,7.181276468915283,7.200000000000002,7.201763504186018,7.199999999999999,7.196607994620261
B6E623,7.619515483009927,7.58681340445449,7.661033547745473,7.560890603742422,7.876565947371028,7.660963797264668
O95749,7.466074775164934,7.399137144129571,7.372437034119294,7.5416591284556915,7.393543775245678,7.434570371423034
K4BTE6,7.680850620768483,7.56434362632508,7.8792778728941855,7.537675942769669,7.828365631584374,7.698102738868359
R4UMR3,5.619576665495164,5.756339929822175,5.461800718911218,6.441153076024002,5.5434965004865795,5.7644733781478275
Q1JU59,6.922554790715789,7.135315550063368,7.100146228236235,6.761338921507345,6.903176869140297,6.964506471932607
Q335V9,6.930961196517359,6.70663071933472,7.040171011274692,6.50261703453962,6.58497507274844,6.7530710068829665
P54471,7.824821179906907,7.843090662555767,8.09205625613369,7.561744349444451,7.947858829011925,7.853914255410548
L7Y8B0,7.409580609077156,7.770692089621733,7.558718507029587,7.628850162373104,7.795735312863255,7.632715336192968
O81985,5.00101027577395,5.075031897534923,4.970803838376471,5.3079618359479825,5.15938758620323,5.102839086767312
A0A6C7EEG6,7.010902243676317,6.974657571341014,7.010956787110725,6.936626150398335,6.930934317221742,6.972815413949627
Q3BEM2,7.802117420151216,7.751779778140969,7.849860308635751,7.3359018876794675,7.790577119869406,7.706047302895362
Q5UY95,7.958791277481886,8.16800043061305,7.958821545706462,8.111339497176793,7.737197671286196,7.986830084452878
P10056,6.537748417590011,6.4536174965306605,6.35386553722298,6.363142190921746,6.541915192522105,6.450057766957501
Q9Y2J8,7.410140923143104,7.182508878837515,7.410109342990115,7.389548362549774,7.266504762820775,7.331762454068257
O67572,7.836294880644122,7.793553986519292,7.745284302347782,7.455580378736966,7.961304887208981,7.758403687091428
P52097,7.579858144777952,7.846198491611288,7.847735677529505,7.779293752384586,7.949533598257882,7.8005239329122436
P24806,5.813633986082323,5.766036045808831,5.847596849544406,5.77444072373818,5.928163941039716,5.825974309242691
Q8I2B1,7.902045093210424,7.841022105232287,7.971745319608198,7.759849388262485,8.01659693280616,7.89825176782391
D4ZTT4,7.773555054422496,7.724328990381393,7.964658464520218,7.650317276976877,7.7125145742509185,7.765074872110381
Q6ST23,8.495195737808848,8.540288653514473,8.457091715488078,8.445662930766952,8.495220185967494,8.486691844709167
L7T8Y9,7.912123179349206,7.742192901489036,7.794527827579572,7.734539509187895,7.91206175121549,7.81908903376424
Q27758,7.802099742049263,7.6555814034018725,7.802078720300455,7.74142710280903,7.590477376634498,7.718332869039024
Q52500,7.664417586997722,7.721895396401726,7.751452947036284,7.648166309044476,7.664443587094115,7.690075165314864
Q9HFH0,5.5362269733989855,5.756417917828832,6.101645395814905,5.750772456608182,5.678604751701327,5.764733499070447
P30711,7.625554477824282,7.797172627944055,7.72638220191232,7.4465650550564755,7.726404800420188,7.664415832631464
A0A286JZ72,4.979275993613456,4.4787423188429765,5.1285998768274945,5.205392062293161,5.12873562460178,4.984149175235773
Q7DM12,6.6894755149321785,6.397072790407923,6.738935728816604,6.709165753453538,6.207668094705369,6.5484635764631225
A0A0S3WYP3,7.491041648997761,7.543297728847332,7.558729785574086,7.732711129164326,7.558691722192009,7.576894402955102
Q9FN52,8.383498669073711,7.979792250889202,8.104806373796329,7.652087985594542,8.4050526493352,8.105047585737797
A0A172WCE4,8.02300566039026,8.090367835282532,7.836585546456238,7.755696982538376,7.974962821022824,7.936123769138045
A9V766,7.466930236335406,7.427821337129621,7.435278866648398,7.374996979510682,7.731756702411244,7.487356824407071
B2V8E3,7.326271540203717,7.3226042873357144,7.640007811939223,7.041627856113289,7.290344500854893,7.324171199289367
Q53TZ2,8.162066793129165,8.066213440935325,8.206676138849287,7.682920505910858,7.665672125730621,7.956709800911052
C7EX18,7.147478127332598,7.149018423999476,6.800718177966735,7.079249164118552,6.9198933821850295,7.019271455120479
Q8L7J2,6.229396656096959,5.5797399229136735,5.870822164969892,5.773244020141732,5.914596055733842,5.873559763971221
A7YN26,6.0601183768283455,6.581023077551604,6.483934066796843,5.9778964758140445,5.990315589936825,6.218657517385532
C0BTD8,5.8013346052194334,5.627208786044033,5.902035573338975,5.859890839423175,5.9020043357546825,5.81849482795606
M1GCP8,6.320052815932475,6.586096904350374,6.353190023795232,7.2126516301086605,6.319986184289042,6.5583955116951556
Q9NY59,7.241917134847376,7.407482290096644,7.242062254269761,7.3704387649698395,7.239456705673643,7.300271429971453
Q9AXM6,7.490334594301742,7.523469646355848,7.49005139004469,7.502311741460349,7.475556870027985,7.496344848438123
D0EAP3,7.0728894002196325,7.428349300323613,7.099993686332422,7.401006225234166,7.958012155012457,7.392050153424458
Q86D28,7.539421152306319,7.670226495596838,7.539395227321413,7.76739252012661,7.539424039813701,7.6111718870329765
D3GE78,7.72103462236597,7.556738093217271,7.718242866655344,7.890097953630243,7.518424200960942,7.680907547365953
Q2I828,7.693607770956738,7.702869369330522,7.785436277933278,7.919867948633289,7.71866744378555,7.764089762127876
A7LGL0,7.359444363283838,7.075176375984045,7.221706608905071,7.046150583266368,7.3594401156728955,7.212383609422443
Q5AJZ3,7.507117222935341,7.6759163825634635,7.731261629219166,7.646279986983397,7.809008564516172,7.673916757243508
Q91VL8,7.545261263876858,7.578445258386654,7.586731508505985,7.53839023738121,7.585837243767859,7.566933102383713
Q96PD7,7.474497207542977,7.368312763670094,7.4829436151627595,7.464457994365119,7.476421612526072,7.453326638653405
P94556,8.104910872349024,7.987352384276535,8.091015122116568,7.938605195631993,8.086112500700464,8.041599215014916
P80175,7.697205567058373,7.102384274998879,7.912980497802633,7.40736516413787,7.633296364348488,7.550646373669248
P16469,7.774687260815985,7.567406674285052,7.6806550033261285,7.583220907644046,7.774661744309182,7.676126318076079
P21888,7.4952255840349125,7.540604159832924,7.506828505465807,7.5785267578143864,7.442659864798146,7.5127689743892345
A0A109P632,8.04594236502365,7.606082766355426,7.776442040132012,7.3414108622237775,7.840061886152549,7.721987983977483
O32106,7.682052288270579,7.642473577338552,7.682062801635297,7.631687359858392,7.774158511161695,7.682486907652904
Q9YGB3,7.059161579419177,7.765290692884662,7.668492385111704,7.214638699908246,7.668528454086645,7.475222362282087
P29378,7.405087269076984,7.31699483592445,7.416397481357727,7.3975464967357505,7.40506424000233,7.388218064619449
Q5JIZ3,7.539132062356532,7.597486956601314,7.6176121498206975,7.447506585077327,7.614658764886346,7.563279303748443
B6D1W5,6.275588449384793,6.345105636467787,6.208814455314321,6.234825011728976,6.144043570715933,6.241675424722362
Q9LD80,7.863497913231855,8.144408496855354,8.022757948657773,7.558137565824146,8.109426724475858,7.939645729808997
Q96XN9,6.8968888435012285,7.379832302810895,7.342310560964276,7.349786089444745,7.057065748348901,7.205176709014009
Q9ZAP8,6.846907996615286,6.658589395925275,6.786186252279752,6.672955159960221,6.850846105333588,6.763096982022825
Q9H1B5,6.751083375652696,6.669729285160701,6.711508529553513,6.942702865414072,6.81783028094854,6.778570867345904
P10584,8.181095224839751,8.169114139642764,8.181233438227752,7.8190048805851635,8.181048838216627,8.10629930430241
Q96Y14,7.673788093433229,7.383273842471212,7.532360054516413,7.501140776648936,7.496365420754425,7.517385637564843
Q9ZT48,7.606702462728812,7.681397509576816,7.536462919925956,7.458139222302589,7.536484446150072,7.563837312136849
A0A0U4MTX7,8.124404713007118,7.997548780522798,7.976476390061867,7.747284558800925,7.7876642465418655,7.926675737786914
A0A5Q8BPF5,8.148513695312166,7.794264375938463,7.926676643121893,7.7303864045123705,8.05760213955763,7.931488651688506
P9WJJ7,7.7167092913713144,7.605459931223631,7.765692545657164,7.6771478580042265,7.68426430731104,7.689854786713475
A5UP31,7.682801726162899,7.670123184829727,7.673451271876526,7.722890164791824,7.54872827811945,7.659598925156085
P9WKJ1,8.172614231741974,7.690488182265732,7.9571906148713385,7.509961970054646,7.631107322902644,7.792272464367267
P42738,7.923389872963414,7.87452766617805,7.913182715634324,7.735973585393284,7.942857358637264,7.877986239761266
B1PHD3,6.413161855773469,6.716888283501409,6.424938815978932,6.718943742067431,6.317368128288157,6.51826016512188
C6L823,7.814410762505977,7.854113269217155,7.672857089517815,7.656799283041428,7.742480836587115,7.7481322481738975
P32189,7.334306560798683,7.315894299151924,7.392428779330951,7.435979283933796,7.3343791996387475,7.36259762457082
Q877I5,8.052418135782618,8.313816352416811,7.767977630329873,7.99502918304433,7.736166977113173,7.973081655737362
A0A0P1DJE3,7.842117764562027,7.715388568590936,7.727958065228834,7.550303967257076,7.633159245142557,7.693785522156285
A0A168KIJ9,4.263282963444337,4.213076882119527,4.621503338112756,4.703015975522981,4.654510540930237,4.491077940025967
I2CMF9,6.211830075833787,6.549771819866084,6.2291072635182125,6.775534626744698,5.873256057557056,6.327899968703967
O67931,7.025177887545247,6.9288897097408295,7.053874158827729,7.503239624624739,7.116746386981333,7.125585553543976
Q9WYH8,6.998716621208046,7.1943156159916475,6.99871039813906,7.402669928454852,7.132867688776542,7.14545605051403
Q5W915,7.634100573334674,7.641510282148688,7.726058358516704,7.714624489193372,7.726058229348799,7.688470386508447
A0A090B6R9,7.498200470142995,7.543393517181612,7.75049436086965,7.425569809743709,7.458457839555893,7.5352231994987715
G0YYC4,7.044343159225308,7.050230099924187,7.010793822403205,7.237149805566798,7.024492722260581,7.073401921876015
Q42868,7.374156527289454,7.43924814212306,7.47710743258863,7.344689929241245,7.4833672102544435,7.423713848299367
Q6A0I4,8.051718887387368,8.000000008859466,7.999999935253878,7.501992841747155,8.000000044814698,7.9107423436125135
A0A0S2I591,7.288228773160953,7.646640439331047,7.288192913157751,7.453301868407698,7.297866367120801,7.39484607223565
P00175,7.465752833370901,7.4971874269429915,7.380181913813877,7.513852346407306,7.40872305861505,7.453139515830026
Q8IEX1,7.815774867183923,7.7805330154792856,7.952489739446192,7.685429285807094,7.952559589932515,7.837357299569801
Q8W471,7.949715394278669,7.723145735091274,7.5872197163291,7.673490124388897,7.757818988941924,7.7382779918059725
P39956,7.383508753457707,7.495479413055694,7.653784810208278,7.405371588492643,7.57288530981792,7.502205975006449
Q6SZP8,7.637559581444812,7.498822141972688,7.6375896390283,7.519860186057147,7.559968071547943,7.570759924010178
P80656,6.992428125814824,7.213265688790748,7.031631556289039,7.057945683427533,7.405629158802766,7.140180042624982
O50083,7.935198654909005,7.905844618872696,7.89360182364652,7.642523052488685,7.8798798934223715,7.851409608667855
C0HJ40,8.487135242006621,8.53498986307909,8.450055650599715,8.443216556847752,8.487123812961377,8.480504225098912
P34896,7.548748033246916,7.821807682422455,7.735420676980397,7.615985861394921,7.73539498387464,7.691471447583867
A0A4V7TJX0,7.9529253220174105,7.881235475098726,7.972214694961785,7.808993584387494,7.85459638665196,7.893993092623475
F9VNG5,7.590110901409342,7.765288198023032,7.590269837684771,8.123432962438283,7.9333377731519725,7.800487934541479
C7SEV1,6.314588184785932,6.983211637721334,6.85182985307138,7.137060605970252,6.748095180426198,6.8069570923950184
Q96F10,7.199875271272329,7.202006683266001,7.25784748779584,7.3586135319991754,7.199899910971322,7.243648577060933
Q9RBF2,7.781636380544667,7.794911890684904,7.671920698591746,7.861760277270009,7.669886784081431,7.75602320623455
A0A0H2WVX4,7.808068373021363,7.84490165823691,7.5994063608837745,7.744644974027431,7.599360813072877,7.719276435848471
Q24K62,7.865338638939013,8.024188795999564,7.810490713055039,7.797966914341139,8.156754916457324,7.930947995758416
A5IL00,6.291731026821101,6.040865431897202,6.065902322988328,6.006534010814559,6.070785331777559,6.095163624859749
P26811,7.278372412580315,7.108132440909168,7.258067872239591,7.273356682086172,7.453317302274682,7.274249342017987
A4IQU1,7.25171509810706,7.1684937030264635,7.108017038385665,7.432977587087784,7.251714428599472,7.242583571041289
Q0ZR36,5.004921162890452,5.050399482662488,5.004876589506887,5.35504366649083,5.074944075396785,5.098036995389489
Q9Y223,7.498669050344477,7.420269186205928,7.498687924802313,7.695602194001567,7.465565234981158,7.515758718067088
D5MTT1,7.749323004756125,7.826629583230324,7.481714991671747,7.585691138834703,7.761285386206355,7.68092882093985
Q8J0Q0,6.682073550063414,6.66937247873315,6.696352424895748,6.106299085035791,6.6982824674455586,6.5704760012347325
Q8E927,7.732622592604246,7.921509149482386,7.984693912699486,7.839818846362456,8.041016717979138,7.903932243825542
Q6SJ61,7.4999998890095645,7.499999843937844,7.499999950529446,7.4999997516487005,7.499999932575395,7.49999987354019
L8B3Z6,7.66520538279837,7.599702305446879,7.7962797257099545,7.191120284481178,7.807497347265028,7.611961009140282
Q9UJ83,6.816572245138502,6.793851833845834,6.816609064121972,6.825552539344895,6.760218946208269,6.802560925731894
Q6STM1,7.346050421934606,7.610839492605502,7.601724895795609,7.379003810488192,7.477652256606117,7.483054175486006
Q9MZS9,7.544492112062065,7.123691769340879,7.544314600099976,7.4608778781632425,7.545866186217289,7.443848509176689
D5LLN7,7.595408076481731,7.548621349206999,7.480290246628146,7.84210644741381,7.523145609419662,7.59791434583007
D3TTH9,6.22586477455788,6.200680904341439,6.226288058642718,6.230337227514667,6.170051518251616,6.210644496661664
Q006Q0,7.50582987714181,7.417800358199297,7.467323700749916,7.477130009591402,7.523242784634035,7.478265346063291
Q9KVI8,7.5963171681835435,7.570308755262006,7.519785604580496,7.577663101010933,7.692077193894182,7.591230364586233
Q65DN5,5.9192779497919865,6.084631128855052,5.923460760880873,6.293334938189352,5.848052001157019,6.013751355774857
Q9AJC6,8.11330608516859,8.267582400139094,8.113394244167182,7.978411814367144,8.11355629785039,8.117250168338481
B1B5E3,7.197040761470221,7.19417307572186,7.197047491348604,7.242356250203578,7.21402944665164,7.20892940507918
Q5FMB7,6.283248852951915,6.704462650525079,6.734329976999525,6.64489072431156,6.545918780907347,6.582570197139086
Q97ZF1,7.142104853406801,7.075620614144844,7.5458403102843565,7.206812982894664,7.408831662956269,7.275842084737387
O86224,7.16395065709026,7.903416679439497,7.188309444736309,7.35821000043182,8.000987813264317,7.522974918992441
Q45NF5,6.531040678601419,6.324290151915892,6.327747755232527,6.463797208568736,6.431761312645431,6.4157274213928
A1XG20,7.30422793797041,7.269365932666152,7.3042392154498,7.107002002580055,7.291432809602089,7.2552535796537
H9N289,7.1589054334715145,7.199865974787342,7.156487618460185,7.39093497357915,7.156465532522707,7.21253190656418
E2IHC5,7.245340330577364,7.439498936658812,7.421775064547047,7.525042583493237,7.277649345763676,7.381861252208028
Q27Z07,7.231123521491351,7.337667395184305,7.180778006108013,7.331395602063512,7.207878202338228,7.257768545437083
Q80Z26,7.348521685983546,7.418598407467193,7.46109832155644,7.069938976720549,7.623464506453007,7.384324379636146
Q4DEJ0,7.316448954677071,7.401732086348743,7.371909035806201,7.528502628958624,7.738823285514681,7.4714831982610646
Q8FL89,7.952632975703756,7.894507865070335,7.956264241357157,7.815246580071519,7.952645591920301,7.914259450824614
D3KVM3,5.0000007399821795,5.0000010999786735,5.000000844021291,7.949601109314412,5.000000730146486,5.589920904688608
P9WQB3,8.082384307341991,8.201204148761372,8.379059717652337,7.852569225511382,8.060047404444049,8.115052960742226
Q8H191,7.9092195078618905,7.952859492169347,7.95276524326529,7.836721771802221,7.907596553181164,7.911832513655982
D5FKJ3,7.56860944095217,7.631640072756852,7.568613617925255,7.64422865865342,7.631108818665289,7.608840121790597
Q9XF81,7.137754610071601,6.731277897694766,7.108174452233654,6.861727229369112,6.935097610286285,6.954806359931084
B2IZG6,7.223640872252112,6.890451610998808,7.3117920589064695,6.698791034167955,7.223431302159008,7.069621375696871
P13255,7.616407368722611,7.780882247722371,7.820840616310718,7.396589956705994,7.774030457563728,7.677750129405085
Q9NXS2,7.284064126051513,7.166766576608567,7.244312917378426,7.2708945517556245,7.37603504233097,7.26841464282502
C5XXT8,8.463663591486212,8.527669188628888,8.448772006473986,8.4710692611015,8.463668809855617,8.47496857150924
Q55088,5.682496768625551,6.120670900899344,5.946199750528972,6.226210525939241,5.758560122224069,5.9468276136434355
Q9S3U8,7.381966540119273,7.672777807357059,7.53902229944777,7.623557275487495,7.679391294913884,7.579343043465096
Q9WYB3,7.22106331848982,7.126922898337259,7.008911514807299,7.409261262041185,7.221058439750899,7.197443486685293
Q2I6W5,6.931264680884463,6.821319378580533,6.864877646872811,6.244541918499924,6.463876027427795,6.665175930453105
P22936,7.182829029167135,7.01729925408922,7.11270821093201,7.182247532229724,6.812567877299689,7.061530380743555
P09391,7.346443017698876,7.58714611565015,7.506163116079384,7.455345463191353,7.3463270544682135,7.448284953417596
Q187D4,7.635491731431475,7.7940740098653345,7.744158200230471,7.955684052671038,7.635359621791356,7.752953523197935
A8YPP3,5.935207652340855,6.276606468908651,6.748127329099369,6.52532100873384,6.58827729017165,6.4147079498508734
G7YHN5,7.885800750763974,7.685611688988173,7.796633639445525,7.54728957854409,7.885802925721263,7.760227716692606
C7G3B8,5.991845729265081,6.104422610756991,6.0739391526436135,6.2475612103458955,6.073957046651895,6.098345149932696
O49855,5.5141009854065075,5.564775734711496,5.164769066024146,5.877566879704114,5.513979191217103,5.527038371412674
I3QNS7,5.890519738107823,5.652762240008963,5.670333087353152,5.771265248518296,5.719337815914631,5.740843625980573
B1XLK5,7.629967282647497,7.957291143095116,7.695981015623681,8.019997357922895,7.763901692872578,7.813427698432354
O34508,7.418599857584489,7.672565768689215,7.765531338077825,7.84728003765513,7.869892477642846,7.7147738959299
I3DTM3,7.779339947033824,8.749999540374597,7.699493415541905,8.749999422581494,8.749999652071084,8.345766395520581
B0M0V1,8.017698970304606,7.598877157414895,7.769110611590836,7.982358770995085,7.7692999704015735,7.8274690961413995
Q9SYK0,5.375132630251053,5.559248488268581,5.506628385081576,5.295438218444432,5.115520953524226,5.370393735113973
P33038,7.360427834176033,7.747983291012835,7.481870993022245,7.5771901707101135,7.399907959818236,7.513476049747894
P19265,7.534040585804389,7.731082155806329,7.886312041747518,8.013790474224582,7.777293079956863,7.788503667507936
A0A0U3U5E8,7.520055775554928,7.499378511672429,7.770301774823817,7.460876097596489,7.770340436497759,7.604190519229084
P30632,8.12297123493159,7.690239262094055,7.835119232950988,7.646006823996312,8.0332926673854,7.86552584427167
Q6QGY5,6.613931023781644,6.406520521757197,6.229060023081682,6.2106166928070206,6.542375673420733,6.400500786969656
P95867,6.003359066454223,6.019189536491678,6.280109694657778,5.892116591469902,6.080585030099389,6.055071983834593
A0A1J1EM40,7.814468062806945,7.721878030876554,7.814475708963337,7.605475040267486,7.825015878838549,7.756262544350574
P40495,7.58680955489746,7.580036479014155,7.500808527898868,7.683252378585869,7.500367281640932,7.570254844407456
Q0GC07,5.4539523906698335,6.510964046801781,5.563254959736156,6.184882804981861,5.681304348253741,5.878871710088674
P18644,7.798938282634587,7.64946029914299,8.176398533569543,7.604147399015386,8.004980998398219,7.846785102552145
Q9F9T3,7.54274693043944,7.724421277264247,7.782589545568991,7.638931101916065,7.639112004336406,7.66556017190503
Q97UN3,6.749922381177525,6.523700248913413,6.159585846766113,6.539039527777214,6.970532375294434,6.58855607598574
Q9NRW3,6.653525390826516,6.818369654771394,6.6536349852194405,7.26710357469502,6.653438490190369,6.809214419140548
Q9Y7P0,7.627891562574489,7.907868363162271,7.977478066816974,7.969445136482285,7.942613355449268,7.885059296897057
A0A1L5IUR2,4.85484190988321,5.002330233539511,4.828046224445831,4.884672519957766,4.939217673388758,4.901821712243015
Q8GUE4,7.221283964046534,7.222560773545628,7.252989307957404,7.284933083675914,7.249683881071008,7.246290202059297
P17182,6.710400725768263,6.969744068726422,6.928459816855287,7.421619094881975,6.879514306286846,6.981947602503759
P48740,7.698134418083024,7.7791701780848665,7.698058532580593,7.553879637492845,7.68382392486484,7.682613338221233
Q00985,7.158763384837951,7.027292580498323,7.041320678050546,6.989383991487181,6.8434555227778455,7.0120432315303685
P31343,6.591817200912971,6.469986800427222,6.655237075406945,6.683900763699539,6.388239582423097,6.557836284573955
U5JE22,7.810412666829303,7.520504486275991,7.604802594925601,7.579405799149314,7.78156028726423,7.659337166888887
F7YTI3,5.188031107931057,5.300144782264251,5.240001345121396,5.736162796713948,5.207801370655768,5.334428280537284
Q12463,7.7344386652022274,7.749118509795378,7.656113471610783,7.518160155793472,7.734490857783774,7.6784643320371275
P12277,8.600016177543495,8.487630237248194,8.737942656006675,8.277617726281642,8.61006760659533,8.542654880735068
A0A1C9ZZ39,8.111858591799894,7.963613136927254,8.111959589604398,7.441674083537314,8.111900774495473,7.948201235272867
G2RGW4,4.767255264338373,4.802329360135331,5.004457077212741,4.697732708308874,4.387686487489018,4.7318921794968665
P42216,7.837070755815148,7.662845192323126,7.8370361351836015,7.6752160340519655,7.739162574512115,7.7502661383771905
P40345,6.722790938479676,6.545848330528717,6.615052771499713,6.677371318271832,6.615147289779586,6.635242129711905
Q7U4Z9,7.3972046454231615,7.400551853673981,7.175136744703442,7.363605806143651,7.276527979835758,7.322605405955999
P00751,7.513423590831439,7.759904745548483,7.669343252042014,7.409933110082358,7.549872769762536,7.580495493653366
Q0GND9,7.380713257871841,7.395174469533577,7.38727969401862,7.54173223025633,7.380770624499025,7.417134055235879
A0A2L2R220,7.84703288240379,7.613964762092337,7.473395658604909,7.008637699527875,7.473231320521808,7.4832524646301435
G9M5R4,5.107702590990727,4.481768835318543,4.544234306130486,4.863514676541546,4.549372666173223,4.709318615030905
P9WKL1,8.100712665397575,7.882396129421929,7.788938463274631,7.862639234152518,7.93852310129915,7.91464191870916
C6L684,5.577971200965393,5.8031481323396985,5.725937341995679,5.859696398044004,5.931583043734863,5.779667223415927
G1ARD5,7.108036922105841,7.261359944250946,7.203669558354836,7.333027197696638,6.883261557882073,7.157871036058067
Q9P6I7,7.536547209918451,7.402149941220288,7.472320742338889,7.800456688404708,7.394948480350343,7.521284612446536
Q28653,7.566510623090077,7.517670624491182,7.479211519607618,7.602203932732697,7.5665055505653225,7.546420450097379
Q9VSM6,7.443492439687726,7.491371787019495,7.445154939924359,7.615823888751065,7.4,7.479168611076529
D4N892,8.16575518271333,7.739120853693658,8.165893469408696,7.331663448353569,7.905255240353393,7.8615376389045295
A0A0K2GVV7,7.178287271034052,6.005694815106221,6.850778501792197,5.875359686101942,5.453056097718437,6.272635274350569
M1VDX3,7.362831595769619,7.630758690637917,7.631215245211238,7.599823579810831,7.69187819521197,7.583301461328316
Q9I685,7.417301550987163,7.609203142845995,7.417245437657528,7.703434259521861,7.426030225614236,7.514642923325356
Q7K9G0,7.500315126706694,7.950334917654908,7.640218420580871,7.662321907044129,7.640356164756341,7.678709307348589
Q5JDJ7,6.895242095548566,7.019545101707206,6.581533058295641,6.819972887857246,6.647409803475174,6.792740589376767
P0A9S5,7.837754653134496,7.894392472009159,7.837712720058209,7.9519024973032,7.837677598151226,7.871887988131258
Q76L36,6.96252823298069,6.962919972604131,7.166835874120793,6.860788947880274,6.92156537964965,6.974927681447108
T1SEU9,6.3334000900770935,5.828182575100618,6.3377662615781025,6.197571413160493,6.331688200372949,6.205721708057851
Q9R0P9,7.791631087036687,7.687236817839862,7.768918415974116,7.674339767090029,7.76897709732722,7.738220637053582
A5YM72,7.5594923287998474,7.740806648632878,7.760801368096408,7.453591848206555,7.559480559765672,7.614834550700273
A1VMN2,7.250439798976523,7.248012711508712,7.250408836392177,7.430949061186463,7.244213023102268,7.284804686233228
Q208S4,6.329997990097,5.887697431990771,5.995127133590216,6.1561645324224115,6.284269617027182,6.130651341025517
J7LH11,7.005398263509203,7.059265419567239,7.09046480643874,7.278186588881342,7.089262983370045,7.104515612353313
Q05526,7.444134151624436,7.5890005409048,7.665568881909423,7.24834923607262,7.273374218206449,7.444085405743545
A0A0H2UN41,7.615173459838547,7.764742984963494,7.509288889741829,8.052260288055777,8.218589000134472,7.832010924546824
A6N8S2,7.625787227439619,8.043866786067309,8.142816362777616,8.168039260496588,8.177815664621438,8.031665060280513
F2X2F9,7.197359051030546,7.304129944077646,7.425255853800512,7.018480522350791,7.553543629898804,7.29975380023166
Q20CK7,7.39823849674852,7.399487547605235,7.398471108800407,7.453161923490929,7.39937579919119,7.4097469751672564
Q4U338,7.763349218252545,7.574373748784158,7.681406895433985,7.853257126535586,8.030284530947174,7.780534303990689
A0A286K338,8.933835019543146,8.950906678790165,8.953835280813202,8.47671685786823,8.96592095902596,8.85624295920814
Q31QK9,8.514571502861653,8.232483310573647,7.954952357268427,8.010038489431007,8.51453291568106,8.245315715163159
M4GRS1,6.872997368977085,6.984127090703404,6.116963298660139,6.802641824777784,6.665127417029673,6.688371400029617
Q8TP42,7.433582163307797,7.373496051816507,7.295653506005371,7.24484949761996,7.358599333159458,7.341236110381819
Q40733,7.22023342902967,7.201549255311403,7.373549475484592,7.056998319554929,7.39209876691384,7.248885849258886
Q09LX0,6.014473490985478,6.18107046962598,6.384145293535177,6.295814670983658,6.100008312559051,6.195102447537869
A6X7I5,7.557247790810764,7.599327866473759,7.53825172676297,7.8604084723033925,7.499669544307852,7.610981080131746
Q7WT42,7.379321005675651,7.625643405595938,7.553819817292985,7.7014300213089335,7.174635141731849,7.486969878321072
G3KFX4,7.623809811014714,7.728866112621781,7.761236119046089,7.800274429180355,7.809344316249117,7.744706157622412
A0A1B1WA14,7.553629388288324,6.671256060614026,7.369166949928417,7.184212587802274,7.55411978856386,7.26647695503938
B1HX72,7.9254736497468405,8.073105928413826,8.04172081228127,8.056436598148233,8.041655834404331,8.027678564598899
Q980D0,7.350883208251887,7.507054250107582,7.37590997854807,7.364237582226757,7.378104177498502,7.395237839326559
A0A2H4PKA2,6.627951908561106,6.750606536556081,6.691160294510686,6.640478399497746,6.753329601649829,6.69270534815509
Q9FKB3,7.564254823684074,7.730235712416039,7.596094693691537,7.617187224736533,7.564092516880536,7.614372994281744
A0A2I7M6F6,7.880262364827969,7.89616305545776,7.880476851062504,7.875491965076204,7.88054899747824,7.882588646780536
P53610,7.4517160786831,7.276889432339542,7.330728833785878,7.5743103086101025,7.200205746918303,7.3667700800673845
Q5SKV8,7.485088281882389,7.556221608264254,7.440564169507647,7.221762085968989,7.4850362075020485,7.437734470625065
Q8ILT0,7.8394603885753265,7.707834780861539,7.729077817605745,7.656464531173229,7.651040274431021,7.716775558529372
A9CK16,7.894865881527702,7.92175657491519,8.170875099861743,8.139058829948551,7.960836525803221,8.017478582411282
Q9H8P0,7.267261627364632,7.324010234673815,7.274627299338102,7.171660118567301,7.26210670899056,7.259933197786881
Q7N6U8,7.859413167573182,7.961886087699702,8.109458320178287,7.729460781325669,8.014173558776134,7.934878383110595
A0A0G2R4X7,7.431423243594192,7.38203643466864,7.41600853752841,7.519033578310085,7.4312767242493285,7.43595570367013
Q7M135,8.029022846103262,8.095080208459384,8.028962368742727,7.324344368638591,8.028885729728946,7.901259104334582
P21693,7.48060680216596,7.654336850319499,7.480609953919435,7.873789149105945,7.637874466390663,7.6254434443803
Q58428,7.2685852339216,7.084530461530896,7.254608617713895,7.1309617600536015,7.296868124261162,7.207110839496231
Q5SH52,7.571099989750852,7.779598732585734,7.852282298252336,7.753559216422943,7.962072186751328,7.783722484752639
Q5PRC6,7.345602344767688,7.576641673313341,7.305108151802125,7.610725145753945,7.25861046660142,7.4193375564477035
Q97U35,7.037810396588588,6.85707461770869,7.10750865957504,7.005419918672059,7.131501922089742,7.027863102926824
C4TJD3,7.684615301334383,7.617593580292269,7.541357839677039,7.559557475955446,7.684645226883466,7.61755388482852
P50554,6.754434385930321,6.9841767030335165,6.917038532140752,7.434724939520003,6.970862324169718,7.012247376958863
P48629,7.539331288429543,7.442737484960424,7.53930604421843,7.564699894840382,7.433361191296202,7.503887180748995
Q59IT3,7.828661334512298,7.879758122404045,7.828551721147189,7.935004328711976,7.828566875221351,7.860108476399371
Q81W29,8.582940507584128,8.493638098255015,8.553553110212883,8.15833617307774,8.583045371041345,8.474302652034222
O29841,6.729358062402767,6.97749633682133,7.428799608811521,7.374508457579092,6.737128075400161,7.049458108202975
B5LX62,6.0737325590193585,6.2466767705952995,6.073741226798201,6.007349924575575,6.167678009399465,6.11383569807758
Q21JW4,6.827298550326026,6.6839197940283235,6.88553566453602,6.626537010666922,6.809669260154734,6.7665920559424055
P06525,6.587218493859991,6.5282184215520385,6.693700683416474,7.321135538486547,6.6936499416662265,6.764784615796256
P00359,7.902086799012252,7.822262654407531,7.828550544462014,7.85421252327906,7.8285468614250355,7.847131876517179
Q08169,5.731400899361816,5.831590546282585,5.578614115216676,6.045362815626201,5.663822702589377,5.770158215815331
Q9XUS5,7.45476196100429,7.537343218935487,7.538659898410107,7.592647302016029,7.538665657592656,7.532415607591713
Q9PF60,6.110440507285699,6.217669555455718,6.110528759565046,6.478573560072733,6.134496803769262,6.2103418372296915
Q2VAZ3,7.537275758615835,7.427370137335024,7.457911716268429,7.399340364752436,7.425530649252763,7.449485725244896
Q964H2,8.117147139241391,7.920524286863318,8.117149399846895,7.480008877506349,8.097375551192084,7.946441050930008
Q8IJS1,7.449734200193316,7.426691749591463,7.4497374980874165,7.478216877790191,7.467555185322029,7.454387102196883
Q59618,7.873794228280276,8.205490311463004,8.359805024506608,7.9436348216374055,8.417182923672634,8.159981461911986
O24736,6.930689774566266,7.310730387220514,7.286256880518497,6.9307751800420965,7.285314148613004,7.148753274192076
Q7QF91,7.305544008867491,6.942779768357813,7.173735807363908,6.886315301352164,7.036857382396693,7.069046453667613
O95932,7.8574837760410565,7.286454327949648,7.783495086923319,7.538502845583431,7.860081261387096,7.66520345957691
Q5UB52,8.346718074541128,8.202916289815388,8.187384354129726,8.086934367380646,8.314309629139371,8.227652543001252
P42588,8.379669176022963,8.209725825245803,8.449722132310459,8.100149797923642,8.05458297088192,8.238769980476956
T1UPN7,6.965954386626826,6.956394803436282,6.966060490908639,7.042020595936282,6.904027081667105,6.966891471715027
A3DIL8,7.759695424320866,7.878304829331603,8.059617079770828,7.849206322135831,7.759641176118817,7.861292966335588
P24158,7.732575020056315,7.744446371200795,7.832810891901813,7.556999629650302,7.732525846162615,7.719871551794368
P07941,8.031915694920253,7.753209954208071,7.307346721792987,7.265219733751056,7.576716006584509,7.586881622251376
Q8ZKQ6,7.820627103190616,7.657255622447486,7.78497704104922,7.584483759209087,7.580033555284209,7.685475416236123
Q3LSM4,7.646986348439142,7.86716385068399,7.78906786057997,7.700460008393289,8.167372804574551,7.834210174534189
Q9CA75,7.230172946331663,6.961642612512738,7.230241085360848,6.999925576081675,7.229638068773491,7.130324057812084
Q8KZT4,8.260796278368774,8.190613556480521,8.25422142343832,8.368567948355494,8.18858870476736,8.252557582282094
A0KL98,7.8966370468357825,8.186063624315942,8.186402996576925,7.723098901552198,8.141009032291032,8.026642320314377
P95189,7.297025979230387,7.463352151578717,7.243962374575405,7.516204740359257,7.299381330574551,7.3639853152636645
P98194,6.946055402083219,7.038519481454387,6.759618875808531,7.4300457299100815,6.906977828493707,7.016243463549985
P0ABN1,8.038308018691398,7.507002295659662,8.090300813559223,7.468573700555461,7.944525272192941,7.809742020131736
A0A291I5R3,5.457016450346639,6.17934790762416,5.659882320116149,6.552551165983952,5.456969568479576,5.861153482510096
A8WCU3,7.398624538323515,7.472208477022064,7.41438399571788,7.533164725526829,7.398656394285869,7.443407626175232
A4VMZ0,7.43947688550513,7.343218838787211,7.739385465679908,7.45722005382672,7.439494922218053,7.483759233203403
P17050,4.745528464291778,4.949430026696843,4.871528397372866,5.374059942082545,4.324320939438539,4.852973553976515
C4M2I2,7.791562980031979,7.844476714202177,7.859936071676444,7.504884984245083,7.725267360721407,7.745225622175418
A0A143G976,8.267743678064484,8.361948119669213,8.567307543951225,7.904480454882141,8.257891327859017,8.271874224885215
P53555,8.9745609441755,8.830719774685,8.94942099954588,8.316275618944033,9.111764800619461,8.836548427593975
A0A221LFZ6,4.558865232788957,4.564746547917046,4.6261088168714934,4.784367248022619,4.319743310333036,4.57076623118663
Q90WX1,7.532072751792774,7.504643260349719,7.531070021102701,7.504521617148301,7.537220836232306,7.5219056973251615
E5F146,7.480663802596556,7.429011152740393,7.480678683549715,7.280697694509594,7.4806800722651285,7.430346281132278
Q9KPS2,7.829999921728814,7.829999917681928,7.829999948397317,7.829999589113302,7.829999884946148,7.829999852373502
A0A545BBR2,7.377569003497547,7.629939879721647,7.588869893285546,8.137927415159528,7.718161591779777,7.69049355668881
Q9Z2A5,7.231888064124649,7.449582227730841,7.24475868120119,7.270786906739935,7.229354486663508,7.285274073292025
Q1ENB6,7.499951426057084,7.502087686421149,7.694314059826879,7.452655687612787,7.639938342574518,7.557789440498484
S4VCH4,7.613450564833635,7.408175260318915,7.936940982870952,6.791537782530792,7.68022899272748,7.486066716656355
U5RZT9,6.235873432308508,6.639998740516339,6.235428504332638,6.884858145039689,6.363149227493218,6.471861609938078
A9W9U6,7.837686742616732,7.78635022962224,7.8373048854610445,7.812409283723266,7.6962291737870645,7.79399606304207
O50123,7.571471818332537,7.6493417070118745,7.932438166934768,7.569468068933115,7.809792734155928,7.706502499073645
H6BG92,7.567664075746673,7.401368049919467,7.390571604058235,7.329713411741329,7.598897941383604,7.457643016569861
A0A075B5G4,7.664304189202527,7.555837036102584,7.965970623011797,7.101166803993343,7.8848992109106995,7.634435572644191
Q6QLL4,7.400000000000002,7.20892691969415,7.365103619056895,7.184507181512649,7.366263471001115,7.304960238252963
Q70KY3,3.68905556754215,3.715306428987958,3.6882580886899707,4.386199056972395,3.4625229138900595,3.7882684112165066
A8CF65,8.023380146960863,8.02096599519032,8.12500752015071,8.024230367980902,8.161733034784872,8.071063413013533
Q70DK5,6.17185072624068,6.154368017313555,5.637461915494392,6.155823719480674,6.226288128134278,6.069158501332716
Q93X46,7.840485655382186,7.744626183992853,7.635884621333861,7.752646074305275,7.8588620816599635,7.766500923334827
Q9P8H5,4.677823610305104,4.854272220930223,4.805105241920352,5.574358092036329,4.805173089842399,4.943346451006882
O96437,8.171353116982925,7.496922815074983,8.497049989573684,7.7322028887930685,8.250178452113587,8.02954145250765
V9SDP6,7.509691967889172,7.2744417112110495,7.036859540627232,7.064517164379281,7.482449379481428,7.273591952717633
O48709,7.279142837363882,7.315618153621164,7.222651764248211,7.396329397247273,7.285234399464931,7.299795310389092
Q7YT62,7.84051857584329,7.751660428259274,7.859688633774918,7.621410818686865,7.860188693306739,7.786693429974217
A4CYJ9,7.456560832468219,7.269140530426176,7.441827967679831,7.149673641538245,7.441877517432181,7.35181609790893
Q4W1X2,7.195962768759825,7.49969874144562,7.180467897005635,7.604889736381928,7.196122059545407,7.335428240627683
P55211,7.1753640797659575,7.278371518682399,7.420939335625281,7.35460692899911,7.268582349206836,7.299572842455918
A0A140JW76,7.555225672006739,7.4898062709720925,7.466214661300004,7.6440340354211385,7.640969109751461,7.559249949890287
C0IRI0,5.888592272463679,5.6849071903666735,5.9595385559714025,5.793970579189721,5.803487518592529,5.826099223316801
A0A165QBG6,7.654152363106609,7.593791600177512,7.569752639085638,7.189848232578679,7.421134521762696,7.485735871342226
Q9M0B6,7.296865686167149,7.587806812545931,7.391118760075419,7.728304914045604,7.449851386253941,7.490789511817608
Q9X6Z2,8.71975661341865,9.302757398768833,9.293475243083712,8.77580919849356,8.853448794686434,8.989049449690238
O33707,7.734225657347725,7.620031182178188,7.734220529132048,7.434761196172469,7.734172916614218,7.65148229628893
B3VI58,7.376342566359459,7.300049831728695,7.428718669778582,7.369626917810752,7.4531183107990335,7.385571259295304
Q9KZL0,7.142314839256171,7.136757352465208,7.09932842795609,7.5616466413889345,6.9645520854175444,7.1809198692967895
P03697,7.717722198434714,7.778131111036621,7.859168527760497,7.224554587766827,7.859085526407578,7.687732390281246
C7FF04,6.405712459030334,6.364753698633332,6.35494163779054,5.942566563313481,6.047650221673572,6.223124916088251
O35795,7.194911266593817,7.338534055762324,7.194857334671772,7.186016300818222,7.279304024893957,7.238724596548019
O95237,7.135404735304828,7.1397287161902625,7.13551105738058,7.633325424627306,7.071481773116687,7.223090341323932
O67379,7.143171315006171,7.10314899628752,7.4850141523600655,7.237378892963543,7.143252937948146,7.2223932589130895
Q9LJH5,7.503305908678689,7.361418342823113,7.503247958417585,7.449684400385451,7.402325365300504,7.443996395121069
P15334,7.713331249348313,7.813578239913728,7.934247593739521,7.7783340826968175,7.881693623684776,7.82423695787663
P94531,5.807588563946471,5.923182256896882,5.864096617212236,6.432455332325593,5.827598282902461,5.970984210656729
F4NCC3,7.672588117903518,7.750354189263202,7.527900702794762,7.604569303962312,7.793456413453479,7.669773745475455
O93634,7.330136149557443,7.6921552332196415,7.7355117871167245,7.647430702354065,7.561286849559589,7.593304144361492
A0A3Q1MJ30,7.460162731695206,7.461089984906037,7.448163217875669,7.404897751154311,7.459642283780586,7.446791193882362
P0A9G6,7.715389880334874,7.7111497568366,7.940588805941737,7.971285607400313,7.822813287626329,7.832245467627972
P55212,7.140899405332143,7.208438858283009,7.273763248682069,7.422218123890133,7.1339707718638286,7.235858081610236
A3GHR6,6.361329549928957,6.559229360635165,6.334499588537499,6.8308772066990695,6.361115559847555,6.48941025312965
C6XY24,6.6180101366691915,6.8861239312038816,6.617889510516745,6.685460443439951,6.618019665852544,6.685100737536463
P51182,7.908580249151373,8.01722475706477,7.921267713208223,7.8376377136586814,7.977075393867024,7.932357165390014
P43099,6.259385924488037,6.393965281365022,6.000391447255362,6.950589384214692,5.799406799911491,6.280747767446921
Q9VRQ9,7.218290806602774,7.256342951142477,7.255651694862053,6.595729335217834,7.255608831026406,7.116324723770309
O22975,6.86743705003538,7.285608470302694,6.926322503202766,7.4739918914289305,7.009271997867106,7.112526382567376
Q6RHY1,5.947219155836829,5.843380377601507,5.8544498683892545,5.817173991228721,5.860066173889251,5.864457913389113
Q6LFH8,8.392309647592134,8.363226106206366,8.520351612671137,8.37316958419321,8.526492583518117,8.435109906836193
Q55145,7.848591699628558,7.64461035680264,7.870751135630856,7.612622291660717,7.759784465112604,7.747271989767076
A0A0K2X0F2,7.766106994208477,7.762112935434112,7.766069845033732,7.589747398593913,7.94610588334177,7.766028611322402
Q3HL75,6.739719537243829,6.96974990937801,6.917447122909431,7.273440273780707,6.879184359874834,6.955908240637362
Q9HXT9,7.818599528913875,8.068952928345967,7.756159844257704,8.017837428937089,7.817619710535568,7.895833888198041
C3MC80,7.69585060513002,7.87155040346587,7.889757916885797,7.9450574881015585,7.757978580603566,7.832038998837362
P77978,7.37799375587908,6.946912518254357,7.653320782416561,7.007421761692026,7.5542058848516636,7.307970940618738
P21170,7.835245558888584,7.764334821631523,7.739043141977962,7.656868978571656,7.7800507959373375,7.7551086594014125
Q4QEZ7,7.478044849779202,7.466018888234169,7.248903415056755,7.7091129034412145,7.3976300055947455,7.459942012421218
B3GNT7,7.40353866170509,7.404535055783506,7.398429190524923,7.374422624263959,7.385549795359343,7.393295065527364
A8CF76,7.534065587051506,7.603089376982129,7.521896350892341,7.535762797739937,7.545709319948709,7.548104686522924
P30749,7.555635292564211,7.707116441690651,7.526386660300542,7.577578539766159,7.584623197652467,7.5902680263948055
Q8BH86,7.62430783704671,7.827928508322137,7.62435826807812,7.6283131018022905,7.735652559092165,7.688112054868284
Q5E9F2,7.420639135200693,7.409143196647232,7.381731402198497,7.508720419871423,7.420542456191793,7.428155322021928
G1EHI3,7.837256242579177,7.737100231816255,7.486353353260308,7.711814245669351,7.850499218303226,7.7246046583256645
A8INZ7,7.557155318505967,7.478426794929567,7.511625463665171,7.355330580449766,7.5115823357911005,7.482824098668314
B8YAC9,7.612721161355856,7.6622107446581476,7.383632125676934,7.842630285004493,7.228989093785872,7.54603668209626
Q88IJ7,7.8354177778948335,8.521014351102624,8.610822108240642,7.928356561053367,8.61082149494816,8.301286458647926
A0A1L1YPD7,7.510045568508839,7.491459738872855,7.45822225165532,7.559036822559367,7.4423096884446,7.492214814008196
F5HPS1,7.581616116843184,7.567738872733022,7.6313050230185535,7.487916695150447,7.637600132723862,7.581235368093813
Q3L8N0,7.445519761194387,7.449417949624618,7.710635226773188,7.232553170239832,7.571112827977241,7.481847787161852
O87872,7.4388393723923,7.491915142701123,7.439054828173341,7.422839729833475,7.439056641041235,7.4463411428282935
Q3C1A6,8.321120211235565,8.493603565870202,7.981614973874745,8.356469538836796,7.9817260213613075,8.226906862235722
Q1KLC8,7.255783236238601,7.252737509836356,7.327476805181365,6.995015214971539,7.255384576227444,7.2172794684910615
Q59971,7.638089267144173,7.716947475699797,7.606149609419248,7.664819159624998,7.63809779371153,7.652820661119949
Q93V61,6.758285878932593,6.887862933317934,6.758221993940478,7.11508343766372,6.9978055028115085,6.903451949333247
Q53U20,7.500334219490809,7.4914485070800865,7.436035025992766,7.680034131349447,7.50033560675483,7.521637498133588
B6UYJ2,7.312094308708998,7.504664900101488,7.312072000140104,7.228018882595391,7.1936773748103775,7.310105493271271
O00767,7.526353359664146,7.479564501813816,7.524021725250425,7.516022995512135,7.523965754743921,7.513985667396888
P79074,4.7405878044223435,4.572589862735431,4.846727188223806,5.091636277245697,4.570667520239163,4.764441730573288
C0LZJ6,5.9960480236966,5.999898263526482,6.3732601557008515,6.211707761423525,5.882075479139139,6.092597936697319
Q6Q271,8.062022699499707,8.33635093081046,7.861784604399955,8.107761001930887,7.929812988178465,8.059546444963894
P98060,7.82857496192958,7.85889470498562,7.828559086467268,7.6127332989026675,7.645528532893886,7.754858117035805
Q8NQE1,8.020621263332606,8.21518886400366,7.853464516790736,7.965242517387183,7.914193548509142,7.993742142004665
D8KIT5,7.431372536635813,7.4996072992802905,7.402416736647983,7.2979776520758515,7.262202413054647,7.3787153275389175
P95868,5.500000334175063,5.5000005061826585,5.500000248185499,6.886777430154141,5.50000031565603,5.777355766870679
Q57872,7.411653488990048,7.574754332747354,7.450724572048646,7.632297577429938,7.450631955866741,7.504012385416546
A0A141NXG8,6.286361743478172,6.391898781879828,6.319829248860682,6.873860728017162,6.524209895450956,6.4792320795373595
Q7X2D3,7.5516084372482055,7.5769206862611895,7.731164790600954,7.7846563178018,7.7151534821606935,7.671900742814569
A0A120MXM3,7.594196098554945,7.6061560528415075,7.806990760168818,7.661371463774133,7.655553930749466,7.664853661217774
P26997,7.601913559879346,7.625125075605308,7.807553825168736,7.9708555063254645,7.331863964180867,7.667462386231944
Q93EN4,6.488554853134671,6.617242129000273,6.436094331316437,6.674524813615081,6.439913403729863,6.531265906159264
W8DVW0,7.766261011856092,7.814077879166278,7.695305736921631,7.637430651592574,7.918081152520703,7.766231286411456
A0A0C5QH30,7.070488938245167,7.228544315779171,7.137979203536422,7.220812197672784,7.2804925297479155,7.187663436996291
P18440,7.335181791456056,7.502313385750021,7.391110416057614,7.496935561698732,7.374126862172718,7.419933603427028
U5XYA0,7.638683812992875,7.689796909236322,7.749555551740787,7.649248995055291,7.669823453591406,7.679421744523337
Q8PYZ8,7.620494824747743,7.611168509596483,7.827318096296788,7.815580999192611,7.620485869352735,7.699009659837273
Q9C1S7,5.102709561043052,5.242361344820733,4.844892598791257,4.962991717105576,5.090864433030228,5.048763930958169
Q9RJ84,7.5089057154795515,7.647138537899315,7.496365112772632,7.714575128253721,7.310067890420738,7.5354104769651915
D3GGN3,4.621927115737886,5.0295154004684255,4.50116392227123,5.346518895295607,4.599329484805759,4.819690963715781
Q94F00,7.7698019036689745,7.887700998114486,8.133251042937962,7.751363515571231,7.9870675836623395,7.905837008790999
Q9NY33,7.52167582209506,7.505573706786831,7.541671311529444,7.453472419757048,7.457789304803834,7.4960365129944435
P20960,7.539301181422641,7.499999905552533,7.5000000602335595,7.499999971571008,7.500000144686412,7.507860252693232
Q80A54,6.5081137505929885,7.063150096573466,6.4670813305330235,6.916783137868089,6.899710358590875,6.770967734831688
O73939,7.2654220897302615,6.973670639690059,6.862494007539334,7.352242775561376,6.846784279594925,7.060122758423191
Q9QZL2,6.639551138818201,6.565422528484835,6.629379694504833,7.0704259184641005,6.639560313073167,6.708867918669027
